tree
version=v4
num_class=1
num_tree_per_iteration=1
label_index=0
max_feature_idx=7
objective=regression
feature_names=hurst_60d momentum_20d calmar downside_vol capture_up capture_down bias_60d etf_flow_slope_5d
feature_infos=[0.56849623425397167:1] [-21.711049284578689:40.867482703565727] [-4.1999999999999993:151.60333878332418] [0:0.37892743625613279] [-0.67457385535861736:3.3672402835204718] [-1.3534670815062526:2.5671821865073849] [-26.274216943602685:62.815676457634474] [-0.23337836802296266:0.1948447463341971]
tree_sizes=2893 2928 2919 2927 2931 2924 2951 2941 2933 2944 2930 2951 2945 2949 2943 2931 2940 2937 2936 2952 2936 2956 2952 2964 2956 2962 2936 2946 2971 2960 2957 2965 2967 2977 2976 2991 2975 2972 2976 2969 2993 2984 2975 2986 2978 2970 2962 2981 2978 2969 2969 2959 2986 2984 2995 2963 2991 2968 2959 2964 2970 2967 2943 2945 2960 2947 2970 2953 2967 2962 2958 2942 2949 2956 2951 2990 2964 2991 2961 2933 2949 2945 2950 2938 2952 2956 2930 2924 2958 2961 2937 2949 2955 2913 2947 2939 2966 2990 2942 2908 3015 2942 2965 2958 2932 2993 2962 2960 2924 2939 2941 2935 2956 2970 2931 2970 2960 2983 2980 2969 2951 2957 2988 2956 2964 2957 2963 2955 2958 2946 2961 2947 2968 2944 2965 2966 2954 2942 2944 2947 2948 2947 2948 2964 2948 2962 2963 2945 2943 2967 2934 2945 2944 2954 2986 2965 2954 2958 2988 2941 2961 2957 2922 2980 2956 2955 2952 2958 2983 2974 2959 2930 2959 2954 2942 2946 2946 2962 2966 2918 2936 2977 2959 2917 2955 2949 2983 2962 2943 2971 2948 2933 2951 2950 2971 2932 2947 2951 2981 2951

Tree=0
num_leaves=31
num_cat=0
split_feature=4 6 4 3 1 3 3 6 4 0 6 3 0 0 6 4 1 2 6 4 4 1 3 3 4 4 1 1 0 4
split_gain=79.7313 11.0769 9.62789 2.76961 2.14523 1.7923 1.12132 1.44514 0.824065 0.791996 0.791649 0.731679 0.652891 0.637219 0.567502 0.533969 0.470911 0.464911 0.394686 0.356307 0.314998 0.314386 0.314254 0.281391 0.281044 0.279319 0.235051 0.219435 0.296451 0.247453
threshold=0.8841799529827824 11.648159130425309 0.420417807995976 0.057678403221613724 11.998161745214643 0.14620850957637757 0.1414163964131481 -15.584829422044189 -0.022696147651931047 0.71659916935277324 -10.371447684052635 0.14316195246993216 0.79624360778455883 0.77982216449742336 -0.48681723835014939 2.5015912564931599 -1.5837034425468408 -2.1422070179231558 40.849447649465411 1.1357271434253546 1.4224562715186628 -10.806651678334982 0.2107150798414176 0.19766459704845221 0.67117831059377719 0.20418078120712699 20.062699863120972 0.57888422980743048 0.77042293193047218 0.67117831059377719
decision_type=2 2 2 2 2 2 2 2 2 2 2 2 2 2 2 2 2 2 2 2 2 2 2 2 2 2 2 2 2 2
left_child=2 5 3 -1 20 19 24 -8 11 18 -7 -5 14 21 -12 -11 -15 -9 26 -2 -3 -10 27 -16 -4 -23 -6 28 -19 -29
right_child=1 4 6 8 9 10 7 17 13 15 12 -13 -14 16 23 -17 -18 22 -20 -21 -22 25 -24 -25 -26 -27 -28 29 -30 -31
leaf_value=-0.014868674768235807 -0.018632274054770095 -0.021338682246558868 -0.015752203308410536 -0.011266759708129731 -0.024997043760296152 -0.012338651554481495 -0.0077108755297997968 -0.01682093728898899 -0.016087430681198958 -0.026425361185638607 -0.018582566325542817 -0.006637434284373963 -0.023869061939765519 -0.012303624985144208 -0.021272372176087607 -0.02910916915886258 -0.009207809564807632 -0.018231373482485404 -0.022352235610980709 -0.020649476980690896 -0.023802019257518254 -0.012364889415351049 -0.022634633589284005 -0.023243782037416852 -0.017187686411688045 -0.013956416133185909 -0.02706183189098043 -0.015477931293134798 -0.021286878898434364 -0.019660861767381348
leaf_weight=1393 893 146 702 551 502 22 28 151 91 556 162 101 324 341 693 278 192 128 111 290 1168 657 91 245 663 475 190 64 209 79
leaf_count=1393 893 146 702 551 502 22 28 151 91 556 162 101 324 341 693 278 192 128 111 290 1168 657 91 245 663 475 190 64 209 79
internal_value=-0.0186428 -0.0229303 -0.0145988 -0.0130941 -0.025033 -0.0205701 -0.0173028 -0.018856 -0.0120676 -0.0262408 -0.021751 -0.0105496 -0.0218964 -0.0126312 -0.0213153 -0.02732 -0.0111884 -0.0192882 -0.02512 -0.0191268 -0.0235283 -0.01326 -0.0199407 -0.0217873 -0.0164494 -0.0130327 -0.025564 -0.0194299 -0.0201263 -0.0177888
internal_weight=11496 5580 5916 3801 2951 2629 2115 750 2408 1637 1446 652 1424 1756 1100 834 533 722 803 1183 1314 1223 571 938 1365 1132 692 480 337 143
internal_count=11496 5580 5916 3801 2951 2629 2115 750 2408 1637 1446 652 1424 1756 1100 834 533 722 803 1183 1314 1223 571 938 1365 1132 692 480 337 143
is_linear=0
shrinkage=1


Tree=1
num_leaves=31
num_cat=0
split_feature=4 4 4 2 1 3 3 5 4 0 5 3 0 3 1 4 4 0 1 5 1 2 2 1 1 2 1 0 1 1
split_gain=71.9575 9.51589 8.69119 2.43336 2.10618 1.59779 1.1216 1.21135 0.879232 0.751265 0.698907 0.68902 0.63968 0.635765 0.574197 0.455419 0.410214 0.408301 0.359046 0.332217 0.328295 0.305501 0.258181 0.411266 0.252979 0.230316 0.226341 0.319205 0.213387 0.206502
threshold=0.8841799529827824 1.4224562715186628 0.4474637760666309 -0.44914632991570702 11.784686335769702 0.14620850957637757 0.1414163964131481 1.9945432096172035 -0.022696147651931047 0.71659916935277324 1.8698268892063374 0.14316195246993216 0.78137308596253507 0.18464230881975094 -0.75123558389213463 2.5015912564931599 1.1006263498200439 0.74901300083508693 -0.26342605322405283 0.66980801719216876 0.57888422980743048 44.125772477800489 -2.9754157257631468 -9.7316769955321227 -0.88031213965201183 -0.89220875886496498 6.8284655487974026 0.73647539394039552 19.519039606222005 4.0691524372502021
decision_type=2 2 2 2 2 2 2 2 2 2 2 2 2 2 2 2 2 2 2 2 2 2 2 2 2 2 2 2 2 2
left_child=2 5 3 8 14 16 24 17 11 19 13 -1 22 -7 -3 -11 -2 25 -14 21 -19 -6 -10 -24 -4 -8 27 -15 -21 -5
right_child=1 4 6 29 9 10 7 -9 12 15 -12 -13 18 26 -16 -17 -18 20 -20 28 -22 -23 23 -25 -26 -27 -28 -29 -30 -31
leaf_value=0.0069352541280141913 3.022403596779046e-05 0.0002950342901950253 0.0029094397996245981 0.0032059421646612979 -0.0022953432219448302 -0.0023653107577994693 0.0028103551379234722 0.010653217462822795 0.0057461048970597565 -0.0074538801997495853 0.0018953099057615699 0.011405094513798704 0.0063122665846605452 -0.0019352443182326267 -0.0047884201337919773 -0.0099496812990275772 -0.0018671102905610691 -0.0022117783149279589 0.0094289085201796942 -0.0059430014263732889 0.0017921687823511123 -0.00875971545667752 0.00076187893673444968 0.0047624448807099201 0.0014887252754661831 -0.00031496609376037714 -0.0073485932493610176 -0.0049632194249724032 -0.0078374459119555772 0.0069527444650272011
leaf_weight=589 848 58 526 1140 89 718 93 24 669 530 67 101 381 114 1315 279 429 387 122 454 59 23 70 781 775 161 67 368 221 38
leaf_count=589 848 58 526 1140 89 718 93 24 669 530 67 101 381 114 1315 279 429 387 122 454 59 23 70 781 775 161 67 368 221 38
internal_value=-2.49711e-11 -0.00407316 0.00384183 0.00522436 -0.00600948 -0.00187135 0.0011853 -0.000392113 0.0060483 -0.00724466 -0.00308152 0.00758954 0.00552261 -0.0033447 -0.00457368 -0.00831461 -0.000607173 -0.00077081 0.00706819 -0.0061448 -0.00168211 -0.00362285 0.00501115 0.00443337 0.00206313 0.000829344 -0.00462557 -0.00424706 -0.00656326 0.00332681
internal_weight=11496 5580 5916 3891 2969 2611 2025 724 2713 1596 1334 690 2023 1267 1373 809 1277 700 503 787 446 112 1520 851 1301 254 549 482 675 1178
internal_count=11496 5580 5916 3891 2969 2611 2025 724 2713 1596 1334 690 2023 1267 1373 809 1277 700 503 787 446 112 1520 851 1301 254 549 482 675 1178
is_linear=0
shrinkage=0.05


Tree=2
num_leaves=31
num_cat=0
split_feature=4 6 4 3 1 3 3 6 5 4 2 6 3 3 4 1 2 4 4 6 1 3 4 1 1 2 4 3 2 1
split_gain=64.9416 9.0652 7.8595 2.29403 1.7458 1.46265 0.914586 1.22849 0.792453 0.665068 0.623936 0.666628 0.621434 0.594931 0.334966 0.323973 0.301614 0.301485 0.291041 0.290808 0.27013 0.251563 0.215875 0.208071 0.188958 0.172112 0.157796 0.157499 0.156354 0.15558
threshold=0.8841799529827824 11.648159130425309 0.420417807995976 0.057678403221613724 11.998161745214643 0.14620850957637757 0.14881667895182216 -15.584829422044189 1.8698268892063374 -0.022696147651931047 34.779572431216415 36.660612827665794 0.1917452523148018 0.14316195246993216 2.424019320934367 2.6010087743194359 -2.1422070179231558 0.29787615695266917 1.1357271434253546 -4.9358023965360251 0.57888422980743048 0.17352074645322579 1.6738073841418732 -1.0174521222445663 19.519039606222005 -0.6890324997567977 0.68322729571133223 0.28598768452317463 0.5034357912927635 5.9711202358687885
decision_type=2 2 2 2 2 2 2 2 2 2 2 2 2 2 2 2 2 2 2 2 2 2 2 2 2 2 2 2 2 2
left_child=2 5 3 -1 21 18 19 -8 12 13 11 24 -7 -5 -12 17 -9 23 -2 -4 -18 22 -3 -11 -6 -14 29 -10 -17 -22
right_child=1 4 6 9 10 8 7 16 27 15 14 -13 25 -15 -16 28 20 -19 -20 -21 26 -23 -24 -25 -26 -27 -28 -29 -30 -31
leaf_value=0.0033941713158841522 1.6452840530099235e-05 -0.0025892751557376986 0.0037822468066797082 0.0066604722642378648 -0.0062823450765958277 -0.0022014309834709938 0.0099113994544105868 0.001344858950862878 -0.00084649052372888522 0.0054288113050008843 -0.0067365675722018325 -0.0032436572557013607 -0.0021942883217259527 0.010834839910563858 -0.0089428766897350701 0.0093865364050007855 -0.0019977791622190866 0.0041119841668906688 -0.0018066650342421029 0.0016404372940432865 0.005187203931012031 -0.0050321133658497745 -0.0045209545794817878 0.0074319027544024604 -0.0083105137730215464 -0.0047241024369874957 -0.0010450068840968851 0.0033239973954290953 0.0044908028927498631 7.9992658795853118e-06
leaf_weight=1393 893 266 181 551 619 787 28 131 38 1098 303 176 78 101 398 73 382 417 290 1274 29 731 317 147 141 487 61 56 21 29
leaf_count=1393 893 266 181 551 619 787 28 131 38 1098 303 176 78 101 398 73 382 417 290 1274 29 731 317 147 141 487 61 56 21 29
internal_value=-1.31223e-11 -0.0038695 0.00364973 0.00500917 -0.00577169 -0.00173434 0.0012066 -0.000337183 -0.00280107 0.00594343 -0.00686126 -0.00601649 -0.0031097 0.00730712 -0.00798922 0.0054371 -0.000791234 0.00527558 -0.000430465 0.00190688 -0.00134977 -0.00441428 -0.00363961 0.00566532 -0.00665862 -0.00437485 0.000730382 0.00163806 0.00829281 0.0025976
internal_weight=11496 5580 5916 3801 2951 2629 2115 660 1446 2408 1637 936 1352 652 701 1756 632 1662 1183 1455 501 1314 583 1245 760 565 119 94 94 58
internal_count=11496 5580 5916 3801 2951 2629 2115 660 1446 2408 1637 936 1352 652 701 1756 632 1662 1183 1455 501 1314 583 1245 760 565 119 94 94 58
is_linear=0
shrinkage=0.05


Tree=3
num_leaves=31
num_cat=0
split_feature=4 6 4 6 1 0 6 4 4 0 1 5 4 0 6 1 6 2 2 2 4 0 2 5 4 4 1 0 1 1
split_gain=58.6098 8.18925 7.09399 2.09368 1.70413 1.0334 0.795188 0.668288 0.66399 0.605473 0.594633 0.406821 0.396146 0.373046 0.789081 0.320422 0.319038 0.313789 0.283427 0.276707 0.272696 0.236193 0.233405 0.223575 0.21925 0.201369 0.183705 0.1999 0.178304 0.176043
threshold=0.8841799529827824 11.107137050582834 0.4474637760666309 -1.3341386710520027 11.998161745214643 0.81666059307884431 -16.731352277925691 -0.022696147651931047 1.0915175409131892 0.71659916935277324 0.067559830014563019 1.8698268892063374 2.5015912564931599 0.77645749886041981 -0.70476984698404277 -8.4646592143588517 40.849447649465411 -2.8427844645499669 7.7279086170463769 -0.89220875886496498 1.4224562715186628 0.7484084752932213 12.089759173637484 0.37131151516237476 0.66038647936187644 1.009849503012225 3.9605041590205508 0.8045422603626935 20.062699863120972 6.8284655487974026
decision_type=2 2 2 2 2 2 2 2 2 2 2 2 2 2 2 2 2 2 2 2 2 2 2 2 2 2 2 2 2 2
left_child=2 5 3 7 20 8 -4 17 15 16 -9 22 -11 19 -15 -2 28 -1 -17 -8 -3 -12 29 -19 -16 -7 -5 -28 -6 -10
right_child=1 4 6 26 9 25 13 10 11 12 21 -13 -14 14 24 18 -18 23 -20 -21 -22 -23 -24 -25 -26 -27 27 -29 -30 -31
leaf_value=0.0063613150080540515 0.0049567871313128207 -0.0023745641612665769 0.0097550528123974811 0.0029268385676189572 -0.0054492412348433085 -0.0035735977188933914 0.0028164997135215245 0.0047896434594509613 -0.0025544483092496749 -0.0066950063331709282 0.0036175112109631301 0.0013481342952839936 -0.0090066496296216259 -0.0015091291347801117 0.004776922392014128 -0.0012762178947967682 -0.0030543110029234949 0.0066727528993326887 0.00031283350823987742 0.0010469448208261104 -0.0044210989096668193 0.0089378137318860927 -0.00090937322841467638 0.011000992315156119 0.0012466203492936879 -0.0066663054121739191 0.0025963088043499741 0.0094312049124551864 -0.0072466130254293902 -0.0055283186579439441
leaf_weight=568 27 188 26 1217 504 123 273 1790 815 556 25 79 278 367 65 618 111 52 514 1158 1213 126 219 70 136 92 20 23 190 53
leaf_count=568 27 188 26 1217 504 123 273 1790 815 556 25 79 278 367 65 618 111 52 514 1158 1213 126 219 70 136 92 20 23 190 53
internal_value=1.46516e-11 -0.00367603 0.00346725 0.00471631 -0.0054269 -0.00158049 0.0010672 0.00551894 -0.00127381 -0.0065214 0.00504382 -0.00211623 -0.00746555 0.000954205 -0.000129947 -0.000426292 -0.00554323 0.00685548 -0.000554687 0.00138453 -0.00414647 0.00805697 -0.00236801 0.00915617 0.00238826 -0.00489699 0.00304032 0.00625218 -0.00594132 -0.00273603
internal_weight=11496 5580 5916 3891 3040 2540 2025 2631 2325 1639 1941 1166 834 1999 568 1159 805 690 1132 1431 1401 151 1087 122 201 215 1260 43 694 868
internal_count=11496 5580 5916 3891 3040 2540 2025 2631 2325 1639 1941 1166 834 1999 568 1159 805 690 1132 1431 1401 151 1087 122 201 215 1260 43 694 868
is_linear=0
shrinkage=0.05


Tree=4
num_leaves=31
num_cat=0
split_feature=4 6 4 3 1 3 6 3 5 0 3 3 0 2 1 1 6 1 0 6 2 4 1 2 6 0 6 6 0 4
split_gain=52.9088 8.7031 4.96001 1.88986 1.56383 1.48115 0.667937 0.868011 0.641531 0.577256 0.601472 0.568713 0.546439 0.468571 0.368987 0.357627 0.336885 0.334091 0.333573 0.290924 0.274378 0.268275 0.236779 0.224695 0.245545 0.282367 0.221473 0.196407 0.196162 0.204541
threshold=0.81607619972752321 11.107137050582834 0.420417807995976 0.057678403221613724 11.998161745214643 0.14541185030125511 -16.731352277925691 0.14881667895182216 1.8698268892063374 0.75056905156790332 0.13154755467262022 0.18924697652009234 0.71659916935277324 -2.9754157257631468 -8.0496791439889517 19.519039606222005 5.1615356073179095 -9.7316769955321227 0.73647539394039552 37.352031179024387 36.932529281100734 1.4224562715186628 0.067559830014563019 -2.182673986645685 -0.59210388493649513 0.74901300083508693 -4.5427338062014195 -4.1488635711895485 0.73540164306058708 0.67117831059377719
decision_type=2 2 2 2 2 2 2 2 2 2 2 2 2 2 2 2 2 2 2 2 2 2 2 2 2 2 2 2 2 2
left_child=2 5 3 -1 21 16 -4 27 11 13 22 -7 19 -5 -12 -14 -2 -15 26 -6 -21 -3 -11 -9 25 -25 -13 -8 -26 -30
right_child=1 4 6 9 12 8 7 23 -10 10 14 18 15 17 -16 -17 -18 -19 -20 20 -22 -23 -24 24 28 -27 -28 -29 29 -31
leaf_value=0.0030565784261503016 0.0009136607110161373 -0.0022019605839084717 0.0091122239690136029 0.0054531777483442807 -0.0058435063553804959 -0.0017864252530557412 0.0032316458784140802 0.0014558217596407665 0.0016791465894683548 0.0050142176951430079 0.0055157474537069606 0.0033064700197428468 -0.0063121774093610325 0.00024555561707750189 0.0090740231808838483 -0.0084664904975813408 -0.0007189226749015475 0.0040358710526412385 -0.0043927057966960913 -0.002551510596489595 -0.0064503842062549671 -0.004200044011234391 0.0077000699277050451 0.0016374445956279624 -0.0015989266995430542 -0.0026049660017342219 -0.0024174953625433859 0.0015979561247851108 0.0054370501784212662 -0.00043104167195485424
leaf_weight=1393 508 195 27 850 588 846 225 106 92 565 105 20 532 66 238 302 836 488 482 153 64 1213 96 47 44 237 109 1009 33 27
leaf_count=1393 508 195 27 850 588 846 225 106 92 565 105 20 532 66 238 302 836 488 482 153 64 1213 96 47 44 237 109 1009 33 27
internal_value=-2.04893e-11 -0.00328057 0.0035073 0.00452242 -0.00514545 -0.00131641 0.00130873 0.0011868 -0.00237024 0.0053704 0.00628587 -0.00262593 -0.00619533 0.00471575 0.00798476 -0.00709228 -0.000101845 0.00358432 -0.00378832 -0.00526607 -0.00370141 -0.00392332 0.0054043 -0.000584349 -0.00114171 -0.00190288 -0.00153006 0.00189583 0.000936844 0.00279641
internal_weight=11496 5940 5556 3801 3047 2893 1755 1728 1549 2408 1004 1457 1639 1404 343 834 1344 554 611 805 217 1408 661 494 388 284 129 1234 104 60
internal_count=11496 5940 5556 3801 3047 2893 1755 1728 1549 2408 1004 1457 1639 1404 343 834 1344 554 611 805 217 1408 661 494 388 284 129 1234 104 60
is_linear=0
shrinkage=0.05


Tree=5
num_leaves=31
num_cat=0
split_feature=4 4 4 3 2 3 3 2 1 0 3 5 3 2 1 1 1 4 1 5 5 0 1 4 4 1 1 2 2 4
split_gain=47.8036 6.35023 5.77166 1.70619 1.46275 1.12986 0.735227 0.78804 0.58858 0.532497 0.52819 0.465748 0.442441 0.421632 0.336685 0.30199 0.298854 0.294835 0.293639 0.438037 0.255257 0.238341 0.221984 0.217326 0.216211 0.20876 0.189022 0.201503 0.186875 0.175915
threshold=0.8841799529827824 1.4224562715186628 0.420417807995976 0.059980107793122628 34.779572431216415 0.14620850957637757 0.1414163964131481 -2.6522581620433257 1.6234677480219897 0.75056905156790332 0.13154755467262022 1.8698268892063374 0.18464230881975094 -2.9754157257631468 -5.9204042186204999 -9.7316769955321227 3.2350219021519804 2.3540300907080103 11.784686335769702 0.80099964511031041 1.9945432096172035 0.77396890791042927 0.067559830014563019 0.26039393299010843 0.67117831059377719 0.57888422980743048 19.519039606222005 12.773524750609491 -0.37085592453497923 0.29787615695266917
decision_type=2 2 2 2 2 2 2 2 2 2 2 2 2 2 2 2 2 2 2 2 2 2 2 2 2 2 2 2 2 2
left_child=2 5 3 -1 8 16 24 20 -3 13 22 12 -7 -5 23 -15 -2 -6 -10 -20 -8 28 29 -12 -4 -23 27 -21 -9 -11
right_child=1 4 6 9 17 11 7 21 18 10 14 -13 -14 15 -16 -17 -18 -19 19 26 -22 25 -24 -25 -26 -27 -28 -29 -30 -31
leaf_value=0.0029253397759722508 0.00025966566523260318 -0.00071257391885795574 0.0023402754234145822 0.0051889682975514032 -0.0055681114666281152 -0.0019366976316042362 0.0025946960185242239 0.0016654050635008305 -0.0039418179367975365 0.0052586299858805637 0.0071740033500827848 0.0015238564329416449 -0.0038222455855150233 0.00023327783728194793 0.0088017675755806615 0.0038386741128494228 -0.0012732188720620983 -0.0076168194305724834 -0.0028393103571566648 -0.0088561850524431964 0.0086816230944047387 -0.0022071111311198076 0.0073956146703934985 0.0029455904183643207 0.0010812041904404777 0.0016436974541284143 -0.0073610127354457756 -0.0050461657245917607 -0.0007791284873270095 0.0031287651207996532
leaf_weight=1421 679 111 702 835 286 718 61 126 1218 432 80 67 549 66 214 484 598 455 169 37 24 293 95 49 663 40 134 559 206 125
leaf_count=1421 679 111 702 835 286 718 61 126 1218 432 80 67 549 66 214 484 598 455 169 37 24 293 95 49 663 40 134 559 206 125
internal_value=7.70754e-12 -0.00331989 0.00313134 0.0042963 -0.00490167 -0.00152123 0.00103771 -0.000219946 -0.00426164 0.00511485 0.00599723 -0.00253888 -0.00275372 0.00448094 0.00758552 0.00340603 -0.000458161 -0.00682609 -0.00444773 -0.00513315 0.00431336 -0.000799391 0.00516167 0.00556786 0.00172873 -0.00174455 -0.00566419 -0.00528269 0.000148616 0.00478065
internal_weight=11496 5580 5916 3801 2969 2611 2115 750 2228 2380 995 1334 1267 1385 343 550 1277 741 2117 899 85 665 652 129 1365 333 730 596 332 557
internal_count=11496 5580 5916 3801 2969 2611 2115 750 2228 2380 995 1334 1267 1385 343 550 1277 741 2117 899 85 665 652 129 1365 333 730 596 332 557
is_linear=0
shrinkage=0.05


Tree=6
num_leaves=31
num_cat=0
split_feature=4 6 4 6 1 3 3 6 4 6 0 0 3 1 6 4 6 0 6 3 1 6 3 2 0 4 0 3 4 0
split_gain=43.1428 6.03804 5.21051 1.62885 1.25796 0.956747 0.751453 0.834391 0.547922 0.546888 0.468727 0.456034 0.439916 0.438253 0.352629 0.307415 0.258921 0.257701 0.235259 0.220474 0.217898 0.206496 0.195399 0.19445 0.194036 0.192295 0.179193 0.178514 0.155786 0.180735
threshold=0.8841799529827824 11.107137050582834 0.4474637760666309 -1.3341386710520027 11.998161745214643 0.14620850957637757 0.1414163964131481 -15.584829422044189 -0.022696147651931047 -10.371447684052635 0.71659916935277324 0.79624360778455883 0.14316195246993216 0.067559830014563019 -0.48681723835014939 2.5015912564931599 40.849447649465411 0.77396890791042927 -0.37752815374246756 0.16855241368231369 -8.1996123875221691 6.0579935318665372 0.10456293275060753 -0.37085592453497923 0.78909208364472405 0.20418078120712699 0.7484084752932213 0.21216728407650617 0.29787615695266917 0.77750657569165105
decision_type=2 2 2 2 2 2 2 2 2 2 2 2 2 2 2 2 2 2 2 2 2 2 2 2 2 2 2 2 2 2
left_child=2 5 3 8 19 21 20 -8 12 -7 16 14 -1 28 -11 -12 -6 23 -19 -3 -4 -2 25 -9 -21 -5 -15 -16 29 -10
right_child=1 4 6 22 10 9 7 17 13 11 15 -13 -14 26 27 -17 -18 18 -20 24 -22 -23 -24 -25 -26 -27 -28 -29 -30 -31
leaf_value=0.0054406067492449835 0.0003532755904398073 -0.0028229027499677515 0.004978783961702535 0.0028004187655558009 -0.0050956583075413894 0.0055827288973060527 0.0082509364380880645 0.001649896503939968 0.0040696855161755311 0.00028584265361402046 -0.0057496161518363863 -0.0040156450653012141 0.0090121932770356097 0.0030429083071649076 -0.0019581264202792057 -0.0077859823967216264 -0.0024948375677136155 -0.0022052771528839428 0.0015341487028921138 -0.0038350253693561587 0.0015111138289058725 -0.00098736321897872101 0.0052367469661224351 -0.00074017205224310295 -0.0064145991348741969 0.0013593476744874098 0.0076769948877867256 -0.0039705594955553669 0.0032649452846879507 0.0054866564552739109
leaf_weight=589 600 591 47 881 694 22 27 145 1084 162 556 320 101 25 756 278 111 297 49 729 1254 551 65 206 81 314 126 129 422 284
leaf_count=589 600 591 47 881 694 22 27 145 1084 162 556 320 101 25 756 278 111 297 49 729 1254 551 65 206 81 314 126 129 422 284
internal_value=-2.02143e-12 -0.0031539 0.00297477 0.00404525 -0.00465732 -0.00135453 0.000917867 -0.000373286 0.0047532 -0.00223789 -0.00559768 -0.00236375 0.0059634 0.00432299 -0.00185887 -0.0064284 -0.00473704 -0.000707367 -0.00167571 -0.00355721 0.00163639 -0.000288507 0.00256698 0.000247178 -0.00409298 0.00242176 0.00690976 -0.00225146 0.00410478 0.00436385
internal_weight=11496 5580 5916 3891 3040 2540 2025 724 2631 1389 1639 1367 690 1941 1047 834 805 697 346 1401 1301 1151 1260 351 810 1195 151 885 1790 1368
internal_count=11496 5580 5916 3891 3040 2540 2025 724 2631 1389 1639 1367 690 1941 1047 834 805 697 346 1401 1301 1151 1260 351 810 1195 151 885 1790 1368
is_linear=0
shrinkage=0.05


Tree=7
num_leaves=31
num_cat=0
split_feature=4 6 4 6 1 3 0 1 6 3 4 0 3 1 5 1 6 3 3 5 1 4 0 6 6 0 0 5 4 3
split_gain=38.9805 6.40834 3.62168 1.44537 1.15776 1.09156 0.514478 0.505922 0.495518 0.636589 0.468106 0.422792 0.397024 0.384952 0.316078 0.293449 0.261056 0.24302 0.230261 0.214653 0.201194 0.190828 0.168728 0.180766 0.163098 0.161722 0.159461 0.150745 0.142168 0.141274
threshold=0.81607619972752321 11.107137050582834 0.420417807995976 -1.3341386710520027 11.784686335769702 0.14541185030125511 0.81666059307884431 -9.1274271336962958 -16.731352277925691 0.14881667895182216 -0.022696147651931047 0.72027125541482673 0.14316195246993216 0.067559830014563019 1.7008703771357452 19.519039606222005 5.1615356073179095 0.27715324302306538 0.18924697652009234 1.1463448927070827 -1.0174521222445663 0.45884624049025874 0.77396890791042927 -0.18313700728796631 -4.1488635711895485 0.7484084752932213 0.72536738504694809 0.89887318416403039 1.009849503012225 0.17182881117553181
decision_type=2 2 2 2 2 2 2 2 2 2 2 2 2 2 2 2 2 2 2 2 2 2 2 2 2 2 2 2 2 2
left_child=2 5 3 10 19 16 7 -7 -4 24 12 17 -1 -12 18 -13 -2 27 -9 29 -16 -11 -23 -24 -10 -15 -20 -6 -8 -3
right_child=1 4 8 -5 11 6 28 14 9 21 13 15 -14 25 20 -17 -18 -19 26 -21 -22 22 23 -25 -26 -27 -28 -29 -30 -31
leaf_value=0.0051685765193512818 0.00080619887321518044 -0.0020228449622207889 0.0078530342490584753 0.0024656956914779998 -0.0040499728955208742 0.0049928597789923 -0.0032293913949602588 -0.0015801836676594386 0.0028512338960232832 0.0037663860116153958 0.0039320299888104737 -0.005408648490667977 0.0085615836637149955 0.0028907629549503326 0.0012800397330391237 -0.0073979900447348826 -0.00063094816615529698 -0.0028371901508858974 -0.0011074963193904196 -0.0039527061706947711 -0.0026974131688908783 0.00037341283909926923 -0.001995939917753826 0.002185213642901388 0.0013625078051055948 0.0072931452395601408 -0.0035998382222929871 -0.0055445231923866752 -0.0057887816519131153 -0.0034749458782718915
leaf_weight=589 508 359 27 1227 282 28 139 738 225 25 1733 517 101 25 122 289 836 170 81 696 43 202 238 29 1009 126 309 420 89 314
leaf_count=589 508 359 27 1227 282 28 139 738 225 25 1733 517 101 25 122 289 836 170 81 696 43 202 238 29 1009 126 309 420 89 314
internal_value=6.2262e-12 -0.00281584 0.00301046 0.00387788 -0.00441609 -0.00113041 -0.00203508 -0.00165652 0.00113177 0.00102675 0.00455106 -0.00529643 0.00566523 0.004143 -0.00180051 -0.00612195 -8.77408e-05 -0.00453339 -0.0020995 -0.00333705 0.000243491 -0.000490027 -0.000716915 -0.00154181 0.00163395 0.00656427 -0.0030822 -0.00494415 -0.00422845 -0.00270035
internal_weight=11496 5940 5556 3801 3047 2893 1549 1321 1755 1728 2574 1678 690 1884 1293 806 1344 872 1128 1369 165 494 469 267 1234 151 390 702 228 673
internal_count=11496 5940 5556 3801 3047 2893 1549 1321 1755 1728 2574 1678 690 1884 1293 806 1344 872 1128 1369 165 494 469 267 1234 151 390 702 228 673
is_linear=0
shrinkage=0.05


Tree=8
num_leaves=31
num_cat=0
split_feature=4 4 4 3 2 3 1 0 0 2 3 5 3 2 1 1 4 2 1 1 1 1 5 1 5 3 2 1 1 3
split_gain=35.1799 5.59175 3.26856 1.29338 1.13011 1.03433 0.468952 0.462725 0.404778 0.474442 0.400335 0.538345 0.36205 0.34657 0.274243 0.267308 0.260183 0.256689 0.247831 0.237659 0.215007 0.211349 0.201837 0.32403 0.170316 0.188094 0.169675 0.158576 0.15691 0.144835
threshold=0.81607619972752321 1.4224562715186628 0.420417807995976 0.06964201623046791 34.779572431216415 0.13860043945110087 1.6234677480219897 0.75056905156790332 0.81666059307884431 -1.7506257341193889 0.13739993452688501 1.9945432096172035 0.13739993452688501 -2.9754157257631468 -5.9204042186204999 -9.7316769955321227 1.1094138414523516 -1.8141651223897386 -1.7659146165532655 23.742394834092266 11.998161745214643 -2.254265292242668 0.6501861057972016 11.784686335769702 1.5135938169288841 0.28259303266915564 11.607345145174413 -0.88031213965201183 -8.7876883559467913 0.23477527054452199
decision_type=2 2 2 2 2 2 2 2 2 2 2 2 2 2 2 2 2 2 2 2 2 2 2 2 2 2 2 2 2 2
left_child=2 5 3 21 6 16 -3 13 9 29 27 17 18 -5 -14 -15 -2 -12 -9 -6 -11 -1 -8 26 25 -25 -24 -4 -19 -7
right_child=1 4 10 7 19 8 22 12 -10 20 11 -13 14 15 -16 -17 -18 28 -20 -21 -22 -23 23 24 -26 -27 -28 -29 -30 -31
leaf_value=0.0037989292400950774 0.0003494731180180755 -0.00047915266398843888 0.0023554188672605726 0.0044889560915626521 -0.0053623094040684757 0.00043024573277569179 -0.001560823258600737 0.0040914603339504375 -0.0039193771998915408 -0.0017042442143041987 0.0014006737622452351 0.0074423429400970534 0.0047612005552652766 -0.00017876462830951245 0.007845369325380545 0.0032533550445084918 -0.0013275282692340818 -0.0033064998890040445 0.0064707851486531564 -0.0073891699588313937 -0.0048652129380830703 0.0023312262151231468 -0.0046784912860543234 -0.0048811378951765542 -0.0080543739578893617 -0.0027767832893291562 -0.0031268334699643993 0.0011420596523221149 -0.00047662681928994211 0.00531942207100136
leaf_weight=302 957 111 467 783 544 33 95 489 225 1367 181 24 114 66 196 404 305 56 141 197 56 1306 214 648 36 127 997 636 391 28
leaf_count=302 957 111 467 783 544 33 95 489 225 1367 181 24 114 66 196 404 305 56 141 197 56 1306 214 648 36 127 997 636 391 28
internal_value=-3.41156e-12 -0.00267505 0.00285993 0.00368399 -0.00420965 -0.00114147 -0.00364708 0.00447377 -0.00194317 -0.00164354 0.00107518 9.29649e-05 0.00531231 0.0038447 0.00671119 0.0027714 -5.58244e-05 -0.000187903 0.00462398 -0.00590116 -0.00182864 0.00260688 -0.00381319 -0.00391901 -0.00469246 -0.0045363 -0.00340103 0.00165578 -0.000831152 0.00267446
internal_weight=11496 5940 5556 3801 2969 2971 2228 2193 1709 1484 1755 652 940 1253 310 470 1262 628 630 741 1423 1608 2117 2022 811 775 1211 1103 447 61
internal_count=11496 5940 5556 3801 2969 2971 2228 2193 1709 1484 1755 652 940 1253 310 470 1262 628 630 741 1423 1608 2117 2022 811 775 1211 1103 447 61
is_linear=0
shrinkage=0.05


Tree=9
num_leaves=31
num_cat=0
split_feature=4 6 4 2 1 3 3 6 5 4 3 2 5 3 1 1 2 6 1 5 4 1 5 3 6 2 6 6 3 1
split_gain=31.7757 4.44493 3.81673 1.2187 0.922844 0.71126 0.56325 0.622033 0.47519 0.448328 0.366824 0.345148 0.483913 0.33058 0.278856 0.185776 0.183004 0.247364 0.181411 0.181009 0.174143 0.161618 0.192133 0.174975 0.160157 0.137769 0.129532 0.122889 0.147459 0.120109
threshold=0.8841799529827824 11.107137050582834 0.4474637760666309 -0.44914632991570702 11.998161745214643 0.14620850957637757 0.1414163964131481 -15.584829422044189 1.8698268892063374 -0.022696147651931047 0.1917452523148018 41.705881787440426 0.75914155551963891 0.14316195246993216 0.067559830014563019 -8.1996123875221691 -1.8141651223897386 -8.3185803314207067 23.130802125662644 1.1463448927070827 1.170287769480618 20.73830870723306 1.3125015958360937 0.27715324302306538 38.140547968162473 -0.76945399926153613 3.9683928282384309 26.238467842814035 0.2406949827442707 0.57888422980743048
decision_type=2 2 2 2 2 2 2 2 2 2 2 2 2 2 2 2 2 2 2 2 2 2 2 2 2 2 2 2 2 2
left_child=2 5 3 9 19 20 15 -8 10 13 -7 12 24 -1 -11 -4 -9 -18 -13 -3 -2 23 -23 -14 -6 -12 -17 28 -21 -19
right_child=1 4 6 -5 11 8 7 16 -10 14 25 18 21 -15 -16 26 17 29 -20 27 -22 22 -24 -25 -26 -27 -28 -29 -30 -31
leaf_value=0.0046996242305064649 4.3430484384824198e-05 -0.0024766410101571003 0.0045008281939365761 0.0021262740944388166 -0.0034140767379431053 -0.0014733334955377218 0.007121036436270785 0.00082957960723085099 0.0015682604317399829 0.0034945385113357239 -0.0011518561746925117 -0.0051662559148265433 -0.0047980079795866193 0.0077957188323287685 0.0055668246951948311 0.0015688980606599194 -0.0052605290360974548 -0.0012963527648958723 -0.0072382899527411674 -0.0034360541411389712 -0.0015609647712904228 -0.0056004068488255147 -0.010839449148625136 -0.0026526124293280717 -0.00049813247777605329 -0.0035053587955700461 0.00034235500544206804 -0.00063381257491666038 -0.0054432516703980232 0.00040342263115186099
leaf_weight=589 945 689 47 1178 100 770 27 167 91 1845 72 262 742 101 178 978 33 349 177 570 206 140 20 109 89 456 276 33 109 148
leaf_count=589 945 689 47 1178 100 770 27 167 91 1845 72 262 742 101 178 978 33 349 177 570 206 140 20 109 89 456 276 33 109 148
internal_value=-2.4984e-12 -0.00270671 0.00255298 0.00346916 -0.00399663 -0.00116285 0.000792544 -0.00032529 -0.0019245 0.00405225 -0.00216937 -0.00480206 -0.0043632 0.00515282 0.00367688 0.00141461 -0.000613742 -0.00106852 -0.00600168 -0.00305438 -0.000243716 -0.00479733 -0.00625529 -0.00452322 -0.00204096 -0.00318443 0.00129894 -0.00361346 -0.00375827 -0.000790182
internal_weight=11496 5580 5916 3891 3040 2540 2025 724 1389 2713 1298 1639 1200 690 2023 1301 697 530 439 1401 1151 1011 160 851 189 528 1254 712 679 497
internal_count=11496 5580 5916 3891 3040 2540 2025 724 1389 2713 1298 1639 1200 690 2023 1301 697 530 439 1401 1151 1011 160 851 189 528 1254 712 679 497
is_linear=0
shrinkage=0.05


Tree=10
num_leaves=31
num_cat=0
split_feature=4 6 4 3 1 3 6 3 5 3 2 6 3 1 4 4 6 1 2 6 3 4 1 1 2 4 3 4 3 1
split_gain=28.681 4.72589 2.66626 1.13571 0.850632 0.811924 0.398389 0.452799 0.385245 0.359796 0.335059 0.356596 0.293861 0.462126 0.278182 0.253501 0.244977 0.224281 0.174122 0.173701 0.168559 0.159546 0.185911 0.181828 0.201303 0.155409 0.136579 0.134987 0.120925 0.116753
threshold=0.81607619972752321 11.107137050582834 0.38061581145635021 0.06964201623046791 11.784686335769702 0.14541185030125511 -14.884846775426412 0.14881667895182216 1.8698268892063374 0.1917452523148018 29.542168905606744 35.98182466434384 0.1517766585097963 -5.9204042186204999 0.45884624049025874 2.2670736955530981 -13.924238603290497 1.2672205387892046 -1.0481077263902956 -5.2858941762699478 0.16855241368231369 0.21763246160029359 3.8337084469320941 -10.158473793392979 -3.1260861874433457 0.67117831059377719 0.27014750437153429 1.170287769480618 0.30133967984551241 -8.1996123875221691
decision_type=2 2 2 2 2 2 2 2 2 2 2 2 2 2 2 2 2 2 2 2 2 2 2 2 2 2 2 2 2 2
left_child=2 5 3 19 20 17 -4 25 9 -7 11 -6 21 16 -9 -12 -14 -2 26 -1 -3 23 -23 24 -5 29 -11 -19 -20 -8
right_child=1 4 6 12 10 8 7 14 -10 18 15 -13 13 -15 -16 -17 -18 27 28 -21 -22 22 -24 -25 -26 -27 -28 -29 -30 -31
leaf_value=0.0038889268801237144 0.0012194733082772724 -0.0022195063835988862 0.0057334589006172287 0.0044828021907181081 -0.0043157348708717609 -0.0012991236304125259 0.0041362285757294065 0.0032504479479976002 0.0013897453004534802 -0.0020440544140639537 -0.0040609105256004018 -0.001627328577902048 0.0059374507910643637 0.0073896835638107344 -0.00067484836105271727 -0.0057990569388493901 0.0014204063645234452 -0.00013771176043826089 -0.003051584555144776 0.0021874497158314624 -0.0033417803364044966 0.0028777850326546089 0.0073111456483602524 0.0043840987256630907 0.00033106718056827604 0.00072372127395746542 0.0025205807031496714 -0.001625409877667904 -0.0063763915368452153 0.0016948743709651532
leaf_weight=168 270 582 45 56 604 868 52 50 92 57 324 155 52 163 464 595 71 890 480 1400 787 437 25 1188 61 483 23 184 29 841
leaf_count=168 270 582 45 56 604 868 52 50 92 57 324 155 52 163 464 595 71 890 480 1400 787 437 25 1188 61 483 23 184 29 841
internal_value=1.15507e-12 -0.00241536 0.00258229 0.00338299 -0.00378958 -0.000967984 0.00108394 0.00097324 -0.00174822 -0.00194636 -0.00454417 -0.00376672 0.00415686 0.00564376 -0.00029301 -0.00518626 0.00333005 -6.87359e-05 -0.00290019 0.00236975 -0.00286467 0.00391619 0.00311769 0.00419888 0.00231822 0.00144624 -0.000731722 -0.000392587 -0.00324101 0.00183704
internal_weight=11496 5940 5556 3621 3047 2893 1935 1890 1549 1457 1678 759 2053 286 514 919 123 1344 589 1568 1369 1767 462 1305 117 1376 80 1074 509 893
internal_count=11496 5940 5556 3621 3047 2893 1935 1890 1549 1457 1678 759 2053 286 514 919 123 1344 589 1568 1369 1767 462 1305 117 1376 80 1074 509 893
is_linear=0
shrinkage=0.05


Tree=11
num_leaves=31
num_cat=0
split_feature=4 4 1 6 3 6 2 3 5 3 4 5 3 1 4 1 5 1 2 2 6 1 3 4 4 1 5 4 1 4
split_gain=25.9456 4.26352 2.69776 1.02324 0.628109 0.643094 0.594123 0.491012 0.383984 0.377685 0.356868 0.302403 0.278772 0.276985 0.229028 0.20759 0.199501 0.214779 0.176253 0.16331 0.195572 0.154649 0.14307 0.172887 0.141074 0.13313 0.141088 0.136392 0.156481 0.12293
threshold=0.97803119772428326 0.4474637760666309 7.3425319749073408 -1.3341386710520027 0.13860043945110087 -15.584829422044189 34.779572431216415 0.14620850957637757 1.8698268892063374 0.22924310019550517 -0.022696147651931047 1.2659162644672317 0.14316195246993216 0.067559830014563019 2.2670736955530981 -0.88031213965201183 0.80099964511031041 12.761416541080363 -0.37085592453497923 -1.6957158584984164 -8.7933464124944027 20.062699863120972 0.10456293275060753 0.20418078120712699 1.170287769480618 1.6930749597083297 0.83297150113264251 0.68322729571133223 5.9711202358687885 0.29787615695266917
decision_type=2 2 2 2 2 2 2 2 2 2 2 2 2 2 2 2 2 2 2 2 2 2 2 2 2 2 2 2 2 2
left_child=1 3 7 10 15 -6 11 24 9 -9 12 16 -1 29 -8 -3 -4 -18 -11 -7 -21 -13 23 -5 -2 26 -22 28 -27 -12
right_child=2 4 6 22 5 19 14 8 -10 18 13 21 -14 -15 -16 -17 17 -19 -20 20 25 -23 -24 -25 -26 27 -28 -29 -30 -31
leaf_value=0.004252201442073885 -0.00016310916873959162 0.0019660523504505005 -0.0017367768661056143 0.0021936941376034169 0.0066598999389116805 0.00047516718944086173 -0.0036799136464261599 -0.0018730324277055983 0.00130462774715852 -0.00045027373238436637 0.0034011567669135971 -0.0043813858377324162 0.0070953597748043516 0.0054009729948523919 -0.0055879316116536791 0.00074504942296318825 -0.0027274137662650654 -0.0040756049031080805 -0.0044696095477767079 -0.0054524496740972006 -0.0025069903253334695 -0.0087073782966895549 0.0042433893143271027 0.00082727914714906224 -0.0014874789843298858 0.0045400086878516687 -0.00074700488136413305 -0.00070861014798283576 -0.00029327265075313765 0.0024249858178901247
leaf_weight=589 614 521 248 881 31 244 224 1169 80 31 1368 339 101 151 528 1049 704 509 227 24 161 22 65 314 299 33 389 125 34 422
leaf_count=589 614 521 248 881 31 244 224 1169 80 31 1368 339 101 151 528 1049 704 509 227 24 161 22 65 314 299 33 389 125 34 422
internal_value=-5.30665e-13 0.00208175 -0.00271036 0.00313058 0.000518756 -0.00043362 -0.00383717 -0.00151185 -0.0020662 -0.00225518 0.0036917 -0.00334915 0.00466837 0.0033445 -0.00501959 0.00115024 -0.00302895 -0.00329314 -0.00398667 -0.000651342 -0.00101018 -0.00464502 0.00195891 0.00183465 -0.000596829 -0.000866493 -0.0012622 0.000267046 0.0020873 0.00317102
internal_weight=11496 6502 4994 3891 2611 1041 2574 2420 1507 1427 2631 1822 690 1941 752 1570 1461 1213 258 1010 766 361 1260 1195 913 742 550 192 67 1790
internal_count=11496 6502 4994 3891 2611 1041 2574 2420 1507 1427 2631 1822 690 1941 752 1570 1461 1213 258 1010 766 361 1260 1195 913 742 550 192 67 1790
is_linear=0
shrinkage=0.05


Tree=12
num_leaves=31
num_cat=0
split_feature=4 6 4 6 2 3 3 6 6 0 4 6 3 4 0 5 1 1 1 3 1 0 4 5 0 1 6 2 4 1
split_gain=23.4261 3.20534 2.86782 0.907112 0.636213 0.543974 0.39024 0.504871 0.335014 0.309424 0.29709 0.257048 0.251592 0.243997 0.215195 0.213868 0.317496 0.201653 0.181226 0.170659 0.185208 0.164007 0.161947 0.159305 0.155703 0.150565 0.148622 0.147426 0.143539 0.162863
threshold=0.89436688786593022 11.648159130425309 0.420417807995976 -1.5865743530075325 34.779572431216415 0.14620850957637757 0.15420827790992855 -15.584829422044189 -10.371447684052635 0.79624360778455883 -0.022696147651931047 -0.70476984698404277 0.14316195246993216 2.2670736955530981 0.77930848673129838 0.75914155551963891 11.998161745214643 -10.806651678334982 3.8337084469320941 0.091748808679624053 -5.5690994693774529 0.74901300083508693 0.67117831059377719 0.85922110140762287 0.7484084752932213 3.2350219021519804 1.4080573310006852 11.607345145174413 0.52184445085033015 2.1662552160108044
decision_type=2 2 2 2 2 2 2 2 2 2 2 2 2 2 2 2 2 2 2 2 2 2 2 2 2 2 2 2 2 2
left_child=2 5 3 10 15 25 22 -8 -7 11 12 -10 -1 -6 17 -3 27 23 -5 -16 -21 -9 -4 -12 -18 -2 -20 -17 -23 -30
right_child=1 4 6 18 13 8 7 21 9 -11 14 -13 -14 -15 19 16 24 -19 26 20 -22 28 -24 -25 -26 -27 -28 -29 29 -31
leaf_value=0.0040395913188462735 0.00022862439944747062 -0.0015752155011933711 0.0016575678771190848 0.0017991265189981653 -0.0033689217389094579 0.0045566533115648086 0.0061063574691270963 0.00061504976942434661 0.00052517854722666769 -0.0031772763362617829 -0.00099859059251652905 -0.0017107665256696791 0.0067405915902097636 -0.0053085350889225747 0.002270223468422226 -0.0041618350896384295 -0.0036151665496167865 0.0030526057550000242 0.0074883191058268926 0.0033112952165191972 0.0054971557672798439 0.0015045335816632195 0.00063106486914347808 0.003366679712339784 -0.0053287460364962874 -0.00092590232614590427 0.0017552260973025112 -0.0024803802116995012 -0.0018377341444175571 0.0018938472931040451
leaf_weight=589 676 225 774 1229 234 21 29 179 149 318 57 936 101 528 101 149 602 1248 26 168 229 44 763 33 170 485 20 1042 339 32
leaf_count=589 676 225 774 1229 234 21 29 179 149 318 57 936 101 528 101 149 602 1248 26 168 229 44 763 33 170 485 20 1042 339 32
internal_value=3.51436e-13 -0.00234232 0.00217493 0.00300166 -0.00346866 -0.00105695 0.000720115 -0.000335491 -0.00171188 -0.0018057 0.00355043 -0.00140371 0.00443496 -0.00471291 0.00321801 -0.00303533 -0.00320269 0.00288777 0.00191445 0.0041053 0.00457216 -0.000649992 0.00114799 0.000602009 -0.00399251 -0.000253671 0.00499567 -0.00269074 -0.00119564 -0.00151587
internal_weight=11496 5535 5961 3801 2950 2585 2160 623 1424 1403 2526 1085 690 762 1836 2188 1963 1338 1275 498 397 594 1537 90 772 1161 46 1191 415 371
internal_count=11496 5535 5961 3801 2950 2585 2160 623 1424 1403 2526 1085 690 762 1836 2188 1963 1338 1275 498 397 594 1537 90 772 1161 46 1191 415 371
is_linear=0
shrinkage=0.05


Tree=13
num_leaves=31
num_cat=0
split_feature=4 4 1 6 3 0 6 1 4 0 3 0 3 0 5 1 3 5 1 6 6 5 4 4 3 3 4 6 3 0
split_gain=21.1916 3.45994 2.20867 0.829062 0.515798 0.481909 0.413069 0.395366 0.350105 0.331789 0.327712 0.312013 0.277148 0.227466 0.23065 0.220783 0.248142 0.206682 0.204352 0.193931 0.182218 0.178544 0.166713 0.162228 0.151573 0.145138 0.129745 0.119367 0.176243 0.120531
threshold=0.97803119772428326 0.51002693179406744 7.3425319749073408 -1.8562884577001124 0.13860043945110087 0.79517655031106582 -16.731352277925691 12.761416541080363 0.21763246160029359 0.7484084752932213 0.12257375534213759 0.71659916935277324 0.11288945147164164 0.77476664510661364 1.020275679730964 3.3157918899795473 0.20374372484348921 1.3019098316617019 -6.1420975445396868 -0.18313700728796631 40.849447649465411 1.4408232537173438 2.6936095028548626 0.20418078120712699 0.13038447852173088 0.18370866485635148 0.70312032011071057 -3.7366548171173828 0.14974068336076612 0.73592531630169611
decision_type=2 2 2 2 2 2 2 2 2 2 2 2 2 2 2 2 2 2 2 2 2 2 2 2 2 2 2 2 2 2
left_child=1 3 5 8 18 15 -6 21 9 24 -11 17 23 14 -8 27 -17 20 -3 -15 -9 -4 -13 -5 -1 -7 -21 -2 -29 -30
right_child=2 4 7 12 6 25 13 11 -10 10 -12 22 -14 19 -16 16 -18 -19 -20 26 -22 -23 -24 -25 -26 -27 -28 28 29 -31
leaf_value=0.0033576932349628445 0.0013290539213044981 0.0036380325646504113 -0.0025335472350415307 0.0020007293278125077 0.0059722654157667423 -0.0020137225679593427 -0.00095091419916703667 -0.0034364519425779646 0.002426350722689233 0.0037226668183689654 0.0060139131823890527 -0.0044020216352952382 0.0045385684103145659 -0.0019048241875292337 0.001162777016271902 -0.0012748509400195163 -0.0035319895783139689 -0.0074778158467129945 0.00084719836270501941 0.0039978444809094073 -0.001216414228878454 -0.0048264427230723453 -0.0065227175096946744 0.00083445778174111643 0.0015397259272461716 -0.0039655494518835138 -0.00074821606265484464 1.2116946654864329e-05 -0.00054643051201474081 -0.0020361553426392729
leaf_weight=1031 77 69 975 934 24 189 274 608 820 433 244 653 87 387 244 820 143 28 1328 24 109 93 108 438 129 192 36 455 261 283
leaf_count=1031 77 69 975 934 24 189 274 608 820 433 244 653 87 387 244 820 143 28 1328 24 109 93 108 438 129 192 36 455 261 283
internal_value=-7.76632e-12 0.00188139 -0.0024495 0.00275956 0.000366492 -0.00136505 -0.000507233 -0.00346906 0.00328541 0.00366887 0.00454846 -0.00399091 0.00180194 -0.000668381 4.47241e-05 -0.00106006 -0.00161002 -0.00326353 0.000985042 -0.00149475 -0.00309896 -0.00273321 -0.00470299 0.00162841 0.00315552 -0.00299732 0.00115021 -0.000567844 -0.000714051 -0.00132142
internal_weight=11496 6502 4994 4116 2386 2420 989 2574 2657 1837 677 1506 1459 965 518 2039 963 745 1397 447 717 1068 761 1372 1160 381 60 1076 999 544
internal_count=11496 6502 4994 4116 2386 2420 989 2574 2657 1837 677 1506 1459 965 518 2039 963 745 1397 447 717 1068 761 1372 1160 381 60 1076 999 544
is_linear=0
shrinkage=0.05


Tree=14
num_leaves=31
num_cat=0
split_feature=4 6 4 3 1 3 0 1 0 6 3 0 3 5 4 3 1 5 3 1 1 1 1 4 0 5 0 1 3 0
split_gain=19.1299 3.14654 1.77082 0.790311 0.5669 0.544695 0.354474 0.333618 0.315335 0.277802 0.303413 0.274391 0.245016 0.190702 0.175448 0.164706 0.162301 0.157267 0.171273 0.155688 0.153764 0.138532 0.136425 0.133772 0.133697 0.132983 0.13038 0.130052 0.125713 0.122845
threshold=0.81607619972752321 11.107137050582834 0.37037846449690448 0.06964201623046791 12.761416541080363 0.13860043945110087 0.81666059307884431 -9.1274271336962958 0.7469837910506828 -13.924238603290497 0.14881667895182216 0.71659916935277324 0.13739993452688501 0.89887318416403039 0.45884624049025874 0.16855241368231369 -1.8581329893645802 1.7008703771357452 0.18924697652009234 -10.806651678334982 19.519039606222005 -8.0496791439889517 -1.0174521222445663 -0.086019283140861977 0.72536738504694809 1.3019098316617019 0.78476499893267271 2.5322232053022646 0.25655817950047627 0.83763175723790917
decision_type=2 2 2 2 2 2 2 2 2 2 2 2 2 2 2 2 2 2 2 2 2 2 2 2 2 2 2 2 2 2
left_child=2 5 3 -1 15 27 7 -7 19 -4 -11 13 16 28 -12 -3 -10 18 -9 23 -13 -14 -19 -5 -20 -15 -17 -2 -6 -23
right_child=1 4 9 8 11 6 -8 17 12 10 14 20 21 25 -16 26 -18 22 24 -21 -22 29 -24 -25 -26 -27 -28 -29 -30 -31
leaf_value=0.001926723645331997 0.00068640741888213155 -0.001801664481154005 0.0045155844195016058 0.004599268976598978 -0.0028221471923763671 0.0043393464925299795 -0.0031663248934913507 -0.00098416796281838273 0.0031215993129955406 0.00118872973869826 0.0026123920607627658 -0.0038748672218079667 0.0034812570171984473 -0.0035424107302875515 -0.00053416245355549809 -0.0026382070412144104 0.0050829170617576252 0.0011179117787246324 -0.00042374728974759764 0.003051119752717216 -0.0053263301834686116 0.0064416267403174902 -0.002150455698219323 9.6375190134329557e-06 -0.0027058799860407118 -0.0071039250985320129 -0.0045361044561015628 -0.00039484443593900689 -0.00063337602484879376 0.0027073899358510973
leaf_weight=1557 478 635 52 20 212 28 232 933 470 1417 49 461 74 410 462 802 136 124 81 1032 302 185 43 77 309 28 102 665 95 25
leaf_count=1557 478 635 52 20 212 28 232 933 470 1417 49 461 74 410 462 802 136 124 81 1032 302 185 43 77 309 28 102 665 95 25
internal_value=-6.95812e-12 -0.00197261 0.00210894 0.00277316 -0.00309393 -0.000791591 -0.00134606 -0.00106786 0.00342591 0.000909326 0.000812061 -0.00378291 0.00412969 -0.00310035 -0.000232438 -0.00241883 0.00356176 -0.00116947 -0.00135198 0.00287111 -0.00444937 0.00534154 0.000276356 0.000955953 -0.0022319 -0.00377009 -0.00285235 5.73326e-05 -0.00214484 0.00599707
internal_weight=11496 5940 5556 3576 3047 2893 1750 1518 2019 1980 1928 1508 890 745 511 1539 606 1490 1323 1129 763 284 167 97 390 438 904 1143 307 210
internal_count=11496 5940 5556 3576 3047 2893 1750 1518 2019 1980 1928 1508 890 745 511 1539 606 1490 1323 1129 763 284 167 97 390 438 904 1143 307 210
is_linear=0
shrinkage=0.05


Tree=15
num_leaves=31
num_cat=0
split_feature=4 4 1 2 2 3 0 6 4 5 0 0 5 3 5 3 6 1 6 3 1 6 1 6 0 0 1 2 1 1
split_gain=17.3274 2.80523 1.80317 0.734018 0.44312 0.41634 0.39734 0.342156 0.299548 0.27361 0.224079 0.193124 0.203336 0.18829 0.219639 0.185295 0.185079 0.173023 0.17242 0.161511 0.157723 0.152635 0.195458 0.148122 0.135331 0.129907 0.210529 0.124916 0.205905 0.1205
threshold=0.97803119772428326 0.51002693179406744 6.8284655487974026 -0.61224805925479076 34.779572431216415 0.13860043945110087 0.81666059307884431 -16.731352277925691 -0.022696147651931047 1.2659162644672317 0.78137308596253507 0.77476664510661364 1.0235156407612183 0.1446150469249218 1.8698268892063374 0.14316195246993216 -7.1262070701104676 23.742394834092266 -0.18313700728796631 0.21847320376086932 1.2033805964936752 39.546696592768726 11.998161745214643 -3.031409418381859 0.74749378791458276 0.8045422603626935 3.7527446790220025 -3.0252986020786676 -9.7316769955321227 20.062699863120972
decision_type=2 2 2 2 2 2 2 2 2 2 2 2 2 2 2 2 2 2 2 2 2 2 2 2 2 2 2 2 2 2
left_child=1 3 6 8 9 16 13 -7 15 21 27 12 -9 -2 19 -1 -3 -6 -13 -15 -12 22 -4 -21 -24 -5 -27 -10 -29 -11
right_child=2 5 4 25 17 7 -8 11 10 29 20 18 -14 14 -16 -17 -18 -19 -20 23 -22 -23 24 -25 -26 26 -28 28 -30 -31
leaf_value=0.0035155953161089548 -0.00038998827732804244 0.0039772793313765783 -0.0019715567658495372 0.0011628507396732541 -0.0036728551443078899 0.0054493416556700451 -0.003256822686688754 -0.00085071191793498918 0.0028963611864246956 -0.0036437275862965194 0.0032009463824415637 -0.0017425703236144952 0.001137095609597398 -0.0012188193869036652 0.0011750755725370256 0.0058335678799465154 0.00078551764082671809 -0.0053977047607367962 0.0011380559803607563 0.00075911538161594293 0.0056938468403107418 -0.00049034436126039701 -0.0028159246544840304 -0.003025729843366895 -0.004687097401987029 0.0019307768199487284 0.0064075491615637609 -0.0004503948161602492 0.0022163968524081513 -0.0074489519846710293
leaf_weight=589 821 47 761 869 555 24 211 280 644 383 445 387 238 926 80 101 1350 197 60 29 74 99 555 238 117 423 28 79 864 22
leaf_count=589 821 47 761 869 555 24 211 280 644 383 445 387 238 926 80 101 1350 197 60 29 74 99 555 238 117 423 28 79 864 22
internal_value=1.03501e-11 0.00170124 -0.00221494 0.00249197 -0.00309458 0.000337177 -0.00118876 -0.000447804 0.00295075 -0.00269466 0.00265451 -0.000594468 6.26051e-05 -0.000980377 -0.00136114 0.00385489 0.0008929 -0.00412471 -0.00135591 -0.00153121 0.00355639 -0.00238912 -0.0025203 -0.00261464 -0.00314171 0.00152019 0.00220871 0.00235957 0.00199299 -0.00385043
internal_weight=11496 6502 4994 4116 2689 2386 2305 989 2796 1937 2106 965 518 2094 1273 690 1397 752 447 1193 519 1532 1433 267 672 1320 451 1587 943 405
internal_count=11496 6502 4994 4116 2689 2386 2305 989 2796 1937 2106 965 518 2094 1273 690 1397 752 447 1193 519 1532 1433 267 672 1320 451 1587 943 405
is_linear=0
shrinkage=0.05


Tree=16
num_leaves=31
num_cat=0
split_feature=4 6 2 0 2 4 4 0 4 6 5 1 0 0 2 1 1 1 5 2 6 2 5 0 2 6 4 6 4 0
split_gain=15.639 2.83565 1.28614 0.499095 0.477066 0.407846 0.387338 0.30814 0.303108 0.300161 0.226265 0.204272 0.197445 0.194379 0.183769 0.187984 0.171073 0.152738 0.144354 0.157509 0.137755 0.125626 0.123995 0.109219 0.104346 0.115194 0.103909 0.0985446 0.0975173 0.182844
threshold=0.76129677785756644 11.107137050582834 -0.61224805925479076 0.81527461224674902 29.542168905606744 0.29063868988395342 1.0915175409131892 0.7484084752932213 2.2670736955530981 -1.9771699221738441 0.84532915444545942 -9.242564536574541 0.8045422603626935 0.76608705103466868 -2.9754157257631468 -9.4489792947946984 3.5257471678935008 21.14152512614417 1.8698268892063374 13.929741355669607 -14.884846775426412 12.089759173637484 1.0582644706873789 0.78476499893267271 -2.4165195405889741 -6.1443357337291742 -0.086019283140861977 20.130478517210648 0.59427119054185351 0.77930848673129838
decision_type=2 2 2 2 2 2 2 2 2 2 2 2 2 2 2 2 2 2 2 2 2 2 2 2 2 2 2 2 2 2
left_child=2 3 5 6 10 7 11 14 27 13 -3 -2 -11 -4 -1 -16 -14 21 19 -8 -7 23 -19 -12 26 -26 -9 -6 -22 -30
right_child=1 4 9 -5 8 20 18 24 -10 12 17 -13 16 -15 15 -17 -18 22 -20 -21 28 -23 -24 -25 25 -27 -28 -29 29 -31
leaf_value=0.0029774803664034278 0.0050533757312223315 -0.00097211468915218719 0.0012940216831904181 -0.0026063756606458199 -0.00084906090400181709 0.0041482771755280822 -0.0015235336162045107 0.0043493550783023239 -0.0043465883051065322 0.00099379657798777214 -0.0030518491647901678 -2.9660919610301897e-05 0.0018562490747953025 -0.0014213763696293898 -0.00084134973993059241 0.0021420663563979114 0.0050301846721150139 -0.0031641899724918938 0.00090875273627037288 0.00036381475887028504 0.0018425720118443148 -0.0022587626013285179 -0.0079176094221032178 -0.0060516714570777765 0.0057001329303356047 0.0037712757010012867 0.0028012228904247295 -0.0029515016611496971 0.0018402629906195218 -0.001535181450629746
leaf_weight=909 20 267 103 296 65 55 956 160 626 1403 228 1684 439 183 60 440 47 34 79 125 641 1381 23 35 118 225 336 391 100 67
leaf_count=909 20 267 103 296 65 55 956 160 626 1403 228 1684 439 183 60 440 47 34 79 125 641 1381 23 35 118 225 336 391 100 67
internal_value=6.10772e-12 -0.00170145 0.00199887 -0.000651772 -0.00278899 0.00265099 -0.00044976 0.0030057 -0.00363234 0.00106611 -0.00232532 2.99991e-05 0.00129466 -0.000443453 0.00255398 0.00178406 0.00216319 -0.00253772 -0.00115451 -0.00130529 0.00172701 -0.0024495 -0.00508224 -0.00345107 0.00376432 0.00443485 0.00330062 -0.00265181 0.0015622 0.000486043
internal_weight=11496 6210 5286 3160 3050 3111 2864 2248 1082 2175 1968 1704 1889 286 1409 500 486 1701 1160 1081 863 1644 57 263 839 343 496 456 808 167
internal_count=11496 6210 5286 3160 3050 3111 2864 2248 1082 2175 1968 1704 1889 286 1409 500 486 1701 1160 1081 863 1644 57 263 839 343 496 456 808 167
is_linear=0
shrinkage=0.05


Tree=17
num_leaves=31
num_cat=0
split_feature=4 4 1 6 2 3 6 3 5 5 4 3 1 4 6 1 1 2 1 1 1 5 6 5 3 1 1 4 1 6
split_gain=14.1647 2.28808 1.48526 0.573443 0.333489 0.331759 0.389678 0.299558 0.331121 0.206128 0.20088 0.15627 0.153149 0.151326 0.143305 0.142466 0.138173 0.127067 0.175925 0.126939 0.125028 0.122917 0.114488 0.109961 0.105286 0.1042 0.0976657 0.0962312 0.0938611 0.100961
threshold=0.97803119772428326 0.420417807995976 7.3425319749073408 -1.5865743530075325 34.779572431216415 0.15420827790992855 -16.731352277925691 0.20152965534901432 1.7548308607764493 1.2659162644672317 -0.022696147651931047 0.14316195246993216 -0.8216247582310986 2.11344804665455 39.546696592768726 11.998161745214643 0.067559830014563019 -0.95967878883527458 1.3546125220161966 3.8337084469320941 3.3157918899795473 1.1877676887413888 1.4080573310006852 1.1983575341147341 0.23223572776312887 29.24857398931643 20.062699863120972 0.20418078120712699 23.130802125662644 30.584114907601784
decision_type=2 2 2 2 2 2 2 2 2 2 2 2 2 2 2 2 2 2 2 2 2 2 2 2 2 2 2 2 2 2
left_child=1 3 7 10 9 12 -7 20 24 14 11 -1 -3 -6 15 -4 -12 23 -19 27 -2 -22 -21 -8 -9 -15 -11 -5 29 -17
right_child=2 5 4 19 13 6 17 8 -10 26 16 -13 -14 25 -16 28 -18 18 -20 22 21 -23 -24 -25 -26 -27 -28 -29 -30 -31
leaf_value=0.0031808866340786984 -0.00039108564022865107 0.0013893386303962573 -0.0018375660958528002 0.0016298355495756361 -0.0022416196587229415 0.0050945206184781367 0.0028866860929958743 -0.0019948975778396843 0.00047710552303487932 -0.003333451008366814 0.0023671794656180811 0.0053095848862044883 0.00045045974214967397 -0.0038959521578039676 -0.00037198173013901475 -0.0030920030798479905 0.0040015119036460036 -0.0016172977745395158 0.00056019667454911242 0.0062309122142883457 -0.00084905517213016844 -0.0021061090767807234 0.001199068792629987 -0.00013904164741844585 -0.0035152823711061226 -0.0065994890155515783 -0.0067712736654688011 0.00062061062712258103 -0.0052092594397254296 -0.001661487563008753
leaf_weight=589 913 686 690 910 140 31 34 246 100 339 1696 101 1184 574 99 464 140 387 122 26 676 273 20 257 212 38 22 319 40 168
leaf_count=589 913 686 690 910 140 31 34 246 100 339 1696 101 1184 574 99 464 140 387 122 26 676 273 20 257 212 38 22 319 40 168
internal_value=4.30908e-12 0.00153816 -0.00200262 0.00232883 -0.00283871 0.000425481 -0.000405784 -0.00111333 -0.00212952 -0.00247308 0.00276515 0.00349248 0.000794883 -0.00372458 -0.00220872 -0.00234222 0.0024918 -0.000618921 -0.00109538 0.0014644 -0.000808803 -0.00121067 0.00404315 0.00021448 -0.00269866 -0.00406382 -0.00354296 0.00136788 -0.0028604 -0.00271174
internal_weight=11496 6502 4994 3801 2574 2701 831 2420 558 1822 2526 690 1870 752 1461 1362 1836 800 509 1275 1862 949 46 291 458 612 361 1229 672 632
internal_count=11496 6502 4994 3801 2574 2701 831 2420 558 1822 2526 690 1870 752 1461 1362 1836 800 509 1275 1862 949 46 291 458 612 361 1229 672 632
is_linear=0
shrinkage=0.05


Tree=18
num_leaves=31
num_cat=0
split_feature=6 2 3 3 2 5 0 6 1 3 1 1 5 0 1 0 3 5 2 1 3 3 0 5 1 6 3 2 5 5
split_gain=11.7096 1.89101 1.56264 1.27052 0.479392 0.434165 0.394957 0.308477 0.281707 0.271054 0.242713 0.229086 0.276591 0.215198 0.214611 0.199439 0.164936 0.13801 0.134801 0.19417 0.133141 0.131334 0.113153 0.107168 0.139246 0.114124 0.116351 0.105442 0.135232 0.105648
threshold=4.5760053366667854 -0.95967878883527458 0.15629010319487011 0.15339740189008125 25.572578354680044 1.1609936897169277 0.81666059307884431 19.66914169428113 -8.1996123875221691 0.16278826479747782 -8.0496791439889517 2.1662552160108044 0.76733154353184874 0.79106858103291067 3.2350219021519804 0.78476499893267271 0.20895449686217432 1.0466882977112915 -3.0252986020786676 -7.7877523636353354 0.11909386665347002 0.23354519576207242 0.81527461224674902 0.44949177700076048 27.538023022653359 42.01367201014893 0.18464230881975094 -0.27141344016161867 1.2378344739312388 1.6019113527098303
decision_type=2 2 2 2 2 2 2 2 2 2 2 2 2 2 2 2 2 2 2 2 2 2 2 2 2 2 2 2 2 2
left_child=1 5 7 13 15 9 8 17 -7 18 -11 16 -13 20 -15 -4 27 -2 -1 -20 -3 -17 -18 -6 25 26 -25 28 -5 -29
right_child=2 3 4 11 23 6 -8 -9 -10 10 -12 12 -14 14 -16 21 22 -19 19 -21 -22 -23 -24 24 -26 -27 -28 29 -30 -31
leaf_value=0.002770148596421725 -0.00027706693410881061 0.0011138482361975467 -0.0018697114502765014 0.0031407102677096393 -0.00079841141123324641 0.0028452737724561712 -0.0016577443393334683 -0.0024060741845232771 0.00024988596353202043 0.0023108439029093427 0.0059065314880744728 0.0054347072594932155 -0.00046990697035867283 0.0016440858420377577 0.0049042814208025282 -0.0026250086234588374 -0.0015801759992887469 -0.0012495984784687236 0.00039377990905444416 0.0022637254589225261 0.00013340137940230632 -0.0051118129292841664 -0.0036866440103602649 -0.0024978451168840461 -0.005454284696523766 -0.00071732209820766005 -0.0037727895432479331 -0.0013307861852681845 -0.0012564040371216834 0.0013339084655432621
leaf_weight=1186 1294 1356 1546 36 38 231 113 256 191 83 108 28 68 614 55 171 186 508 159 1094 465 77 97 241 84 40 695 401 34 41
leaf_count=1186 1294 1356 1546 36 38 231 113 256 191 83 108 28 68 614 55 171 186 508 159 1094 465 77 97 241 84 40 695 401 34 41
internal_value=2.1797e-12 0.00138766 -0.00183507 0.000565427 -0.00258448 0.002266 0.000967591 -0.000781961 0.00167058 0.00253012 0.00434401 -0.00105489 0.00125227 0.00114523 0.00191211 -0.00208086 -0.00133349 -0.000551232 0.00238808 0.00202644 0.000863487 -0.00339712 -0.00230218 -0.00340734 -0.00350087 -0.00333275 -0.00344452 -0.000798061 0.00100497 -0.00108361
internal_weight=11496 6546 4950 3381 2892 3165 535 2058 422 2630 191 891 96 2490 669 1794 795 1802 2439 1253 1821 248 283 1098 1060 976 936 512 70 442
internal_count=11496 6546 4950 3381 2892 3165 535 2058 422 2630 191 891 96 2490 669 1794 795 1802 2439 1253 1821 248 283 1098 1060 976 936 512 70 442
is_linear=0
shrinkage=0.05


Tree=19
num_leaves=31
num_cat=0
split_feature=4 4 1 3 0 2 3 6 0 3 2 1 1 3 6 1 4 1 1 0 0 1 1 6 3 3 3 2 4 3
split_gain=11.5539 1.87896 1.2373 0.519688 0.313168 0.271749 0.248494 0.356604 0.224857 0.179144 0.163469 0.19119 0.155647 0.167308 0.154174 0.182615 0.138488 0.135361 0.13517 0.125317 0.12511 0.123485 0.117555 0.108423 0.105806 0.104427 0.101379 0.10018 0.0946178 0.093672
threshold=0.97803119772428326 0.37037846449690448 7.3425319749073408 0.06964201623046791 0.79517655031106582 34.779572431216415 0.15420827790992855 -14.884846775426412 0.7469837910506828 0.12736430867555323 -2.9754157257631468 -9.7316769955321227 1.6234677480219897 0.13860043945110087 36.660612827665794 19.519039606222005 0.43567730272873806 -0.8216247582310986 23.742394834092266 0.77476664510661364 0.7330157743026573 -8.0496791439889517 -1.8581329893645802 -0.18313700728796631 0.18370866485635148 0.27014750437153429 0.23223572776312887 2.6529136727500204 1.8381535369255997 0.18605005104068253
decision_type=2 2 2 2 2 2 2 2 2 2 2 2 2 2 2 2 2 2 2 2 2 2 2 2 2 2 2 2 2 2
left_child=1 3 4 -1 12 14 17 -8 10 22 -5 -12 -2 -14 15 20 -9 -3 28 27 25 -11 -10 -21 -6 -4 -15 -18 -7 -22
right_child=2 6 5 8 24 18 7 16 9 21 11 -13 13 26 -16 -17 19 -19 -20 23 29 -23 -24 -25 -26 -27 -28 -29 -30 -31
leaf_value=0.0014716599338098066 -7.3763909167053632e-06 0.0012487385275140317 -0.0020626504863396739 0.0026406291588837016 -0.0014730109092496119 -0.00098354703201308704 0.0042308230596106678 0.0024550030228534816 0.0023648184047340213 0.0026617340783598605 -0.0011260481753197383 0.001877324577436683 -0.00036845017490485903 -0.0012623707556316066 -0.00083516025925586173 -0.0041127342051980815 0.00054675429741369696 0.00042026300089930422 -0.004496616484753334 -0.0015026719316724069 -0.0021164856937423981 0.0048116333072085061 0.0041467440877762489 0.0011769677423650311 -0.0031395116504427281 -0.00040184916296286208 -0.0030220579412243852 -0.0012963236859136755 -0.0031864080483022059 -0.0033939351215834927
leaf_weight=1557 523 815 820 757 189 54 42 38 443 93 64 308 611 814 176 141 266 1248 197 373 265 237 117 42 192 107 91 102 501 313
leaf_count=1557 523 815 820 757 189 54 42 38 443 93 64 308 611 814 176 141 266 1248 197 373 265 237 117 42 192 107 91 102 501 313
internal_value=1.46469e-12 0.00138919 -0.00180867 0.00215804 -0.000997001 -0.00257178 0.000449536 -0.000262883 0.00268736 0.00328167 0.00221887 0.00136062 -0.000751132 -0.00100772 -0.00224173 -0.00239212 -0.000492768 0.000747557 -0.00337146 -0.000635827 -0.00223092 0.00420575 0.00273711 -0.00123148 -0.00231282 -0.00187095 -0.00143931 3.59012e-05 -0.00297208 -0.00280825
internal_weight=11496 6502 4994 3576 2420 2574 2926 863 2019 890 1129 372 2039 1516 1822 1646 821 2063 752 783 1505 330 560 415 381 927 905 368 555 578
internal_count=11496 6502 4994 3576 2420 2574 2926 863 2019 890 1129 372 2039 1516 1822 1646 821 2063 752 783 1505 330 560 415 381 927 905 368 555 578
is_linear=0
shrinkage=0.05


Tree=20
num_leaves=31
num_cat=0
split_feature=4 1 2 0 4 4 2 0 6 5 1 2 2 1 0 0 2 5 2 1 4 5 1 6 6 6 2 1 2 6
split_gain=10.4393 1.90263 0.87361 0.410351 0.367547 0.288095 0.255963 0.236639 0.221929 0.193193 0.17804 0.173112 0.176131 0.161251 0.147585 0.147096 0.148701 0.142941 0.135534 0.138739 0.128647 0.103291 0.139761 0.102196 0.0954879 0.0935064 0.141094 0.0927169 0.0808743 0.0868859
threshold=0.76129677785756644 7.3425319749073408 -0.61224805925479076 0.81527461224674902 1.1006263498200439 0.29063868988395342 34.779572431216415 0.7484084752932213 -1.9771699221738441 1.0770838126051014 21.14152512614417 13.722195693827407 16.791219443569201 -9.242564536574541 0.76608705103466868 0.8045422603626935 2.3553606142569765 1.8698268892063374 -2.8913343865345804 -8.3369825491094378 1.8381535369255997 1.1558303738457092 3.1479222427203806 -14.884846775426412 0.095732160437343325 39.546696592768726 25.572578354680044 29.24857398931643 -2.4587377057231268 -6.1443357337291742
decision_type=2 2 2 2 2 2 2 2 2 2 2 2 2 2 2 2 2 2 2 2 2 2 2 2 2 2 2 2 2 2
left_child=2 3 5 4 13 7 9 18 14 25 11 -11 -13 -2 -4 -10 24 21 -1 -20 -8 -6 -23 -7 -17 26 -3 -22 -9 -30
right_child=1 6 8 -5 17 23 20 28 15 10 -12 12 -14 -15 -16 16 -18 -19 19 -21 27 22 -24 -25 -26 -27 -28 -29 29 -31
leaf_value=0.0024032771826924659 0.0045088660414330664 -0.0013688087614221363 0.001080301633665284 -0.0021611689363701526 -0.0007482261763958588 0.0034794711846519604 -0.00090792227542567025 0.0027140892010911839 0.00080119610082435852 -0.0041512987237742726 -0.0064329187075297042 -0.00046953256067831345 -0.0025608686778999376 -7.2391787678549805e-06 -0.0012857801137702626 0.0014835707241824519 0.0014136290177414034 0.0010542767240855403 -0.00084717105135261527 0.0017046687385200083 -0.0032401106317496613 -0.00087964208846309842 -0.00234490187127567 0.0012520378530798935 0.0050136524973050604 -0.00014384427726099602 -0.0027224372857666524 -0.0057799911089731681 0.0047749154502525933 0.0031329215618113625
leaf_weight=969 20 626 103 396 759 55 57 485 1403 135 30 122 576 1688 183 30 403 78 62 378 660 328 323 808 53 96 278 38 124 230
leaf_count=969 20 626 103 396 759 55 57 485 1403 135 30 122 576 1688 183 30 403 78 62 378 660 328 323 808 53 96 278 38 124 230
internal_value=-2.8469e-12 -0.00139011 0.00163311 -0.000642946 -0.000454831 0.00217057 -0.00241526 0.00246869 0.000864356 -0.00210052 -0.00264862 -0.00251233 -0.00219533 4.56426e-05 -0.00043366 0.00106088 0.00181054 -0.0010293 0.00207283 0.00134509 -0.00319187 -0.00114456 -0.00160665 0.00139399 0.00373772 -0.00162752 -0.00178508 -0.00337838 0.00313349 0.00370808
internal_weight=11496 6210 5286 3592 3196 3111 2618 2248 2175 1863 863 833 698 1708 286 1889 486 1488 1409 440 755 1410 651 863 83 1000 904 698 839 354
internal_count=11496 6210 5286 3592 3196 3111 2618 2248 2175 1863 863 833 698 1708 286 1889 486 1488 1409 440 755 1410 651 863 83 1000 904 698 839 354
is_linear=0
shrinkage=0.05


Tree=21
num_leaves=31
num_cat=0
split_feature=4 4 1 3 3 3 6 4 6 4 6 3 5 2 1 1 5 6 1 2 2 2 6 4 1 3 5 3 5 1
split_gain=9.44742 1.54967 1.00633 0.421332 0.353893 0.266311 0.332832 0.223049 0.198914 0.18199 0.149692 0.145309 0.139427 0.187469 0.179932 0.128743 0.118682 0.105063 0.0925875 0.117233 0.0893716 0.140393 0.135637 0.126168 0.081924 0.126337 0.151917 0.080182 0.0789455 0.0743158
threshold=0.97803119772428326 0.29787615695266917 11.784686335769702 0.067929311352298447 0.18605005104068253 0.18192736242823929 -16.731352277925691 0.67117831059377719 -3.7366548171173828 1.5678229588054495 -7.1262070701104676 0.16432911850652038 0.76733154353184874 54.019174124039118 21.14152512614417 -8.0496791439889517 1.3125015958360937 38.140547968162473 -10.158473793392979 -3.4332233748838261 12.773524750609491 25.283237806207868 24.666723263584373 2.0210855365320275 3.9605041590205508 0.10456293275060753 0.82529306348784026 0.13510148952138687 0.71504573822540662 0.84171963927291993
decision_type=2 2 2 2 2 2 2 2 2 2 2 2 2 2 2 2 2 2 2 2 2 2 2 2 2 2 2 2 2 2
left_child=1 3 4 -1 9 7 -7 10 -6 29 -3 18 13 17 20 -13 -16 -4 19 -5 -14 22 23 -22 -12 -26 -27 -9 -8 -2
right_child=2 5 12 11 8 6 28 27 -10 -11 24 15 14 -15 16 -17 -18 -19 -20 -21 21 -23 -24 -25 25 26 -28 -29 -30 -31
leaf_value=0.0013846455567419463 0.00034302969885564904 0.0021748064056848859 -0.0019615701131894098 0.0027228807666887568 0.00053284114431712286 0.0042845984746236352 -0.0026523785695673958 0.00046430646213542622 -0.0020225594723434484 -0.0015910319196457961 0.00072579056487696554 0.0023797619949422174 -0.0044610898271856608 -0.0044890832660409311 -0.0036034761209521094 0.0051678532980967001 -0.00713079904492658 0.00015140918893064058 0.0025186088778344049 -1.5921690392979358e-06 -0.0021072052078563029 -0.0028784396910902094 -0.00072055275884754097 -0.0059234662763774405 -0.00011108634603577992 0.0044820683008273609 -0.00053945729974657307 -0.00037249811104621153 -0.00072066473923364867 -0.00063578635337782695
leaf_weight=1400 224 261 139 73 82 32 62 890 1068 501 1135 74 57 48 288 94 26 102 1489 86 162 638 190 25 43 61 20 422 360 1444
leaf_count=1400 224 261 139 73 82 32 62 890 1068 501 1135 74 57 48 288 94 26 102 1489 86 162 638 190 25 43 61 20 422 360 1444
internal_value=9.68025e-13 0.00125619 -0.00163551 0.00203645 -0.00113129 0.000492543 -0.000631673 0.000672767 -0.00184035 -0.000755345 0.00108502 0.00253894 -0.00263461 -0.00163561 -0.00284292 0.00393977 -0.00389555 -0.00106728 0.00239614 0.00124927 -0.00253459 -0.00242641 -0.00166143 -0.0026174 0.000859105 0.00207936 0.00324219 0.000195151 -0.00100447 -0.000504339
internal_weight=11496 6502 4994 3216 3319 3286 454 2832 1150 2169 1520 1816 1675 289 1386 168 314 241 1648 159 1072 1015 377 187 1259 124 81 1312 422 1668
internal_count=11496 6502 4994 3216 3319 3286 454 2832 1150 2169 1520 1816 1675 289 1386 168 314 241 1648 159 1072 1015 377 187 1259 124 81 1312 422 1668
is_linear=0
shrinkage=0.05


Tree=22
num_leaves=31
num_cat=0
split_feature=4 4 6 3 2 3 6 0 0 4 4 0 6 0 3 5 5 3 6 2 0 2 5 3 2 6 0 0 2 3
split_gain=8.5263 1.39858 0.839674 0.380252 0.241431 0.240346 0.300381 0.239727 0.204478 0.201302 0.195926 0.184882 0.207776 0.154518 0.139114 0.130251 0.125038 0.119959 0.11516 0.113316 0.107437 0.0998711 0.115967 0.094624 0.0940405 0.0946773 0.0914712 0.0885459 0.0856965 0.0848351
threshold=0.97803119772428326 0.29787615695266917 11.648159130425309 0.067929311352298447 29.542168905606744 0.18192736242823929 -16.731352277925691 0.81666059307884431 0.7484084752932213 0.67117831059377719 2.2670736955530981 0.8045422603626935 -7.1262070701104676 0.71701369600808351 0.12183844310241297 0.87472760007651484 1.1300901976897524 0.1446150469249218 -3.7366548171173828 13.722195693827407 0.74105357023364571 14.183439367912575 1.6019113527098303 0.10123819382948025 -2.9754157257631468 -8.5232347424401045 0.74553121292180469 0.74793746077742784 16.469018377242634 0.16186246721924197
decision_type=2 2 2 2 2 2 2 2 2 2 2 2 2 2 2 2 2 2 2 2 2 2 2 2 2 2 2 2 2 2
left_child=1 3 7 -1 16 9 -7 17 24 11 -6 12 -3 -8 -10 23 20 -2 -19 -20 -4 26 28 -13 -5 -26 -18 -14 -23 -17
right_child=2 5 4 8 10 6 13 -9 14 -11 -12 15 27 -15 -16 29 21 18 19 -21 -22 22 -24 -25 25 -27 -28 -29 -30 -31
leaf_value=0.0013154132738203382 -0.00018458071248869491 0.0023273679912411654 -0.0010812714597513583 0.0022726026818230254 -0.0018978539264549203 0.004070368525572121 0.0022271998798740764 -0.0029660308623086599 0.0024777016724490458 0.00018539375652042555 -0.003263912709211256 0.00089304833155539297 0.00091514284463644474 -0.0012419752815127066 0.0038665056405162894 -0.00020461991662159564 -0.0024164775051439972 0.00077651624450968387 -0.0012776708071517836 0.00070446561917495462 -0.0023565603776298208 -0.00047162218669890774 -0.0051029709564452928 0.0042594678558247247 5.2610802738670986e-05 0.0018733095959338455 -0.0046823111644974267 7.920721353637029e-06 -0.0020114702803888411 0.0028699433569469163
leaf_weight=1400 818 192 760 755 452 32 35 118 439 1312 626 27 662 387 306 57 137 86 954 78 211 108 27 92 109 207 66 453 553 37
leaf_count=1400 818 192 760 755 452 32 35 118 439 1312 626 27 662 387 306 57 137 86 954 78 211 108 27 92 109 207 66 453 553 37
internal_value=4.44502e-13 0.00119338 -0.00155373 0.00193463 -0.00209564 0.000467916 -0.00060009 -0.000778066 0.002412 0.000639128 -0.00269113 0.00103077 0.000808162 -0.000954247 0.00304814 0.00239675 -0.00175089 -0.000644709 -0.000981368 -0.00112786 -0.00135839 -0.00217862 -0.00189107 0.00349566 0.00196949 0.00124528 -0.00315315 0.000546558 -0.00175988 0.00100558
internal_weight=11496 6502 4994 3216 2940 3286 454 2054 1816 2832 1078 1520 1307 422 745 213 1862 1936 1118 1032 971 891 688 119 1071 316 203 1115 661 94
internal_count=11496 6502 4994 3216 2940 3286 454 2054 1816 2832 1078 1520 1307 422 745 213 1862 1936 1118 1032 971 891 688 119 1071 316 203 1115 661 94
is_linear=0
shrinkage=0.05


Tree=23
num_leaves=31
num_cat=0
split_feature=4 4 1 3 0 3 6 3 0 4 2 0 6 1 0 2 3 1 3 0 3 3 4 3 2 1 3 1 3 0
split_gain=7.69498 1.26222 0.843133 0.344142 0.221129 0.216912 0.271094 0.214245 0.192171 0.181675 0.175246 0.166856 0.187518 0.164275 0.139452 0.122602 0.115183 0.113738 0.111265 0.100012 0.117451 0.11111 0.110341 0.0898406 0.0838102 0.122434 0.0834084 0.0826472 0.0821648 0.0799127
threshold=0.97803119772428326 0.29787615695266917 6.8284655487974026 0.071856731010273914 0.79517655031106582 0.18192736242823929 -16.731352277925691 0.14316195246993216 0.7484084752932213 0.67117831059377719 34.779572431216415 0.8045422603626935 -7.1262070701104676 3.8337084469320941 0.71701369600808351 8.713691217559262 0.12183844310241297 1.6234677480219897 0.13860043945110087 0.75785291979784264 0.26768244066807728 0.25317609236450539 1.8025377811346033 0.099456199375624207 -2.9754157257631468 -9.4489792947946984 0.26551787751369299 -0.88031213965201183 0.19652410853518612 0.74793746077742784
decision_type=2 2 2 2 2 2 2 2 2 2 2 2 2 2 2 2 2 2 2 2 2 2 2 2 2 2 2 2 2 2
left_child=1 3 4 -1 17 9 -7 -4 24 11 15 12 -3 23 -8 -9 27 -2 -19 20 22 -21 -17 -13 -5 -26 -12 -10 -6 -14
right_child=2 5 7 8 28 6 14 10 16 -11 26 13 29 -15 -16 19 -18 18 -20 21 -22 -23 -24 -25 25 -27 -28 -29 -30 -31
leaf_value=0.001279470063659742 6.9675987976359252e-05 0.0022109995988103038 -0.00099394697481702907 0.002154301274454143 -0.0012474885959784011 0.003866850043414161 0.0021158398634621078 -0.0037731647320712611 0.0021032786775220832 0.00017612407056801188 -0.0027215128744814254 -0.0006220910982746218 0.00086938570477240002 0.0051209708403159937 -0.0011798765194201927 -0.0013177406443323442 0.0036731803579730729 -0.0002665386576593787 -0.0011673360530009916 -0.0022992005841881691 -0.00074437579653870069 -0.0050444711432900543 -0.0023966219765070543 0.0021868970248172391 -0.00086662075887337171 0.0016777828480498116 -0.0043641214688005074 0.0040408744691656185 -0.0027526182778554523 7.5246693664450135e-06
leaf_weight=1485 523 192 390 718 211 32 35 90 359 1312 587 36 662 41 387 417 306 586 826 258 266 43 549 136 60 223 89 65 159 453
leaf_count=1485 523 192 390 718 211 32 35 90 359 1312 587 36 662 41 387 417 306 586 826 258 266 43 549 136 60 223 89 65 159 453
internal_value=-6.41927e-13 0.00113371 -0.00147605 0.0018379 -0.000774341 0.00044452 -0.000570085 -0.00207754 0.00231696 0.000607172 -0.00226136 0.000979235 0.000767754 0.00227691 -0.000906535 -0.00197963 0.00293387 -0.000560192 -0.000793492 -0.00187433 -0.00167471 -0.00269138 -0.00193089 0.00159897 0.00186707 0.00113833 -0.00293777 0.00240032 -0.00189429 0.000519231
internal_weight=11496 6502 4994 3216 2305 3286 454 2689 1731 2832 2299 1520 1307 213 422 1623 730 1935 1412 1533 1232 301 966 172 1001 283 676 424 370 1115
internal_count=11496 6502 4994 3216 2305 3286 454 2689 1731 2832 2299 1520 1307 213 422 1623 730 1935 1412 1533 1232 301 966 172 1001 283 676 424 370 1115
is_linear=0
shrinkage=0.05


Tree=24
num_leaves=31
num_cat=0
split_feature=4 4 1 3 3 3 6 5 0 4 0 6 1 1 0 0 0 3 5 5 2 6 1 3 1 2 2 1 0 0
split_gain=6.94472 1.13915 0.774765 0.311373 0.286505 0.195763 0.244662 0.172535 0.165743 0.163962 0.150588 0.169235 0.148258 0.143639 0.141292 0.133633 0.125856 0.116802 0.116003 0.107908 0.097925 0.126286 0.0915807 0.0810812 0.0781569 0.096056 0.0767421 0.112494 0.0737699 0.126179
threshold=0.97803119772428326 0.29787615695266917 11.784686335769702 0.067929311352298447 0.19652410853518612 0.18192736242823929 -16.731352277925691 1.8030298691541662 0.7484084752932213 0.67117831059377719 0.8045422603626935 -7.1262070701104676 3.8337084469320941 3.5257471678935008 0.7484084752932213 0.72081573326128512 0.71701369600808351 0.092330020207995814 1.1609936897169277 1.5135938169288841 27.970633947127741 29.082027869420475 -8.3369825491094378 0.099456199375624207 -4.0737084145302793 -2.3788265746064532 -2.9754157257631468 -9.4489792947946984 0.77342937371379861 0.78288259041817032
decision_type=2 2 2 2 2 2 2 2 2 2 2 2 2 2 2 2 2 2 2 2 2 2 2 2 2 2 2 2 2 2
left_child=1 3 4 -1 13 9 -7 15 26 10 11 -3 23 -2 19 -6 -8 -10 -15 20 21 -4 -19 -12 25 -25 -5 -28 -13 -30
right_child=2 5 14 8 7 6 16 -9 17 -11 12 28 -14 18 -16 -17 -18 22 -20 -21 -22 -23 -24 24 -26 -27 27 -29 29 -31
leaf_value=0.0011856691084888423 -0.00018141513999967658 0.0021004496429668507 -0.0020145402926822231 0.0020534011108426084 -0.0011027954027380375 0.0036735076690092685 0.0020100478748125688 0.00031151647304721676 0.0016575290176225955 0.00016731786473766943 -0.00059098654051518279 0.00069547750235768172 0.0048649222340162212 -0.00067556974294716732 -0.0030829285573152013 -0.0023762808967168693 -0.0011208826841760031 0.0020799138548915296 -0.0016595048981241324 -0.0049795017926953736 -0.0023193892762029462 -0.00038457764708932411 0.0035057304190063915 0.0023130341239788747 0.0033678067035026967 -0.0014745127055133568 -0.00082328972008933001 0.0015820821059605807 -0.0015140436961807715 0.00087542618835538067
leaf_weight=1400 940 192 323 755 329 32 35 98 184 1312 36 894 41 967 412 551 387 156 434 30 722 188 405 47 63 26 60 256 111 110
leaf_count=1400 940 192 323 755 329 32 35 98 184 1312 36 894 41 967 412 551 387 156 434 30 722 188 405 47 63 26 60 256 111 110
internal_value=1.17176e-12 0.00107702 -0.00140224 0.001746 -0.000959823 0.000422294 -0.000541581 -0.00167855 0.00217798 0.000576813 0.000930273 0.000729366 0.00216307 -0.000659561 -0.00227889 -0.00190017 -0.000861208 0.0027507 -0.000980372 -0.00201661 -0.00194452 -0.00141487 0.00310925 0.00151902 0.00207755 0.000964045 0.00177958 0.00112537 0.000493269 -0.000324715
internal_weight=11496 6502 4994 3216 3319 3286 454 978 1816 2832 1520 1307 213 2341 1675 880 422 745 1401 1263 1233 511 561 172 136 73 1071 316 1115 221
internal_count=11496 6502 4994 3216 3319 3286 454 978 1816 2832 1520 1307 213 2341 1675 880 422 745 1401 1263 1233 511 561 172 136 73 1071 316 1115 221
is_linear=0
shrinkage=0.05


Tree=25
num_leaves=31
num_cat=0
split_feature=4 4 1 6 0 4 0 5 2 0 1 2 0 6 1 4 1 0 5 1 0 1 1 4 2 0 4 1 1 2
split_gain=6.26761 1.02808 0.701395 0.268532 0.192692 0.174784 0.170728 0.153687 0.152607 0.138731 0.183389 0.145919 0.14126 0.129187 0.127955 0.126924 0.115846 0.110323 0.109366 0.102252 0.0953526 0.0943165 0.0762357 0.0754086 0.0726361 0.101 0.072535 0.0689893 0.0657596 0.123587
threshold=0.97803119772428326 0.29787615695266917 8.4595764517270933 -3.4516164605104853 0.79106858103291067 0.67117831059377719 0.81408278570150616 1.3019098316617019 41.705881787440426 0.8045422603626935 -4.0737084145302793 -2.182673986645685 0.75185709253334576 39.546696592768726 3.2350219021519804 0.56484931728799459 21.14152512614417 0.7484084752932213 1.1609936897169277 19.519039606222005 0.78200870364563313 23.130802125662644 -8.0496791439889517 1.6947058709584319 -2.4165195405889741 0.83763175723790917 -0.12335125880981013 2.7547157880345123 2.3792114854953588 0.94661851252573659
decision_type=2 2 2 2 2 2 2 2 2 2 2 2 2 2 2 2 2 2 2 2 2 2 2 2 2 2 2 2 2 2
left_child=1 3 4 17 14 9 28 8 13 11 15 -3 -13 19 -2 -11 -9 -1 -16 20 -4 -10 -14 -20 26 -26 -19 -5 -7 -30
right_child=2 5 7 27 -6 6 -8 16 21 10 -12 12 22 -15 18 -17 -18 24 23 -21 -22 -23 -24 -25 25 -27 -28 -29 29 -31
leaf_value=0.00173522092529121 -0.00018072405231689311 0.001492018295670589 -0.0014659489953490965 0.0010383015521998476 -0.0017316707075407394 0.00044106525572402126 -0.001328419805651882 -0.0027610057146766108 -0.0020691866026815138 0.0012479520116311009 0.0031086521555057992 0.000770631098039014 -0.0024436891141415736 -1.7996467019353682e-05 -0.00061566673533074482 -0.002747502040117979 -0.0062798208758557371 0.0032155057555155507 -0.0022967837582637362 -0.0028101786939062614 -0.003375511450935122 -0.0035625482735098801 -0.00018266328834835136 -0.00087768422029044398 0.0036030773133759134 0.00081158516940807836 0.0017955537804236706 0.0030749114325031813 -0.0037921026640105994 -9.3411418605939602e-05
leaf_weight=1175 1031 327 1244 1261 442 1012 202 233 277 97 134 630 41 120 815 25 26 120 204 189 69 171 411 173 220 38 359 43 24 383
leaf_count=1175 1031 327 1244 1261 442 1012 202 233 277 97 134 630 41 120 815 25 26 120 204 189 69 171 411 173 220 38 359 43 24 383
internal_value=-2.77696e-12 0.00102317 -0.00133213 0.0016587 -0.00077819 0.000401179 3.16041e-05 -0.00196599 -0.00182232 0.000760988 0.00183173 0.000566445 0.000286721 -0.00159669 -0.000588609 0.000429211 -0.00311425 0.00203602 -0.000941402 -0.00172282 -0.0015663 -0.0026392 -0.000387756 -0.00164558 0.00251558 0.00319193 0.00215128 0.00110546 0.000225209 -0.000311516
internal_weight=11496 6502 4994 3216 2665 3286 1621 2329 2070 1665 256 1409 1082 1622 2223 122 259 1912 1192 1502 1313 448 452 377 737 258 479 1304 1419 407
internal_count=11496 6502 4994 3216 2665 3286 1621 2329 2070 1665 256 1409 1082 1622 2223 122 259 1912 1192 1502 1313 448 452 377 737 258 479 1304 1419 407
is_linear=0
shrinkage=0.05


Tree=26
num_leaves=31
num_cat=0
split_feature=6 2 3 3 0 2 1 5 6 0 6 5 3 5 0 1 1 1 1 2 5 0 3 6 1 2 6 2 5 5
split_gain=5.27949 0.885736 0.774721 0.66808 0.236235 0.218672 0.142977 0.178029 0.138725 0.136793 0.120447 0.128383 0.150285 0.118858 0.11411 0.117302 0.111465 0.110067 0.10772 0.0996085 0.094975 0.122002 0.0866586 0.0798095 0.216948 0.130876 0.0785703 0.0926995 0.0941373 0.0754361
threshold=4.5760053366667854 -0.95967878883527458 0.15629010319487011 0.15339740189008125 0.8397716758598639 25.572578354680044 2.1662552160108044 0.74329628882811616 19.66914169428113 0.78476499893267271 -13.924238603290497 1.5004809683234164 0.27014750437153429 1.1700310344335201 0.79106858103291067 3.2350219021519804 -11.563225137424297 2.3792114854953588 3.2350219021519804 4.2719694927344607 1.6629987002552635 0.7258238903827926 0.11909386665347002 24.666723263584373 12.965081106292045 17.685855130294122 -5.6983863601124378 -0.20254539745381719 1.1609936897169277 0.99844983425337819
decision_type=2 2 2 2 2 2 2 2 2 2 2 2 2 2 2 2 2 2 2 2 2 2 2 2 2 2 2 2 2 2
left_child=1 4 8 14 10 9 20 -8 -2 23 -1 16 -13 22 17 -16 -12 -3 -9 -11 21 -5 -6 24 -4 -25 -23 28 -28 -27
right_child=2 3 5 6 13 -7 7 18 -10 19 11 12 -14 -15 15 -17 -18 -19 -20 -21 -22 26 -24 25 -26 29 27 -29 -30 -31
leaf_value=0.0027902908641801267 -0.00033595457088377245 0.00071306073209717418 -0.0012130197532406529 0.0003241151759625009 -0.0011672996791700523 -0.0023156107341260387 0.0045497552849925486 0.0020366929086117909 -0.001579816995635497 -0.0049415244119397055 -0.0011639064469740593 -0.00076397785803572721 0.0028668473817800222 -0.0013629039932945462 0.0011497573700921379 0.0035600529898974029 0.0016769313575136344 -0.00058939718609811583 -0.001945073214747248 -0.0020969002970542654 0.00039051174433693943 -0.0031873546185947604 0.0020446312963031234 0.0011961765365997032 -0.0034853213693450333 -6.0221108310308657e-05 0.0031386796229829397 -0.0015948681900198253 -0.00078679936441403706 -0.0018744156162054946
leaf_weight=213 1802 1641 1112 106 30 1098 26 29 256 36 35 114 38 99 614 55 2566 180 41 212 103 63 70 81 116 97 21 446 56 140
leaf_count=213 1802 1641 1112 106 30 1098 26 29 256 36 35 114 38 99 614 55 2566 180 41 212 103 63 70 81 116 97 21 446 56 140
internal_value=3.22394e-12 0.000931767 -0.00123219 0.000369039 0.0015329 -0.00175986 -0.00080592 0.00101677 -0.000490682 -0.00141972 0.00164479 0.00155616 0.000143728 -0.000134785 0.000789476 0.00134791 0.0016387 0.000584317 -0.000295484 -0.00250983 -0.00102602 -0.00123686 0.00108105 -0.00124485 -0.00142767 -0.000538897 -0.00151922 -0.00131828 0.000283786 -0.0011319
internal_weight=11496 6546 4950 3381 3165 2892 891 96 2058 1794 2966 2753 152 199 2490 669 2601 1821 70 248 795 692 100 1546 1228 318 586 523 77 237
internal_count=11496 6546 4950 3381 3165 2892 891 96 2058 1794 2966 2753 152 199 2490 669 2601 1821 70 248 795 692 100 1546 1228 318 586 523 77 237
is_linear=0
shrinkage=0.05


Tree=27
num_leaves=31
num_cat=0
split_feature=6 2 3 3 0 2 6 0 6 3 2 1 5 0 2 1 1 5 5 1 0 5 1 3 5 2 1 0 0 3
split_gain=4.76809 0.886938 0.600407 0.600194 0.213202 0.189875 0.114775 0.114094 0.113955 0.238836 0.11864 0.113226 0.121033 0.11137 0.116903 0.11079 0.108347 0.17972 0.107269 0.10253 0.100821 0.149201 0.0950499 0.0833246 0.143073 0.0973241 0.0827226 0.081915 0.0811182 0.0785746
threshold=5.2972465559487709 -0.95967878883527458 0.15629010319487011 0.15339740189008125 0.8397716758598639 25.572578354680044 21.640404416810931 0.79106858103291067 24.666723263584373 0.23223572776312887 17.685855130294122 8.7107179001681985 1.1194458603399535 0.76778546585532392 -2.8913343865345804 2.3792114854953588 2.1662552160108044 0.74329628882811616 1.1700310344335201 11.784686335769702 0.76608705103466868 1.0582644706873789 4.0691524372502021 0.092330020207995814 0.87472760007651484 -2.2709563821327468 3.2350219021519804 0.73348222558021725 0.71285268178060279 0.12257375534213759
decision_type=2 2 2 2 2 2 2 2 2 2 2 2 2 2 2 2 2 2 2 2 2 2 2 2 2 2 2 2 2 2
left_child=1 4 6 7 13 8 -2 15 9 11 -10 28 -13 14 -1 -3 20 -18 29 27 21 -5 -9 -15 -25 -26 -19 -11 -4 -6
right_child=2 3 5 16 18 -7 -8 22 10 19 -12 12 -14 23 -16 -17 17 26 -20 -21 -22 -23 -24 24 25 -27 -28 -29 -30 -31
leaf_value=0.0017037397401606401 -0.00038803871325948647 0.00065417986766377586 0.00024875903653534119 -0.001960859339687706 -0.00092573658946682423 -0.0021998301955194395 -0.0016624174697702104 0.0011028487329597699 0.0011293872144561626 -0.0014612764283491854 -0.0010712277059046905 -0.0012685014851565237 -0.0031188589321911662 0.0011642382986254381 0.00096256226097960612 -0.00040288808128358848 0.0043222674670127725 0.0014464890273908773 -0.0012947588019552782 -0.0049589246509034041 -0.0014496606008073793 0.00031105849010077872 0.0035866662337467438 0.0030522036754212106 0.0021604350763179052 0.00017524474217450237 -0.0016594138765215595 -0.0033291201073770635 -0.0011128546316932478 0.0020329543181243494
leaf_weight=1198 1641 1742 133 101 34 1098 198 636 82 114 242 249 137 196 957 289 26 36 99 48 474 254 41 332 192 91 53 121 616 66
leaf_count=1198 1641 1742 133 101 34 1098 198 636 82 114 242 249 137 196 957 289 26 36 99 48 474 254 41 332 192 91 53 121 616 66
internal_value=1.87384e-12 0.000843624 -0.00122911 0.000312688 0.00145625 -0.00168488 -0.000525248 0.000691142 -0.0013603 -0.0015536 -0.000514282 -0.00122958 -0.00192523 0.00156255 0.0013746 0.000503765 -0.000772959 0.000665249 -0.000128046 -0.00285314 -0.000972469 -0.000335318 0.00125327 0.00206199 0.0023481 0.00152209 -0.000403094 -0.00242302 -0.000871073 0.001027
internal_weight=11496 6817 4679 3652 3165 2840 1839 2708 1742 1418 324 1135 386 2966 2155 2031 944 115 199 283 829 355 677 811 615 283 89 235 749 100
internal_count=11496 6817 4679 3652 3165 2840 1839 2708 1742 1418 324 1135 386 2966 2155 2031 944 115 199 283 829 355 677 811 615 283 89 235 749 100
is_linear=0
shrinkage=0.05


Tree=28
num_leaves=31
num_cat=0
split_feature=4 4 1 6 4 2 6 0 1 0 0 4 0 0 6 1 5 0 1 0 2 5 4 6 2 0 2 4 1 4
split_gain=4.65688 0.768632 0.525926 0.207344 0.168466 0.130606 0.126127 0.117246 0.129302 0.114038 0.0928099 0.0927711 0.122971 0.118609 0.17813 0.142169 0.0924189 0.0813639 0.0767347 0.0746414 0.0707636 0.106759 0.0794451 0.0705666 0.0676 0.0848248 0.0657436 0.116668 0.0645908 0.0632779
threshold=0.97803119772428326 0.29787615695266917 11.784686335769702 -3.5780096753294663 1.1357271434253546 9.5216673653054311 -11.832597164209599 0.78476499893267271 1.8232826986013808 0.7484084752932213 0.7484084752932213 0.67117831059377719 0.81408278570150616 0.8045422603626935 -8.7010486494572508 -10.806651678334982 1.5135938169288841 0.77750657569165105 3.8337084469320941 0.78288259041817032 27.970633947127741 0.99341049224558942 2.1949316279410893 -7.1262070701104676 -2.4587377057231268 0.83763175723790917 8.2418553387845268 1.3775402840046234 -3.3739585404041756 -0.12335125880981013
decision_type=2 2 2 2 2 2 2 2 2 2 2 2 2 2 2 2 2 2 2 2 2 2 2 2 2 2 2 2 2 2
left_child=1 3 4 10 5 -2 -3 8 -6 16 -1 13 -13 15 -15 -8 20 23 -16 -19 21 -4 -23 -17 29 -26 28 -28 -9 -12
right_child=2 6 9 -5 7 -7 11 26 -10 -11 24 12 -14 14 18 17 -18 19 -20 -21 -22 22 -24 -25 25 -27 27 -29 -30 -31
leaf_value=0.0014889710794231963 -0.00056210082153925226 0.0018827960724593141 -0.00031912515653126009 0.00094938033494169373 0.00011660026416806927 0.0007815203947977049 -0.0034406790626235308 -0.00064093534989903382 -0.0010193734850500284 -0.002592883589073891 0.002846149724150487 0.00017837781656878748 -0.0011534774570427177 -0.0015363837815943714 0.0016938750745120832 0.0017117864157736415 -0.0043769278128941852 -0.0014975579942358153 0.0041279323558073219 0.00031001599229051177 -0.0018868634202786842 -0.0024460856655370228 -0.00072357331910593951 0.00047721506678847603 0.0032110223844585869 0.00065861664969768183 0.00074548873006798598 -0.0017870308809205583 -0.0031456084388634589 0.0015067792303740855
leaf_weight=1167 734 128 230 1317 297 240 24 33 1600 412 118 1390 198 38 154 132 30 93 41 148 722 171 110 940 227 38 56 242 117 349
leaf_count=1167 734 128 230 1317 297 240 24 33 1600 412 118 1390 198 38 154 132 30 93 41 148 722 171 110 940 227 38 56 242 117 349
internal_value=2.85616e-12 0.000881952 -0.00114827 0.00143147 -0.000783756 -0.000231024 0.00034414 -0.00101333 -0.000841522 -0.00187055 0.00176581 0.000281776 1.23153e-05 0.000554325 0.00159536 0.000372903 -0.00163491 0.00044261 0.00220565 -0.000387513 -0.0015682 -0.00111795 -0.00177179 0.000629233 0.00220716 0.00284502 -0.00174085 -0.00131112 -0.00259458 0.00184521
internal_weight=11496 6502 4994 3216 3319 974 3286 2345 1897 1675 1899 3158 1588 1570 233 1337 1263 1313 195 241 1233 511 281 1072 732 265 448 298 150 467
internal_count=11496 6502 4994 3216 3319 974 3286 2345 1897 1675 1899 3158 1588 1570 233 1337 1263 1313 195 241 1233 511 281 1072 732 265 448 298 150 467
is_linear=0
shrinkage=0.05


Tree=29
num_leaves=31
num_cat=0
split_feature=4 4 3 4 3 2 0 3 6 5 6 6 3 6 0 2 6 2 0 0 5 0 3 5 6 3 5 2 6 6
split_gain=4.20283 0.69369 0.462338 0.24158 0.212876 0.18315 0.158608 0.127323 0.178425 0.124341 0.112437 0.128635 0.104913 0.104866 0.103206 0.0943077 0.0933704 0.0897438 0.0799213 0.0775889 0.113187 0.101914 0.0742058 0.0736069 0.0713632 0.071266 0.0661976 0.06564 0.0650511 0.0606208
threshold=0.97803119772428326 0.29787615695266917 0.18605005104068253 1.6340028142248439 0.092330020207995814 26.232739234714646 0.7484084752932213 0.18285040497137908 -16.731352277925691 0.44949177700076048 -3.7366548171173828 25.756673100643035 0.23223572776312887 -4.9358023965360251 0.71701369600808351 17.685855130294122 29.082027869420475 -3.3082739621290203 0.69464089761126113 0.78380708549233569 0.95368354306514758 0.77342937371379861 0.10456293275060753 1.8698268892063374 39.546696592768726 0.10878037150417992 1.5625918901124045 14.183439367912575 -2.8647982552747169 18.741426402242251
decision_type=2 2 2 2 2 2 2 2 2 2 2 2 2 2 2 2 2 2 2 2 2 2 2 2 2 2 2 2 2 2
left_child=1 4 3 -2 28 10 17 13 -9 -7 -4 12 -12 26 -10 -13 -17 -6 24 21 22 -15 -21 -14 -11 -19 -3 -5 -1 -29
right_child=2 7 5 27 6 9 -8 8 14 18 11 15 23 19 -16 16 -18 25 -20 20 -22 -23 -24 -25 -26 -27 -28 29 -30 -31
leaf_value=0.0013720652659450876 -0.00031554866621047434 0.001294667420074457 0.00050741812922685159 -0.0037983254198199856 0.0019039727001699596 0.00081403541953477547 0.0025049989522651001 0.003131965472130105 0.0018514456147594113 -0.0018827979827775326 -0.0012782153013947116 0.0011277545083846366 -0.002439908327717049 0.00029432112534479114 -0.00098787313637880539 -0.0026649098591102912 -0.00037756129570869695 0.0017274648542809799 -0.0026266583078716661 0.00034378478271297427 -0.00031987432714489358 -0.00090935585438793565 0.0020404699436160929 0.00047107045336262037 0.00085065886843949568 7.3276397457746221e-05 -0.00045804621448518985 -0.00063279682454600215 0.00080455468142998955 -0.0015346371373342147
leaf_weight=899 1810 461 82 26 324 32 561 32 35 117 725 70 389 1711 374 60 174 103 596 97 127 196 192 23 30 177 61 273 1152 587
leaf_count=899 1810 461 82 26 324 32 561 32 35 117 725 70 389 1711 374 60 174 103 596 97 127 196 192 23 30 177 61 273 1152 587
internal_value=-1.26995e-12 0.000837854 -0.00109085 -0.000646693 0.0013599 -0.00161194 0.00189965 0.000326933 -0.000463585 -0.00223769 -0.00129352 -0.00139601 -0.00164028 0.000449471 -0.0007449 -0.000482393 -0.000964061 0.00133739 -0.00236912 0.000305572 0.000924263 0.000170608 0.00147099 -0.0022774 -0.00132495 0.000681781 0.00108985 -0.00132319 0.00105331 -0.00124836
internal_weight=11496 6502 4994 2696 3216 2298 1165 3286 441 775 1523 1441 1137 2845 409 304 234 604 743 2323 416 1907 289 412 147 280 522 886 2051 860
internal_count=11496 6502 4994 2696 3216 2298 1165 3286 441 775 1523 1441 1137 2845 409 304 234 604 743 2323 416 1907 289 412 147 280 522 886 2051 860
is_linear=0
shrinkage=0.05


Tree=30
num_leaves=31
num_cat=0
split_feature=4 4 3 3 4 0 6 2 4 5 2 3 6 3 5 3 5 0 2 5 5 3 6 4 6 2 2 4 2 4
split_gain=3.80094 0.826342 0.256723 0.231917 0.226444 0.19639 0.159805 0.148577 0.136231 0.134585 0.114312 0.0991336 0.0989009 0.0968398 0.0929457 0.0928174 0.117529 0.0838349 0.0757499 0.0711998 0.064693 0.0644661 0.0612518 0.0559591 0.0555046 0.0552131 0.0518621 0.126598 0.0517397 0.0632781
threshold=1.0824798418194679 0.54117925925939192 0.18605005104068253 0.13510148952138687 -0.022696147651931047 0.72081573326128512 11.107137050582834 -1.7506257341193889 1.8155794690418863 1.8698268892063374 -0.44914632991570702 0.27715324302306538 -8.7933464124944027 0.25655817950047627 0.62158219485555177 0.28989110632391846 1.3545594759052471 0.78137308596253507 -2.182673986645685 1.3545594759052471 1.3867398117720777 0.10957879588589095 1.5910650629561316 1.3893270061948504 10.744869547351355 18.108242991403483 24.484995383745733 2.2548752784492918 12.089759173637484 1.3775402840046234
decision_type=2 2 2 2 2 2 2 2 2 2 2 2 2 2 2 2 2 2 2 2 2 2 2 2 2 2 2 2 2 2
left_child=1 4 8 -3 21 6 -4 15 22 13 17 14 -9 -7 -8 16 -5 19 -19 -6 25 -1 23 -2 -14 -13 27 -15 29 -24
right_child=2 3 5 7 10 9 11 12 -10 -11 -12 20 24 26 -16 -17 -18 18 -20 -21 -22 -23 28 -25 -26 -27 -28 -29 -30 -31
leaf_value=0.0016938271437072561 -0.00045297165186359336 0.00047330625851884099 0.001057739202802754 0.002809052292478124 0.00098116640054169541 -0.0018681051657085793 0.0010567310763607647 -0.0036423639635796905 -0.00141793746430109 0.0004409236748769117 0.00062615010444718399 0.0013905209735693301 -0.00052318964888486952 -0.0030167645653026232 -0.0016634476025271672 0.0030107601923314302 -0.00026510661836047738 0.0011378371394756767 0.0023045545420568854 0.0032933183069176531 -0.0029450970369258099 0.002804631569888443 -0.0007219521588916122 0.00286012305226177 -0.0027778340653250265 -0.00052048825593673214 -0.0037512955418986895 0.0010654254644380315 -0.00031265350434310263 -0.0021464069689035468
leaf_weight=515 26 1583 83 38 1607 881 33 27 611 54 1363 51 1087 109 649 37 171 270 287 34 21 175 583 25 28 146 117 23 772 90
leaf_count=515 26 1583 83 38 1607 881 33 27 611 54 1363 51 1087 109 649 37 171 270 287 34 21 175 583 25 28 146 117 23 772 90
internal_value=-2.05301e-12 0.000699408 -0.00118183 5.96507e-05 0.00114653 -0.00156394 -0.00104154 -0.000412119 -0.000788836 -0.00199765 0.000985895 -0.00123514 -0.000652216 -0.00211418 -0.00153183 0.000702475 0.000293831 0.00120898 0.001739 0.00102907 -0.000306981 0.00197555 -0.000531897 0.00117109 -0.000579809 -2.576e-05 -0.00298484 -0.00230547 -0.000592002 -0.000912444
internal_weight=11496 7222 4274 2971 4251 2167 983 1388 2107 1184 3561 900 1142 1130 682 246 209 2198 557 1641 218 690 1496 51 1115 197 249 132 1445 673
internal_count=11496 7222 4274 2971 4251 2167 983 1388 2107 1184 3561 900 1142 1130 682 246 209 2198 557 1641 218 690 1496 51 1115 197 249 132 1445 673
is_linear=0
shrinkage=0.05


Tree=31
num_leaves=31
num_cat=0
split_feature=4 4 2 3 6 4 3 0 6 0 2 6 3 3 4 6 3 0 6 0 3 2 0 2 6 6 3 2 6 0
split_gain=3.43953 0.672365 0.279793 0.233976 0.158858 0.134692 0.131553 0.115864 0.1496 0.109931 0.107462 0.0797733 0.0783852 0.07371 0.0697803 0.0690749 0.0747607 0.0681752 0.0606887 0.0985064 0.0581807 0.0571981 0.0809674 0.0644278 0.109813 0.0654259 0.082042 0.080414 0.0685298 0.059403
threshold=0.73243081839262125 1.4224562715186628 -0.61224805925479076 0.13860043945110087 3.72232555127718 -0.022696147651931047 0.14881667895182216 0.81666059307884431 -10.371447684052635 0.81794931663302306 34.779572431216415 35.98182466434384 0.27315599561754372 0.24659523319887847 2.3125140794255805 -1.7101290732607617 0.21216728407650617 0.73448319781880278 -0.18313700728796631 0.73208468741278787 0.10957879588589095 11.607345145174413 0.73708672807135189 23.583513377571464 19.394221882054399 24.666723263584373 0.25655817950047627 17.685855130294122 23.711862313581687 0.69119253614872178
decision_type=2 2 2 2 2 2 2 2 2 2 2 2 2 2 2 2 2 2 2 2 2 2 2 2 2 2 2 2 2 2
left_child=2 3 5 -2 17 20 -4 8 -5 18 11 21 -9 -12 -13 -10 -17 -3 -8 -20 -1 22 29 25 -25 26 28 -27 -23 -6
right_child=1 4 6 7 10 -7 9 12 15 -11 13 14 -14 -15 -16 16 -18 -19 19 -21 -22 23 -24 24 -26 27 -28 -29 -30 -31
leaf_value=0.0016091358075393091 0.00016229573195812735 -0.0006073596654459835 0.00065434892227707049 0.0024674353973440279 -0.0028248800940456845 0.0010839993402999291 -0.0014273059358908182 -0.0013144434604655227 0.00015610286401994576 0.0029611278325319293 -0.0016440333886472169 0.0019910382685096313 -0.0038879819789572677 -0.0028882278160710863 -0.00063420011188829878 -0.00060308232771760827 -0.0017869592149075452 0.003275578220088322 -0.0017090367578805007 0.0022852768303092681 0.0026644000117667021 -0.00090841937675000418 -0.0029002593678422277 -0.00021381517037752929 -0.0018293938078987612 0.0010998413537447228 -0.0032586372241244785 -0.001059052864234168 -0.0037397658775179562 -0.00064005675890560585
leaf_weight=515 1524 20 1823 41 42 2397 159 228 257 20 592 30 34 149 162 1141 151 26 29 33 175 748 125 128 590 82 42 91 22 120
leaf_count=515 1524 20 1823 41 42 2397 159 228 257 20 592 30 34 149 162 1141 151 26 29 33 175 748 125 128 590 82 42 91 22 120
internal_value=-1.09132e-12 -0.000779249 0.000959878 -0.000296567 -0.0013281 0.0012612 0.000509211 -0.000674163 -0.000513625 -0.00058866 -0.00137398 -0.00119731 -0.00164841 -0.00189422 -0.000224007 -0.00059253 -0.000741446 0.00158734 -0.000909908 0.000416969 0.00187678 -0.00129121 -0.0019442 -0.00118117 -0.00154138 -0.000918601 -0.00110669 -3.5762e-05 -0.000989315 -0.00120649
internal_weight=11496 6345 5151 3376 2969 3087 2064 1852 1590 241 2923 2182 262 741 192 1549 1292 46 221 62 690 1990 287 1703 718 985 812 173 770 162
internal_count=11496 6345 5151 3376 2969 3087 2064 1852 1590 241 2923 2182 262 741 192 1549 1292 46 221 62 690 1990 287 1703 718 985 812 173 770 162
is_linear=0
shrinkage=0.05


Tree=32
num_leaves=31
num_cat=0
split_feature=4 4 1 3 3 6 4 1 5 1 3 5 2 1 2 6 1 1 2 6 1 3 2 2 6 3 2 6 5 1
split_gain=3.10977 0.684089 0.243159 0.174972 0.15123 0.205163 0.134168 0.140133 0.114403 0.107656 0.103487 0.117723 0.0986032 0.0968382 0.0885504 0.108311 0.0813413 0.0741044 0.0737303 0.115501 0.0734737 0.072613 0.0697849 0.063616 0.0576916 0.0569825 0.0561402 0.12669 0.0776643 0.0555223
threshold=1.0824798418194679 0.29063868988395342 8.4595764517270933 0.092330020207995814 0.13510148952138687 -12.79835494464972 0.4474637760666309 -5.7931638154499971 1.3019098316617019 -5.7931638154499971 0.23223572776312887 1.8698268892063374 -3.0252986020786676 21.14152512614417 41.705881787440426 39.546696592768726 25.151941537787049 0.71839096937593727 -1.7506257341193889 -9.1119271767827072 23.130802125662644 0.16584910955960755 -2.4165195405889741 8.8452224143484717 17.147645226253356 0.2107150798414176 16.791219443569201 20.528607542551779 1.165518488112564 1.8232826986013808
decision_type=2 2 2 2 2 2 2 2 2 2 2 2 2 2 2 2 2 2 2 2 2 2 2 2 2 2 2 2 2 2
left_child=1 3 10 -1 17 -6 7 22 14 12 29 24 -5 -10 15 16 23 -3 -8 -20 -16 -11 -7 -4 -12 -21 27 28 -25 -2
right_child=2 4 8 9 5 6 18 -9 13 21 11 -13 -14 -15 20 -17 -18 -19 19 25 -22 -23 -24 26 -26 -27 -28 -29 -30 -31
leaf_value=0.00090400923588685584 6.726441917553937e-05 0.0007532797202560843 -0.0032071289839223031 0.0016348319799521184 0.002210071337212021 0.00070737997840087004 0.00036896347620363353 0.0028060931435046608 -0.0020850502300803655 0.0019648694611972216 -0.0023225261827532965 0.00052595735660839924 0.00025502552415566861 -0.0053022542950482325 -0.0014093822371955454 0.00032603323658501421 -0.0041230590237925453 0.00019681307930910467 -0.0043641916010528801 -0.00037841760759640812 -0.0027292759168609892 0.0036018259599115013 -0.002925318744964898 -0.00077588457072816472 -0.00015307862877307344 -0.0013201602919252764 -0.0012859337196209472 0.0012143843481914164 -0.0037184843829331489 -0.00065251831173281571
leaf_weight=2029 335 1115 38 468 86 39 237 68 233 414 206 57 179 26 275 120 24 1291 20 983 171 81 20 163 36 192 1148 78 26 1338
leaf_count=2029 335 1115 38 468 86 39 237 68 233 414 206 57 179 26 275 120 24 1291 20 983 171 81 20 163 36 192 1148 78 26 1338
internal_value=1.85398e-12 0.000632629 -0.00106899 0.00118265 0.000202088 -0.000167376 -0.000298524 0.00125902 -0.00141805 0.00167772 -0.000661515 -0.0015183 0.00125309 -0.00240801 -0.00129254 -0.00111858 -0.00123595 0.000454694 -0.000436658 -0.000596434 -0.00191544 0.00223274 -0.000524043 -0.00118827 -0.0019998 -0.000532302 -0.00113405 -0.000481003 -0.00118069 -0.00050839
internal_weight=11496 7222 4274 3171 4051 1645 1559 127 2302 1142 1972 299 647 259 2043 1597 1477 2406 1432 1195 446 495 59 1453 242 1175 1415 267 189 1673
internal_count=11496 7222 4274 3171 4051 1645 1559 127 2302 1142 1972 299 647 259 2043 1597 1477 2406 1432 1195 446 495 59 1453 242 1175 1415 267 189 1673
is_linear=0
shrinkage=0.05


Tree=33
num_leaves=31
num_cat=0
split_feature=4 4 1 3 3 6 4 1 3 1 1 5 2 2 1 6 6 4 3 1 3 1 2 6 3 2 5 3 3 3
split_gain=2.80657 0.61739 0.221271 0.158117 0.136485 0.18516 0.121087 0.12647 0.120949 0.0994581 0.0974832 0.0910296 0.119272 0.0904842 0.0782033 0.0770582 0.0742036 0.0829022 0.0866905 0.0701998 0.0738376 0.0668792 0.0665416 0.10424 0.0639274 0.0629809 0.0611177 0.0593299 0.0576973 0.055817
threshold=1.0824798418194679 0.29063868988395342 13.723247650299776 0.092968748935527909 0.13510148952138687 -12.79835494464972 0.4474637760666309 -5.7931638154499971 0.19652410853518612 -5.7931638154499971 0.63704723410803477 0.78302739188251602 54.019174124039118 -2.6522581620433257 23.742394834092266 38.140547968162473 -3.7366548171173828 1.6738073841418732 0.27715324302306538 3.1479222427203806 0.27715324302306538 0.71839096937593727 -1.7506257341193889 -9.1119271767827072 0.16584910955960755 -2.4165195405889741 1.2303792589414841 0.22270978164923813 0.2406949827442707 0.30133967984551241
decision_type=2 2 2 2 2 2 2 2 2 2 2 2 2 2 2 2 2 2 2 2 2 2 2 2 2 2 2 2 2 2
left_child=1 3 8 -1 21 -6 7 25 10 13 -2 12 15 -5 29 -4 -10 19 28 20 -18 -3 -8 -24 -11 -7 -12 -21 -19 -13
right_child=2 4 11 9 5 6 22 -9 16 24 26 14 -14 -15 -16 -17 17 18 -20 27 -22 -23 23 -25 -26 -27 -28 -29 -30 -31
leaf_value=0.00086261148090244612 0.0007207711497146744 0.00071561572961469425 -0.0011261454285256779 0.0014125065998217801 0.0020995677986891596 0.00067201096964522437 0.00035051531276123095 0.0026657884521067471 0.00066681435448117559 0.0018830079314239466 -0.00048011108125850689 -0.0016970906605465255 -0.0029433428833726795 -0.00040600625201104548 -0.0027489651236475491 0.00067196811119422581 -0.00075154543948075219 -0.00090504721504089207 0.00053048716297119183 -0.00153389622508099 -0.0032149828190134993 0.00018697242662686121 -0.004145982088521123 -0.00050568725483212133 0.0034217346853427132 -0.0027790527883917097 -0.0011760714826624923 -0.003227772030676518 -0.0022948644226216271 -0.00021449062548091881
leaf_weight=2051 142 1115 130 556 86 39 237 68 50 405 1368 794 52 78 171 110 171 379 88 92 37 1291 20 1175 81 20 410 118 93 69
leaf_count=2051 142 1115 130 556 86 39 237 68 50 405 1368 794 52 78 171 110 171 379 88 92 37 1291 20 1175 81 20 410 118 93 69
internal_value=6.18687e-13 0.000600998 -0.00101554 0.00112352 0.000191984 -0.000159007 -0.000283598 0.00119607 -0.000774256 0.00160131 -0.000539912 -0.00155196 -0.000772384 0.00118878 -0.00177211 -0.00030201 -0.00121194 -0.00130799 -0.000910272 -0.00184082 -0.00118975 0.000431959 -0.000414825 -0.000566613 0.00213946 -0.000497841 -0.000640597 -0.00248569 -0.00117889 -0.00157855
internal_weight=11496 7222 4274 3171 4051 1645 1559 127 2948 1120 1920 1326 292 634 1034 240 1028 978 560 418 208 2406 1432 1195 486 59 1778 210 472 863
internal_count=11496 7222 4274 3171 4051 1645 1559 127 2948 1120 1920 1326 292 634 1034 240 1028 978 560 418 208 2406 1432 1195 486 59 1778 210 472 863
is_linear=0
shrinkage=0.05


Tree=34
num_leaves=31
num_cat=0
split_feature=4 1 4 0 6 1 1 5 2 5 0 1 1 5 2 6 0 1 1 2 2 5 2 2 5 2 1 2 4 6
split_gain=2.53526 0.535764 0.219457 0.189652 0.131472 0.104816 0.0982491 0.105973 0.131105 0.0767953 0.0762767 0.081903 0.0758315 0.0888203 0.0789282 0.0953058 0.0727234 0.118219 0.0876402 0.11332 0.0836782 0.0726808 0.0677221 0.0671272 0.0602937 0.067762 0.0768241 0.0609483 0.0574035 0.0564522
threshold=0.73243081839262125 6.1102159801713745 0.21763246160029359 0.81527461224674902 -1.9771699221738441 -9.1274271336962958 19.059872091228659 0.78302739188251602 45.983328748793419 0.4164128862025111 0.71739647189243616 -9.9889946680254003 3.2350219021519804 1.1558303738457092 7.7279086170463769 5.1615356073179095 0.80001930524045262 -3.3739585404041756 -0.68728169287121654 0.67005934370052145 -1.2165334094558513 0.49458407079828376 2.4994988971274581 18.54741642814599 1.0770838126051014 12.491703454051722 9.6409686330003694 16.469018377242634 0.56484931728799459 38.140547968162473
decision_type=2 2 2 2 2 2 2 2 2 2 2 2 2 2 2 2 2 2 2 2 2 2 2 2 2 2 2 2 2 2
left_child=2 3 4 5 10 -2 9 8 29 -3 11 -1 14 -14 15 -7 18 28 -4 -20 -19 -21 -22 -15 -11 26 -26 -27 -18 -8
right_child=1 6 16 -5 -6 12 7 -9 -10 24 -12 -13 13 23 -16 -17 17 20 19 21 22 -23 -24 -25 25 27 -28 -29 -30 -31
leaf_value=-0.0006187957155311274 0.0024068488479625982 0.0020043532795084285 0.00062846634875595928 -0.0012682176707452105 0.00065669118436392109 -2.4847026101060116e-05 -0.0014408472281756141 -0.0021326242831154456 -0.0025314842067018619 -0.00077769843540387599 0.001642273890114544 0.0011560055061106177 -0.00025964712620478718 -0.0018162976888625214 0.00045307506391463394 -0.0012167705319370726 0.00070788155754216602 -0.00090852867528472259 -0.0009746416318486841 -0.00019337903290221809 0.0027403434461637124 0.00092153255658665922 0.0001702432438070255 0.001007496169768274 -0.0015262929240176708 -0.0002176757170903479 -0.0037168488973243676 -0.0012964758156729908 -0.001284270206162212 0.00071918528082118001
leaf_weight=72 41 21 1134 396 983 1162 43 450 72 1144 1080 669 687 171 712 196 138 23 236 316 148 272 31 24 147 158 55 764 49 102
leaf_count=72 41 21 1134 396 983 1162 43 450 72 1144 1080 669 687 171 712 196 138 23 236 316 148 272 31 24 147 158 55 764 49 102
internal_value=7.99534e-13 -0.000669019 0.000824097 -0.00023992 0.00112268 -0.000103867 -0.00116097 -0.00169497 -0.000787403 -0.00100537 0.00137423 0.000983555 -0.000138738 -0.000526967 2.66812e-05 -0.000196877 0.000467373 0.0010918 0.000343317 -4.91096e-05 0.00193046 0.000322362 0.00229524 -0.00146875 -0.00103324 -0.00129332 -0.00212273 -0.00111161 0.000185874 7.86239e-05
internal_weight=11496 6345 5151 3389 2804 2993 2956 667 217 2289 1821 741 2952 882 2070 1358 2347 389 1958 824 202 588 179 195 2268 1124 202 922 187 145
internal_count=11496 6345 5151 3389 2804 2993 2956 667 217 2289 1821 741 2952 882 2070 1358 2347 389 1958 824 202 588 179 195 2268 1124 202 922 187 145
is_linear=0
shrinkage=0.05


Tree=35
num_leaves=31
num_cat=0
split_feature=4 4 1 4 6 0 5 0 4 0 4 2 4 6 0 1 0 6 1 0 6 1 2 6 6 1 2 0 5 6
split_gain=2.29416 0.502909 0.187055 0.113972 0.10764 0.0994558 0.136064 0.0755297 0.072612 0.0787818 0.0722255 0.0659401 0.0747455 0.0641814 0.0718982 0.0734762 0.0583175 0.166824 0.103652 0.069491 0.0621942 0.0566094 0.0552169 0.116613 0.0649702 0.0899293 0.0698256 0.0726949 0.0577947 0.0538418
threshold=1.0824798418194679 0.29063868988395342 8.4595764517270933 -0.086019283140861977 -12.17577471367578 0.73816534628813069 1.5135938169288841 0.78476499893267271 0.72282933352316225 0.81408278570150616 2.5015912564931599 4.2719694927344607 1.3775402840046234 -1.0868378832894408 0.77930848673129838 -10.158473793392979 0.8045422603626935 -8.7010486494572508 -10.806651678334982 0.77750657569165105 -7.1262070701104676 -5.2353359899412633 16.791219443569201 16.545062406924007 39.546696592768726 23.130802125662644 45.983328748793419 0.68190087858473869 1.0009335992826436 -5.1352958390653152
decision_type=2 2 2 2 2 2 2 2 2 2 2 2 2 2 2 2 2 2 2 2 2 2 2 2 2 2 2 2 2 2
left_child=1 3 7 -1 -3 6 22 -2 16 -10 -7 21 -13 14 15 -5 18 -18 -6 20 -20 -9 23 -4 25 -24 27 -26 -25 -11
right_child=2 4 5 13 8 10 -8 11 9 29 -12 12 -14 -15 -16 -17 17 -19 19 -21 -22 -23 24 28 26 -27 -28 -29 -30 -31
leaf_value=0.0017426742788381449 -0.00040151018723955215 0.0015623539608619738 -0.0019565847844255401 -0.00039032929418288977 -0.0028885973406991422 -0.0014225744454839265 -0.0041733640415424654 -1.8976471355100248e-05 3.5098585368180105e-05 -0.0024465407752010853 -0.0025748561651025791 0.00035985505067704558 -0.0013181296178832824 0.00056660400269716677 0.0016685491311454132 0.0010056597468769046 -0.0017458289890782909 0.0016373457310074405 0.0014011571847551136 -0.00043588909651061912 0.00032079526424878303 -0.0028828767978120598 -0.0010695040845628751 0.0022651375845324606 0.0028731189221143723 -0.0027110687180658594 -0.0017991631569221934 -0.00014436579992314989 -1.5253697117594514e-05 -0.0005584219860187053
leaf_weight=460 1559 135 73 102 26 566 33 22 1844 47 179 96 215 974 393 1242 44 212 151 269 1131 80 1003 34 25 91 47 99 152 192
leaf_count=460 1559 135 73 102 26 566 33 22 1844 47 179 96 215 974 393 1242 44 212 151 269 1131 80 1003 34 25 91 47 99 152 192
internal_value=4.04911e-13 0.000543372 -0.000918163 0.00101497 0.000174222 -0.00122432 -0.000996982 -0.000560778 0.000126367 -7.56038e-05 -0.00169943 -0.00116198 -0.000800167 0.000891489 0.00107366 0.000899714 0.000355885 0.00105586 0.000242255 0.000294739 0.000448045 -0.00226517 -0.000928202 -0.000263068 -0.00106438 -0.00120605 -0.00015804 0.000463998 0.000401592 -0.000929726
internal_weight=11496 7222 4274 3171 4051 2302 1557 1972 3916 2083 745 413 311 2711 1737 1344 1833 256 1577 1551 1282 102 1524 259 1265 1094 171 124 186 239
internal_count=11496 7222 4274 3171 4051 2302 1557 1972 3916 2083 745 413 311 2711 1737 1344 1833 256 1577 1551 1282 102 1524 259 1265 1094 171 124 186 239
is_linear=0
shrinkage=0.05


Tree=36
num_leaves=31
num_cat=0
split_feature=4 4 3 4 3 0 5 1 0 1 3 5 0 1 0 2 1 4 3 5 2 2 5 3 2 4 1 4 3 1
split_gain=2.07457 0.359805 0.267746 0.124181 0.118793 0.113953 0.118367 0.101896 0.0935902 0.0895923 0.0853021 0.0837358 0.0837149 0.0789032 0.161041 0.117149 0.0955866 0.0770568 0.0762723 0.0606755 0.0591243 0.0577607 0.0556684 0.0545686 0.0541034 0.0534624 0.0521171 0.055038 0.0501187 0.0449505
threshold=0.97803119772428326 0.21763246160029359 0.18605005104068253 1.6340028142248439 0.092330020207995814 0.72081573326128512 1.8030298691541662 4.4216294638092855 0.71739647189243616 27.538023022653359 0.18285040497137908 2.0992692906670389 0.71701369600808351 -0.68728169287121654 0.79106858103291067 0.79341344806369996 3.5257471678935008 0.67117831059377719 0.25958686354401539 1.4747593526478606 -3.1578470564438064 14.183439367912575 0.89430104717970871 0.10456293275060753 9.5216673653054311 1.150619380349837 -1.7659146165532655 1.4224562715186628 0.23477527054452199 14.091820617890763
decision_type=2 2 2 2 2 2 2 2 2 2 2 2 2 2 2 2 2 2 2 2 2 2 2 2 2 2 2 2 2 2
left_child=1 4 3 24 -1 7 9 -4 20 -7 13 12 -12 -3 15 17 -16 22 28 29 -6 -5 -15 -18 26 -26 27 -2 -9 -20
right_child=2 10 5 21 8 6 -8 18 -10 -11 11 -13 -14 14 16 -17 23 -19 19 -21 -22 -23 -24 -25 25 -27 -28 -29 -30 -31
leaf_value=0.00077893278622556466 -3.7694254165722271e-05 0.00061362175903493122 0.00059191713579388847 -0.0032352617928364242 0.0012759539779156179 -0.0015036939334185397 0.00042902725162294504 -0.0010158642396288647 0.0017943427268875768 -0.0036649550045840446 0.0017184950838044816 0.0023709138174756216 -0.00077177203875180569 -0.00108854138568549 0.00050972161134411615 0.00012762831775208524 0.00053837372435499794 -0.0038342835690380766 0.00096572762521060377 -0.0028268088438463484 -0.00016437094186824795 -0.00084322890203174922 0.0013798590865917505 0.0033610513058504954 0.00068886493850787143 -0.00016742096691963875 -0.00056336304990036302 0.0028200038911207863 -0.0020889404861426215 -0.00048098451588436902
leaf_weight=1833 63 1539 122 26 190 1170 77 436 667 50 37 26 384 188 127 1258 23 23 73 22 114 860 26 67 265 584 875 23 145 203
leaf_count=1833 63 1539 122 26 190 1170 77 436 667 50 37 26 384 188 127 1258 23 23 73 22 114 860 26 67 265 584 875 23 145 203
internal_value=7.57093e-13 0.000588656 -0.000766408 -0.000428403 0.0010158 -0.00116295 -0.00147227 -0.000762169 0.00146294 -0.00159227 0.000264775 -0.000382847 -0.000552912 0.00035382 0.000120272 -6.44826e-05 0.00139312 -0.00108421 -0.000950108 -0.00029977 0.000735832 -0.000913424 -0.000788642 0.0026397 -0.000190985 9.98532e-05 -0.000447926 0.000726574 -0.00128367 -9.83396e-05
internal_weight=11496 6502 4994 2696 2804 2298 1297 1001 971 1220 3698 447 421 3251 1712 1495 217 237 879 298 304 886 214 90 1810 849 961 86 581 276
internal_count=11496 6502 4994 2696 2804 2298 1297 1001 971 1220 3698 447 421 3251 1712 1495 217 237 879 298 304 886 214 90 1810 849 961 86 581 276
is_linear=0
shrinkage=0.05


Tree=37
num_leaves=31
num_cat=0
split_feature=4 4 1 3 6 3 0 6 0 1 6 3 3 3 4 0 3 0 1 2 1 6 1 1 6 3 2 3 2 4
split_gain=1.87786 0.410899 0.156898 0.1135 0.120397 0.111997 0.0843107 0.0807163 0.0832259 0.111943 0.0894772 0.0733909 0.0708427 0.0704563 0.0611224 0.0600227 0.08176 0.0531698 0.0507644 0.085242 0.0473926 0.0466049 0.0869142 0.0513246 0.05333 0.0559859 0.0506845 0.0452503 0.0447533 0.0757161
threshold=1.0824798418194679 0.21763246160029359 8.4595764517270933 0.18464230881975094 -14.884846775426412 0.047913855657435452 0.73816534628813069 -4.9358023965360251 0.79106858103291067 3.5257471678935008 4.7052148169847081 0.23223572776312887 0.32831792398238074 0.13426339308484755 2.5015912564931599 0.74361827779903933 0.12257375534213759 0.71285268178060279 2.3792114854953588 0.67005934370052145 -0.88031213965201183 42.01367201014893 27.538023022653359 14.46314875195335 25.269856758442369 0.20374372484348921 27.970633947127741 0.12363962680660193 14.183439367912575 1.3893270061948504
decision_type=2 2 2 2 2 2 2 2 2 2 2 2 2 2 2 2 2 2 2 2 2 2 2 2 2 2 2 2 2 2
left_child=1 5 11 7 -5 -1 21 -3 13 -10 -11 17 -13 18 28 27 20 -2 -9 -20 -17 22 23 -4 25 -25 -26 -7 29 -8
right_child=2 3 6 4 -6 15 14 8 9 10 -12 12 -14 -15 -16 16 -18 -19 19 -21 -22 -23 -24 24 26 -27 -28 -29 -30 -31
leaf_value=0.00056455833310136599 0.00028418311584043281 0.00076694639369348191 -0.00061454876729499937 0.0020980380192798164 -0.00068601469294839428 0.0011074793311123263 -5.274701025336981e-05 0.00041457481754321842 0.00039486020327159516 0.0031824427312367588 -0.00045515896927099679 -0.0015530741994642825 0.00058004002250685433 -0.00035431927580899274 -0.0023538577319739073 0.00099615459881273894 0.0023007063296855419 -0.00049506552291166996 -0.0026317237003240738 8.0450898552215588e-06 0.0026575360020312175 0.00011548600573968585 -0.0037856633326521626 -0.0015097777922705247 -0.00041560895845251715 -0.0040970478455225629 -0.0013643495516878306 0.0001650227530372654 -0.0011082333685008203 -0.0033360258240047527
leaf_weight=1076 259 715 695 42 515 877 25 1291 334 73 22 253 46 704 179 406 248 1414 32 690 48 105 27 69 212 30 419 149 482 59
leaf_count=1076 259 715 695 42 515 877 25 1291 334 73 22 253 46 704 179 406 248 1414 32 690 48 105 27 69 212 30 419 149 482 59
internal_value=-7.07641e-13 0.000491605 -0.000830691 0.000191147 -0.000476086 0.00096501 -0.00111108 0.000287404 0.000178417 0.000825613 0.00234005 -0.00050338 -0.0012249 7.62279e-05 -0.00154853 0.00121437 0.00157062 -0.000374429 0.000226802 -0.000108953 0.00117181 -0.00090177 -0.000975332 -0.000922084 -0.00121487 -0.0022938 -0.0010456 0.000970612 -0.00129384 -0.00235886
internal_weight=11496 7222 4274 4418 557 2804 2302 3861 3146 429 95 1972 299 2717 745 1728 702 1673 2013 722 454 1557 1452 1425 730 99 631 1026 566 84
internal_count=11496 7222 4274 4418 557 2804 2302 3861 3146 429 95 1972 299 2717 745 1728 702 1673 2013 722 454 1557 1452 1425 730 99 631 1026 566 84
is_linear=0
shrinkage=0.05


Tree=38
num_leaves=31
num_cat=0
split_feature=4 4 3 3 6 3 2 6 1 1 6 5 1 5 1 3 5 3 2 1 3 5 3 4 5 6 1 1 6 2
split_gain=1.69477 0.370836 0.142469 0.102434 0.108658 0.101077 0.0864411 0.0811144 0.0795952 0.0739216 0.0728465 0.0706182 0.0593326 0.0574023 0.0728814 0.0649092 0.0570341 0.120279 0.0809279 0.0647924 0.0605014 0.0566193 0.0633521 0.0543244 0.0695602 0.0539149 0.0596343 0.0537308 0.0656601 0.0509483
threshold=1.0824798418194679 0.21763246160029359 0.18605005104068253 0.18464230881975094 -14.884846775426412 0.047913855657435452 26.232739234714646 25.756673100643035 12.761416541080363 -1.7659146165532655 -4.9358023965360251 0.44949177700076048 13.414382887953126 1.5004809683234164 -8.1996123875221691 0.16067922637616791 0.71504573822540662 0.10608780373480338 4.8920659194460399 -1.8581329893645802 0.13426339308484755 1.3297268339089929 0.10878037150417992 0.45884624049025874 0.93247165383278807 6.8937405552264499 1.8232826986013808 27.538023022653359 42.01367201014893 17.685855130294122
decision_type=2 2 2 2 2 2 2 2 2 2 2 2 2 2 2 2 2 2 2 2 2 2 2 2 2 2 2 2 2 2
left_child=1 5 9 10 -5 -1 7 8 -4 -2 13 -8 -11 15 -15 21 17 -12 19 -19 -18 22 -3 -22 -25 26 -26 28 -13 -9
right_child=2 3 6 4 -6 -7 11 29 -10 12 16 27 -14 14 -16 -17 20 18 -20 -21 23 -23 -24 24 25 -27 -28 -29 -30 -31
leaf_value=0.00053633041400586812 0.0012334449860888223 0.0011124059761882076 -0.00089420802521681861 0.0019931360851928948 -0.00065171397219353265 0.0011536471381468252 0.0008028032147194609 0.0010701798045608614 -0.0023013096924322392 -0.00041899388857549806 0.00013276776836775015 -0.0015719703664103333 -0.0011127417420957789 0.00083552045830098611 -0.0021600412889588249 0.0024263828023967727 0.00022714053252886107 -0.00057055215910077096 2.6150452942436625e-05 0.0021355312505572026 0.0018323076348419169 0.0020234366436578631 -1.5927381997471458e-05 -0.0010305175552590563 0.00020455108061348139 0.0023774825470437382 -0.001070713368108045 -0.0029041892966963877 0.00068307649070287451 -0.0004696152614300233
leaf_weight=1076 60 242 979 42 515 1728 32 70 112 1669 774 638 378 45 37 62 1283 25 88 192 28 73 256 283 323 22 128 71 34 231
leaf_count=1076 60 242 979 42 515 1728 32 70 112 1669 774 638 378 45 37 62 1283 25 88 192 28 73 256 283 323 22 128 71 34 231
internal_value=-9.77556e-13 0.000467025 -0.000789157 0.000181589 -0.000452282 0.00091676 -0.00107381 -0.000838179 -0.00103866 -0.000496398 0.000273034 -0.00149703 -0.000547102 0.000728599 -0.000516135 0.000889844 0.000169496 0.000464154 0.00130511 0.00182377 1.56811e-05 0.000723005 0.000532379 -0.000330368 -0.000410467 -3.94856e-05 -0.000157387 -0.00159608 -0.00145788 -0.000111523
internal_weight=11496 7222 4274 4418 557 2804 2167 1392 1091 2107 3861 775 2047 715 82 633 3146 1079 305 217 2067 571 498 784 756 473 451 743 672 301
internal_count=11496 7222 4274 4418 557 2804 2167 1392 1091 2107 3861 775 2047 715 82 633 3146 1079 305 217 2067 571 498 784 756 473 451 743 672 301
is_linear=0
shrinkage=0.05


Tree=39
num_leaves=31
num_cat=0
split_feature=4 4 1 3 3 6 5 3 0 1 0 3 6 0 1 6 5 3 5 0 3 4 5 6 1 5 5 1 5 0
split_gain=1.52953 0.33468 0.130788 0.0935319 0.0924465 0.0980902 0.0872891 0.0872352 0.078786 0.0745479 0.06664 0.0894392 0.0666218 0.0770953 0.100146 0.0842691 0.0716318 0.0629014 0.0849056 0.0529565 0.0528041 0.077832 0.099454 0.0516171 0.0834463 0.0515738 0.0585436 0.0495292 0.049205 0.0479713
threshold=1.0824798418194679 0.21763246160029359 8.4595764517270933 0.092330020207995814 0.18464230881975094 -10.537616365794618 1.3019098316617019 0.23477527054452199 0.71739647189243616 21.14152512614417 0.72743068703130087 0.24659523319887847 -7.1262070701104676 0.78476499893267271 3.7527446790220025 4.7052148169847081 1.5135938169288841 0.23223572776312887 1.3774019063936966 0.76668548742462972 0.13426339308484755 0.43567730272873806 1.0168023613842128 39.546696592768726 23.130802125662644 1.1509063515741236 1.030603470340292 -9.9889946680254003 0.71504573822540662 0.71285268178060279
decision_type=2 2 2 2 2 2 2 2 2 2 2 2 2 2 2 2 2 2 2 2 2 2 2 2 2 2 2 2 2 2
left_child=1 3 17 -1 12 7 10 -6 27 -8 23 -12 -3 16 -15 -16 20 29 25 -9 -14 -22 28 24 -4 26 -19 -5 -23 -2
right_child=2 4 6 8 5 -7 9 19 -10 -11 11 -13 13 14 15 -17 -18 18 -20 -21 21 22 -24 -25 -26 -27 -28 -29 -30 -31
leaf_value=0.00066074261286534948 0.00029410697017990964 0.00085229123941810462 -0.00066786151932466753 -0.00061138307633386421 -0.00073157927850150462 -0.00073815701472526346 -0.0015870644189274969 0.0042669495390284624 0.0015717453558382445 -0.0044098183539552759 -0.001013303425900156 -0.0024225841315152746 0.00022981944247286269 0.00043080934605224615 0.0031219486818265391 -0.00043813102079597732 -0.0026968607709378653 -0.0025325065782374665 -0.00040959212878104672 0.0011075383221294843 0.0025973735488546285 0.00078692109699742018 0.00044345279427169398 0.00023266406337120639 -0.0024768397511626761 -0.0028893826562539924 0.0010752801949407017 0.00093663876253559776 -0.00097318728311680694 -0.00044606772273069807
leaf_weight=1833 259 422 1020 66 42 458 233 21 667 26 678 135 2134 469 68 22 23 23 175 36 23 44 249 142 68 79 22 238 407 1414
leaf_count=1833 259 422 1020 66 42 458 233 21 667 26 678 135 2134 469 68 22 23 23 175 36 23 44 249 142 68 79 22 238 407 1414
internal_value=1.10065e-12 0.000443674 -0.000749699 0.000870922 0.00017251 -0.000429668 -0.0010057 0.000997485 0.00126769 -0.00187043 -0.000896072 -0.00124732 0.000259382 0.000186626 0.000723977 0.00225171 8.23276e-05 -0.000450861 -0.00111883 0.00227153 0.000104701 -0.000264597 -0.000358633 -0.000663907 -0.000780923 -0.00211978 -0.0007687 0.000600555 -0.000801469 -0.00033148
internal_weight=11496 7222 4274 2804 4418 557 2302 99 971 259 2043 813 3861 3439 559 90 2880 1972 299 57 2857 723 700 1230 1088 124 45 304 451 1673
internal_count=11496 7222 4274 2804 4418 557 2302 99 971 259 2043 813 3861 3439 559 90 2880 1972 299 57 2857 723 700 1230 1088 124 45 304 451 1673
is_linear=0
shrinkage=0.05


Tree=40
num_leaves=31
num_cat=0
split_feature=4 3 4 2 4 2 0 6 0 3 6 2 6 3 6 3 4 5 2 5 5 6 3 2 0 0 5 3 4 0
split_gain=1.38066 0.287284 0.140685 0.108574 0.0870507 0.0775615 0.0838351 0.0812902 0.0668438 0.0651535 0.0650097 0.0617305 0.0745113 0.0892347 0.0567498 0.0593808 0.0978863 0.0664134 0.0527711 0.0613374 0.0523664 0.0471388 0.0755369 0.0467647 0.0445889 0.0442906 0.0421894 0.0412469 0.0829439 0.0597099
threshold=0.73243081839262125 0.15572306739835609 -0.022696147651931047 25.572578354680044 1.2037859138402742 -1.0481077263902956 0.76930251148585038 0.87235702072099708 0.76284413800042483 0.28259303266915564 -6.2696344371251227 -0.44914632991570702 -1.9771699221738441 0.13510148952138687 24.666723263584373 0.23223572776312887 2.0210855365320275 1.1509063515741236 17.685855130294122 1.0901309961159988 1.5625918901124045 2.4744544179856152 0.16278826479747782 6.3438735932146271 0.77287125458909622 0.65290205563768466 1.8030298691541662 0.23477527054452199 2.1827979534966424 0.71342941992866904
decision_type=2 2 2 2 2 2 2 2 2 2 2 2 2 2 2 2 2 2 2 2 2 2 2 2 2 2 2 2 2 2
left_child=2 4 -1 5 8 9 7 -7 -2 26 -8 -4 13 -13 15 25 17 -17 -16 -20 -19 22 -14 -6 -24 -9 -3 -5 -29 -30
right_child=1 3 11 27 23 6 10 14 -10 -11 -12 12 21 -15 18 16 -18 20 19 -21 -22 -23 24 -25 -26 -27 -28 28 29 -31
leaf_value=0.0012725630334982957 -8.1545587025488162e-05 0.00015273641941295117 0.00067450244573930484 -0.00098447491618001135 -0.0025187760620610788 0.00066348723630653699 -0.0035916389395984323 0.001683076781531175 0.00060399319178589309 0.0018795330004364838 -0.0010440331782688868 0.00073912047483544387 0.00047690007303786161 -0.0012379446031842143 0.0011306380626120711 0.00015552426527908728 -0.0036078503397716719 -0.0025596774430813466 0.00037090695805460207 -0.0012667394692331213 0.0003018009454189312 -0.00010129383508555433 0.00079906013095751402 -0.00043980858143715691 0.0039664734536781904 -0.000635561028815213 -0.0022073039658028972 -0.0040688780019991098 -0.00049820462074170915 -0.0019335776387332032
leaf_weight=690 1256 136 2442 765 28 140 26 21 496 51 679 90 1373 156 79 74 44 67 127 104 21 355 20 797 25 1071 22 32 116 193
leaf_count=690 1256 136 2442 765 28 140 26 21 496 51 679 90 1373 156 79 74 44 67 127 104 21 355 20 797 25 1071 22 32 116 193
internal_value=1.49021e-12 -0.000493707 0.000608148 -0.000771942 -8.68816e-05 -0.00059894 -0.00067772 -0.000492086 0.000112534 0.000325683 -0.00113799 0.000505381 0.000300827 -0.000514628 -0.000592695 -0.000737857 -0.00151649 -0.000948468 1.51119e-05 -0.000366388 -0.00187682 0.000413969 0.000542967 -0.000510367 0.00255873 -0.000590972 -0.000175877 -0.00118834 -0.00164568 -0.00139473
internal_weight=11496 6345 5151 3768 2577 2662 2453 1748 1752 209 705 4461 2019 246 1608 1298 206 162 310 231 88 1773 1418 825 45 1092 158 1106 341 309
internal_count=11496 6345 5151 3768 2577 2662 2453 1748 1752 209 705 4461 2019 246 1608 1298 206 162 310 231 88 1773 1418 825 45 1092 158 1106 341 309
is_linear=0
shrinkage=0.05


Tree=41
num_leaves=31
num_cat=0
split_feature=4 4 1 6 5 6 1 2 1 0 5 0 2 1 4 2 4 4 2 6 1 1 6 1 2 0 1 0 5 0
split_gain=1.2479 0.277377 0.111993 0.0796394 0.075486 0.0730793 0.0669746 0.058632 0.0926885 0.0575152 0.0564514 0.0560421 0.0557878 0.0700225 0.0556265 0.0540998 0.0636174 0.050851 0.0636215 0.0495315 0.0494449 0.0490946 0.0462864 0.0729377 0.0458454 0.0565805 0.045147 0.0783639 0.0635439 0.0523432
threshold=1.0824798418194679 0.20418078120712699 8.4595764517270933 -12.17577471367578 1.3019098316617019 -3.3229130654422518 21.14152512614417 -2.4165195405889741 -6.7493923288249489 0.78476499893267271 0.62900615938043425 0.72743068703130087 15.705988630973875 1.7523022436966686 -0.1011354941912317 4.2719694927344607 1.3775402840046234 0.72282933352316225 7.3811953230282983 8.4556446198126629 -5.2353359899412633 25.151941537787049 39.546696592768726 23.130802125662644 45.983328748793419 0.68190087858473869 -9.7316769955321227 0.870498890507173 1.4408232537173438 0.80001930524045262
decision_type=2 2 2 2 2 2 2 2 2 2 2 2 2 2 2 2 2 2 2 2 2 2 2 2 2 2 2 2 2 2
left_child=1 5 9 -3 11 7 -6 14 -9 12 -10 22 13 -2 -1 20 -17 19 -19 26 -11 -13 23 -4 25 -24 27 -5 29 -28
right_child=2 3 4 17 6 -7 -8 8 10 15 -12 21 -14 -15 -16 16 -18 18 -20 -21 -22 -23 24 -25 -26 -27 28 -29 -30 -31
leaf_value=0.0013991071539368001 0.00021209411676767934 0.0012386611912568863 -0.00060431772936594291 -0.0014262396999266606 -0.0014496216423913015 0.00048153293735478972 -0.0041251538733306989 -0.00078606364212089003 0.0018179048158173613 0.00017473240679299291 0.0042790330877458607 -0.00099799570126273452 0.00030256560445376485 -0.00064770053308689437 0.00069579859047979198 0.00047264746959475206 -0.0010753964904430431 -0.00025978104557655089 0.00032106421153981759 -0.0020772345161689867 -0.0025018119040760216 -0.0022424178708114486 0.0028112195450812581 -0.0022955605300547391 -0.0014860891923308374 0.00011234435221232507 0.00028348291476884921 0.0015059423332493152 -0.0024454790982417762 0.0009918769231957354
leaf_weight=389 322 165 1020 86 233 1081 26 31 170 22 27 724 342 895 1014 96 215 1362 721 22 80 89 25 68 30 87 1798 31 20 305
leaf_count=389 322 165 1020 86 233 1081 26 31 170 22 27 724 342 895 1014 96 215 1362 721 22 80 89 25 68 30 87 1798 31 20 305
internal_value=-5.58464e-13 0.000400752 -0.000677171 0.000160463 -0.000914062 0.000800346 -0.00171821 0.00101165 0.00175531 -0.000400638 0.00215522 -0.000812117 -0.000261655 -0.000420212 0.0008908 -0.000925271 -0.000597544 0.000119519 -5.873e-05 0.000283662 -0.00192452 -0.00113422 -0.000599212 -0.00071002 0.000249801 0.000714772 0.000306849 -0.000649337 0.000359546 0.000386222
internal_weight=11496 7222 4274 4510 2302 2712 259 1631 228 1972 197 2043 1559 1217 1403 413 311 4345 2083 2262 102 813 1230 1088 142 112 2240 117 2123 2103
internal_count=11496 7222 4274 4510 2302 2712 259 1631 228 1972 197 2043 1559 1217 1403 413 311 4345 2083 2262 102 813 1230 1088 142 112 2240 117 2123 2103
is_linear=0
shrinkage=0.05


Tree=42
num_leaves=31
num_cat=0
split_feature=4 4 3 0 1 3 5 3 1 1 0 2 5 2 4 2 1 5 3 5 2 1 5 4 1 2 4 4 1 2
split_gain=1.12624 0.253603 0.102428 0.10193 0.106464 0.0825785 0.0830245 0.0761255 0.0627058 0.0627033 0.103037 0.118824 0.0672768 0.071926 0.066111 0.063731 0.0625031 0.0573283 0.0624195 0.055821 0.0501538 0.0737272 0.0600531 0.0506461 0.0450242 0.0533424 0.047624 0.0376476 0.0535158 0.0398257
threshold=1.0915175409131892 0.20418078120712699 0.18605005104068253 0.72081573326128512 4.4216294638092855 0.18464230881975094 1.9945432096172035 0.042032731530629273 -1.7659146165532655 -0.68728169287121654 0.79106858103291067 1.0656519047090347 0.85167262525656462 3.3906181577272592 0.68322729571133223 0.58322183354084534 27.538023022653359 1.5285439717681457 0.25958686354401539 1.8698268892063374 -2.4165195405889741 -6.7493923288249489 0.62900615938043425 -0.1011354941912317 13.414382887953126 12.089759173637484 1.6121107495635754 1.3893270061948504 2.0393225700970912 8.8452224143484717
decision_type=2 2 2 2 2 2 2 2 2 2 2 2 2 2 2 2 2 2 2 2 2 2 2 2 2 2 2 2 2 2
left_child=1 7 8 4 -4 9 -7 -1 -2 -3 11 14 13 15 -11 -12 19 18 -6 -5 23 -22 -23 -9 25 27 -27 -10 -29 -30
right_child=2 5 3 16 17 6 -8 20 24 10 12 -13 -14 -15 -16 -17 -18 -19 -20 -21 21 22 -24 -25 -26 26 -28 28 29 -31
leaf_value=0.0004188754223150012 0.0011959016734423738 0.00046444036286727436 0.00095291965704580599 -0.0012043630571369236 -0.00092052456093467082 -0.00057292478706479153 0.0019763103672577179 0.0013232677325764339 -0.00053677214558313293 -0.00073567933451093516 0.0014951174317152788 9.5963599342739693e-05 -0.00067982163633941025 -7.0898244276004682e-05 -0.003124357644242771 0.0040780606300329734 -0.0029321719816653058 -0.002741923671441548 -4.5589168732751351e-06 0.00044302232272457336 -0.0007467604415010541 0.0015757779516546073 0.0040650814564691653 0.00065339236473692104 -0.00093607105259565213 0.00027982834576667823 -0.00041488452021201471 0.00040170674341346094 -0.004194049732316108 -0.0015272677598875903
leaf_weight=1019 60 1659 110 1077 562 527 34 392 544 237 104 1831 45 54 33 31 50 33 278 54 31 236 27 1007 378 448 549 23 21 42
leaf_count=1019 60 1659 110 1077 562 527 34 392 544 237 104 1831 45 54 33 31 50 33 278 54 31 236 27 1007 378 448 549 23 21 42
internal_value=1.23295e-13 0.000377532 -0.00064874 -0.000889117 -0.000512985 0.000149618 -0.000418426 0.000760329 -0.00039684 0.000229406 6.24159e-05 -4.84295e-05 0.00105766 0.00147134 -0.00102763 0.00208824 -0.00120219 -0.000697693 -0.000617384 -0.00112571 0.000965847 0.00155949 0.00183133 0.000841092 -0.000444503 -0.000330297 -0.000102717 -0.000690453 -0.00166257 -0.0024162
internal_weight=11496 7267 4229 2164 983 4555 561 2712 2065 3994 2335 2101 234 189 270 135 1181 873 840 1131 1693 294 263 1399 2005 1627 997 630 86 63
internal_count=11496 7267 4229 2164 983 4555 561 2712 2065 3994 2335 2101 234 189 270 135 1181 873 840 1131 1693 294 263 1399 2005 1627 997 630 86 63
is_linear=0
shrinkage=0.05


Tree=43
num_leaves=31
num_cat=0
split_feature=4 3 4 2 4 2 0 6 3 6 6 6 5 2 5 4 0 0 5 2 6 3 3 0 4 3 6 0 6 3
split_gain=1.02005 0.238835 0.0966185 0.0883252 0.0705812 0.060694 0.0652101 0.0663647 0.0579788 0.0575504 0.0546987 0.0534075 0.0488079 0.0475375 0.0532508 0.0470505 0.105144 0.0558898 0.0421891 0.04185 0.0395766 0.0541728 0.0433514 0.0378399 0.0416386 0.0372151 0.0880924 0.0675212 0.0365548 0.0362756
threshold=0.67117831059377719 0.15572306739835609 -0.022696147651931047 -0.95967878883527458 1.2037859138402742 25.572578354680044 0.76930251148585038 1.5910650629561316 0.28259303266915564 24.666723263584373 -5.6983863601124378 5.5635423113012932 1.3867398117720777 17.685855130294122 1.0901309961159988 1.9438250709541685 0.7469837910506828 0.65826204313371062 0.98581551881600504 6.3438735932146271 -13.924238603290497 0.18464230881975094 0.13317718502030043 0.76284413800042483 0.7792090189421218 0.24659523319887847 32.315499187441944 0.71659916935277324 -11.065841687702317 0.25958686354401539
decision_type=2 2 2 2 2 2 2 2 2 2 2 2 2 2 2 2 2 2 2 2 2 2 2 2 2 2 2 2 2 2
left_child=2 4 -1 8 23 6 7 18 12 15 -8 20 -3 -11 -15 17 -17 -9 -5 -6 22 -22 -4 -2 -25 -7 -27 -28 -14 -20
right_child=1 3 11 5 19 25 10 9 -10 13 -12 -13 28 14 -16 16 -18 -19 29 -21 21 -23 -24 24 -26 26 27 -29 -30 -31
leaf_value=0.0010965506414135418 -2.6020518129561277e-05 0.0015088871435727925 8.6913133570707811e-05 -0.0015516549389323463 -0.0023394746057290054 -0.00086714434964176024 -0.0029175195071314067 0.0015466689543488126 0.0016011179052293303 0.0011389571642856809 -0.0008905160340421345 -0.0012002116566388092 -0.0023974709637949003 0.0004050798327790383 -0.0011208011539285789 -0.0027527213416566765 0.00039625524929383913 -0.00064024112708875982 0.0011558647141865796 -0.00037278212986226666 0.00048374140182319623 -0.00055772812124215386 0.002059805967927545 -0.00051475929654111246 0.00065559267820909097 -0.0029986059119304024 4.372114205828191e-05 -0.001825988204294607 -0.00023984639816778476 -0.00054090158203810759
leaf_weight=690 1403 35 43 23 28 836 35 30 60 79 678 48 23 127 104 75 41 1117 126 797 3892 129 79 91 461 75 88 107 134 42
leaf_count=690 1403 35 43 23 28 836 35 30 60 79 678 48 23 127 104 75 41 1117 126 797 3892 129 79 91 461 75 88 107 134 42
internal_value=-2.81332e-14 -0.000404572 0.000548299 -0.000660368 -5.1703e-05 -0.000724005 -0.000586495 -0.000423393 0.000244432 -0.000530259 -0.000990018 0.000458035 -0.000179532 8.01917e-05 -0.000281897 -0.000680093 -0.00163972 -0.000583042 0.000456717 -0.00043953 0.000477248 0.000450329 0.00136444 0.000111958 0.000462654 -0.00103197 -0.00154233 -0.000982222 -0.000555932 0.000731673
internal_weight=11496 6615 4881 3835 2780 3583 2477 1764 252 1573 713 4191 192 310 231 1263 116 1147 191 825 4143 4021 122 1955 552 1106 270 195 157 168
internal_count=11496 6615 4881 3835 2780 3583 2477 1764 252 1573 713 4191 192 310 231 1263 116 1147 191 825 4143 4021 122 1955 552 1106 270 195 157 168
is_linear=0
shrinkage=0.05


Tree=44
num_leaves=31
num_cat=0
split_feature=4 1 0 3 4 4 3 1 3 5 1 6 1 6 0 6 1 0 1 3 3 5 4 1 0 3 3 5 6 1
split_gain=0.922677 0.225103 0.127395 0.0994927 0.0945091 0.0591862 0.0665841 0.0577412 0.0541577 0.052034 0.0515298 0.0544206 0.0738477 0.0486711 0.044425 0.0437827 0.0603499 0.125706 0.0412448 0.0391977 0.0390666 0.045276 0.0417005 0.0411058 0.0387404 0.0375888 0.0856011 0.0374796 0.0373087 0.0604578
threshold=0.73243081839262125 3.3157918899795473 0.81527461224674902 0.18605005104068253 -0.022696147651931047 1.6738073841418732 0.21216728407650617 -10.490649088426911 0.27014750437153429 1.5285439717681457 29.24857398931643 40.849447649465411 19.519039606222005 33.019895120239461 0.68093827451065159 2.4744544179856152 2.6010087743194359 0.7717289596774376 14.734974920872858 0.16278826479747782 0.13860043945110087 0.98279407008098885 1.1286103627482496 1.8232826986013808 0.73816534628813069 0.14181870050599368 0.12422530518211888 0.70875302688808395 -13.924238603290497 -12.752118354854934
decision_type=2 2 2 2 2 2 2 2 2 2 2 2 2 2 2 2 2 2 2 2 2 2 2 2 2 2 2 2 2 2
left_child=4 2 7 9 -1 6 -5 -2 -4 18 11 12 -7 -14 -13 16 28 27 -3 -19 -9 22 -22 -23 -25 26 -17 -18 -6 -30
right_child=1 3 8 5 15 10 -8 20 -10 -11 -12 14 13 -15 -16 25 17 19 -20 -21 21 23 -24 24 -26 -27 -28 -29 29 -31
leaf_value=0.0010417231093658526 0.0024472081514361962 -0.00027704425781849886 -0.00074746459976728302 -0.00077980943469926011 0.0012573344832282403 -0.00057800400650611739 -0.0022075761598500439 0.00031066572767282251 -0.0027546574530391901 -0.0024702653754502535 -0.0021096498739190291 0.0025466190080624075 -0.0024311409485785087 -0.0010692401317108546 -0.00011317983248959971 -0.00025430162385681123 0.0014337122580036523 0.0020430299314997485 -0.00089547830987307491 0.0045378165226429698 -0.0011021060117865137 0.00022953466711873942 0.00049256545838566041 0.00027764417027356105 -0.0010611508793012296 -0.0016754988048757827 0.002245463001040312 -0.0012064203756248079 -0.0020100646997049739 0.00040924568536380101
leaf_weight=690 26 1741 243 158 129 1002 169 969 39 30 69 20 90 242 73 281 20 74 319 20 181 693 53 88 140 35 39 41 26 3796
leaf_count=690 26 1741 243 158 129 1002 169 969 39 30 69 20 90 242 73 281 20 74 319 20 181 693 53 88 140 35 39 41 26 3796
internal_value=5.74573e-13 -0.0004036 -2.58385e-05 -0.000638386 0.000497155 -0.00090834 -0.00151771 0.000105222 -0.00102506 -0.000402918 -0.000775143 -0.000710616 -0.000792143 -0.00143843 0.00045882 0.000412924 0.000458983 0.00142678 -0.000372811 0.00257384 7.65532e-05 -0.000119858 -0.00074092 3.7936e-05 -0.000544423 -0.000119798 5.03572e-05 -0.000340803 0.000421015 0.000392788
internal_weight=11496 6345 2432 3913 5151 1823 327 2150 282 2090 1496 1427 1334 332 93 4461 4106 155 2060 94 2124 1155 234 921 228 355 320 61 3951 3822
internal_count=11496 6345 2432 3913 5151 1823 327 2150 282 2090 1496 1427 1334 332 93 4461 4106 155 2060 94 2124 1155 234 921 228 355 320 61 3951 3822
is_linear=0
shrinkage=0.05


Tree=45
num_leaves=31
num_cat=0
split_feature=4 3 2 4 0 0 6 2 6 5 5 3 2 6 2 0 3 5 0 2 3 0 3 6 2 3 2 3 6 6
split_gain=0.833417 0.197171 0.095803 0.079613 0.0722307 0.0596287 0.115073 0.0708145 0.0466677 0.0450932 0.0402928 0.06199 0.0483095 0.0426685 0.0367113 0.0363355 0.0927659 0.116945 0.0632926 0.0527609 0.0597245 0.050126 0.0609239 0.0415085 0.0611533 0.0411386 0.0395203 0.0596011 0.0375876 0.0358091
threshold=0.67117831059377719 0.14316195246993216 25.572578354680044 -0.086019283140861977 0.63967138443054894 0.80632361189425794 -1.7101290732607617 0.23150107568600198 5.5635423113012932 1.0733113862971611 1.2378344739312388 0.21449912322762435 -1.4358014370100138 -9.7424488883305695 -0.44914632991570702 0.79424564334901782 0.10258901098829272 1.1558303738457092 0.81201088261289212 -1.364631501991685 0.16584910955960755 0.71200796883542539 0.10878037150417992 -0.095151948814430828 -0.11462873986422674 0.14974068336076612 -3.3082739621290203 0.1446150469249218 -2.1841607184888483 -14.884846775426412
decision_type=2 2 2 2 2 2 2 2 2 2 2 2 2 2 2 2 2 2 2 2 2 2 2 2 2 2 2 2 2 2
left_child=3 9 4 29 -3 6 10 -8 15 -2 14 13 -13 -12 -6 19 -17 23 -19 21 -21 22 -5 24 25 -18 -24 -28 -22 -1
right_child=1 2 -4 8 5 -7 7 -9 -10 -11 11 12 -14 -15 -16 16 17 18 -20 20 28 -23 26 -25 -26 -27 27 -29 -30 -31
leaf_value=0.0025133466871920976 0.0001229939621680884 0.0025790094630792739 -0.00094100337881831151 0.00048551586678277327 0.0034391779097772781 -0.00093395865599623078 -0.0031058372085462907 -0.0004307915220030368 -0.0011200839023028191 -0.00049060133151088245 -0.0023927403478107108 0.002324453803400199 0.0003226665695151889 -4.2819571704838917e-05 0.00078027595848064216 0.00029357295942264786 0.0010857140018763151 0.001274728928692639 -0.0019323012569111599 0.00023197947742034457 -0.0014069152381885183 0.00073880346722202605 0.00067374067457050702 0.0029098631518606386 -0.0012902147928252816 0.0022779144868658747 -0.0016858702311462065 0.00048723388438489529 0.00098705286785843787 0.00098179144679828986
leaf_weight=42 1830 20 1191 539 21 505 25 2379 48 358 24 48 81 99 34 578 180 25 40 1321 91 1194 49 52 20 121 96 47 20 418
leaf_count=42 1830 20 1191 539 21 505 25 2379 48 358 24 48 81 99 34 578 180 25 40 1321 91 1194 49 52 20 121 96 47 20 418
internal_value=2.79447e-13 -0.000365693 -0.000557602 0.000495608 -0.000416493 -0.000435122 -0.000342199 -0.00045861 0.000430471 2.25977e-05 0.000569371 0.000301765 0.00106752 -0.000501341 0.00179549 0.000447491 0.000709475 0.00125831 -0.000698828 0.000368201 0.000138378 0.000539166 0.000213082 0.00159937 0.00138708 0.00156497 -0.00055172 -0.000971633 -0.00097557 0.00112163
internal_weight=11496 6615 4427 4881 3236 3216 2711 2404 4421 2188 307 252 129 123 55 4373 1016 438 65 3357 1432 1925 731 373 321 301 192 143 111 460
internal_count=11496 6615 4427 4881 3236 3216 2711 2404 4421 2188 307 252 129 123 55 4373 1016 438 65 3357 1432 1925 731 373 321 301 192 143 111 460
is_linear=0
shrinkage=0.05


Tree=46
num_leaves=31
num_cat=0
split_feature=4 4 3 0 6 6 3 3 1 1 4 2 1 5 0 1 6 1 2 4 0 2 1 5 5 3 3 1 5 3
split_gain=0.755637 0.175507 0.0793875 0.0871469 0.0934331 0.0582977 0.0866271 0.0562869 0.0513071 0.0501022 0.0479719 0.046473 0.0649153 0.0543121 0.0446868 0.0717394 0.0574905 0.0473264 0.12113 0.0499973 0.0440666 0.0436306 0.0779754 0.0430364 0.0622052 0.0469678 0.044841 0.0562085 0.042442 0.0368334
threshold=1.0824798418194679 0.20418078120712699 0.18605005104068253 0.72081573326128512 11.107137050582834 -12.17577471367578 0.18464230881975094 0.042032731530629273 -1.7659146165532655 27.538023022653359 1.6947058709584319 -2.4165195405889741 -6.7493923288249489 0.62900615938043425 0.78476499893267271 3.7527446790220025 4.7052148169847081 -0.68728169287121654 1.0656519047090347 0.68322729571133223 0.6491011876661904 0.58322183354084534 4.9627471214164229 1.4859735060234163 1.3297268339089929 0.16186246721924197 0.10334547504164139 -9.1274271336962958 1.8698268892063374 0.12958930491273496
decision_type=2 2 2 2 2 2 2 2 2 2 2 2 2 2 2 2 2 2 2 2 2 2 2 2 2 2 2 2 2 2
left_child=1 7 8 4 -4 29 14 -1 -2 28 -6 -9 -13 -14 17 -16 21 23 19 -19 -12 22 -17 24 26 -25 -7 -28 -5 -3
right_child=2 5 3 9 10 6 -8 11 -10 -11 20 12 13 -15 15 16 -18 18 -20 -21 -22 -23 -24 25 -26 -27 27 -29 -30 -31
leaf_value=0.00033609474279098475 0.001132745040813461 -0.00072464151610620317 0.0012137462025934673 -0.0010284457972487098 -0.0014442233711532836 0.0006693200080788291 -0.0005478349923396309 0.000686335067032654 -0.00035064869909230039 -0.0025773176664952192 -0.0021799390031391696 -0.00078617392573505647 0.0013899175016361415 0.0037572450728880036 0.00033181314948486598 0.0034534960053861142 -0.00037268232448365202 -0.00081408148291398227 8.8102657481952729e-05 -0.0029542357165126074 -0.0003125751316867399 0.0045299140177667138 -0.00063417068682610996 -0.0027291015575073014 0.0021164937474417922 8.1751991750761169e-05 -0.0023474146544079609 0.00012608407153624039 0.0004079226638337046 0.0013588828310769584
leaf_weight=1019 60 25 83 1080 126 507 480 1399 2047 50 33 31 236 27 580 28 22 228 1755 31 741 20 20 23 51 42 24 534 54 140
leaf_count=1019 60 25 83 1080 126 507 480 1399 2047 50 33 31 236 27 580 28 22 228 1755 31 741 20 20 23 51 42 24 534 54 140
internal_value=7.97563e-13 0.000311847 -0.000526944 -0.000739431 -0.000391442 0.00012071 8.56788e-05 0.000629704 -0.000308407 -0.00102834 -0.000539476 0.000806425 0.00137787 0.00163295 0.000164356 0.00053562 0.00184904 8.65007e-05 -6.08598e-05 -0.00107024 -0.000392191 0.00256783 0.0017503 0.0003378 0.000410643 -0.000912858 0.000328954 1.9697e-05 -0.000960047 0.0010432
internal_weight=11496 7222 4274 2167 983 4510 4345 2712 2107 1184 900 1693 294 263 3865 670 90 3195 2014 259 774 68 48 1181 1116 65 1065 558 1134 165
internal_count=11496 7222 4274 2167 983 4510 4345 2712 2107 1184 900 1693 294 263 3865 670 90 3195 2014 259 774 68 48 1181 1116 65 1065 558 1134 165
is_linear=0
shrinkage=0.05


Tree=47
num_leaves=31
num_cat=0
split_feature=4 4 3 0 5 6 3 6 5 0 6 5 3 3 3 0 5 2 6 4 0 2 6 4 2 6 6 6 2 3
split_gain=0.682953 0.170304 0.0576288 0.0721162 0.069649 0.0610094 0.0559655 0.0573265 0.0615083 0.0544141 0.0532178 0.052579 0.0623424 0.0521202 0.0518467 0.0495062 0.0453063 0.0589042 0.0622586 0.0586384 0.0504724 0.0572284 0.0587997 0.0465189 0.0448362 0.0416089 0.0385228 0.0402594 0.0610663 0.0380289
threshold=1.1357271434253546 0.20418078120712699 0.18605005104068253 0.72848023935320183 1.6294028913487466 11.107137050582834 0.18464230881975094 -7.1262070701104676 1.5135938169288841 0.78476499893267271 -14.884846775426412 0.95368354306514758 0.10200126935642487 0.092330020207995814 0.27315599561754372 0.71659916935277324 0.89430104717970871 27.390707322580628 28.182167751581442 1.4513291023581743 0.67582537429903233 16.791219443569201 21.640404416810931 2.2670736955530981 5.9525276592013361 1.5910650629561316 4.5760053366667854 -0.84054989234513622 -0.11462873986422674 0.16186246721924197
decision_type=2 2 2 2 2 2 2 2 2 2 2 2 2 2 2 2 2 2 2 2 2 2 2 2 2 2 2 2 2 2
left_child=1 13 25 5 14 -4 7 29 9 -9 -8 12 -11 -1 24 -15 17 23 -19 -18 -21 22 -22 -7 -5 -2 27 28 -14 -3
right_child=2 6 3 4 -6 16 10 8 -10 11 -12 -13 26 15 -16 -17 19 18 -20 20 21 -23 -24 -25 -26 -27 -28 -29 -30 -31
leaf_value=0.00044077594179968161 0.001211193173603956 0.00046324773256610984 0.00084352047468974503 -0.0020757531473160878 0.00024773604914759807 0.0022524989273568444 0.0013717730640478078 3.5449094448238373e-05 -0.0023698208290152253 -1.9530424651748035e-05 -0.00047277971506537626 -0.00019896976403628499 0.0012907611346760198 0.00035826920997959852 -0.0021361435019383048 0.0011493690775144691 -0.0031024169772863389 -0.0031192256626673045 -0.00012713545017361053 -0.0016312153335787697 -0.00034930167918061989 -0.00084528833311297452 0.0013751990565865795 -8.8364639597740489e-05 -0.00087295832578133915 -0.00036217928480531124 -0.00083133963373256854 0.0020991205080081862 -0.0016970593854784965 0.0015891540630404285
leaf_weight=1789 43 371 87 87 99 44 42 3100 25 136 567 163 118 287 116 636 25 20 133 110 181 397 68 41 708 1845 20 124 20 94
leaf_count=1789 43 371 87 87 99 44 42 3100 25 136 567 163 118 287 116 636 25 20 133 110 181 397 68 41 708 1845 20 124 20 94
internal_value=-4.22803e-13 0.000281735 -0.000527162 -0.00070634 -0.00101179 -0.0004274 0.000102173 0.000167547 0.000101886 0.000118673 -0.000345569 0.000562727 0.000859753 0.000598219 -0.00114867 0.000903382 -0.000535908 6.80398e-05 -0.000518258 -0.000719953 -0.000641168 -0.000472584 0.000121646 0.00112338 -0.00100458 -0.000326345 0.0012838 0.00144527 0.000857744 0.00069085
internal_weight=11496 7492 4004 2116 1010 1106 4780 4171 3706 3681 609 581 418 2712 911 923 1019 238 153 781 756 646 249 85 795 1888 282 262 138 465
internal_count=11496 7492 4004 2116 1010 1106 4780 4171 3706 3681 609 581 418 2712 911 923 1019 238 153 781 756 646 249 85 795 1888 282 262 138 465
is_linear=0
shrinkage=0.05


Tree=48
num_leaves=31
num_cat=0
split_feature=4 4 1 1 2 3 5 3 1 5 0 1 5 1 2 0 3 4 2 4 0 1 2 4 2 1 5 2 3 2
split_gain=0.616365 0.153699 0.0602465 0.0529981 0.0734586 0.0505088 0.0486654 0.047972 0.0447865 0.0795354 0.0471724 0.0570827 0.0436555 0.0497941 0.0617305 0.0644884 0.0558141 0.0460372 0.067154 0.0418296 0.0416899 0.0415946 0.100257 0.0558613 0.040467 0.0583003 0.04847 0.0403403 0.03853 0.0493006
threshold=1.1357271434253546 0.20418078120712699 31.022699478813923 3.1479222427203806 17.888977381523507 0.18464230881975094 1.9945432096172035 0.042032731530629273 -8.1996123875221691 1.4747593526478606 0.78476499893267271 3.7527446790220025 0.73954568654056385 18.822598343475551 12.089759173637484 0.80001930524045262 0.26237910899735317 1.3893270061948504 7.0969043766827218 0.68322729571133223 0.7400565496793835 -0.68728169287121654 0.79341344806369996 0.68322729571133223 -2.4165195405889741 -6.7493923288249489 0.62900615938043425 -3.2344061885018434 0.12958930491273496 -3.0252986020786676
decision_type=2 2 2 2 2 2 2 2 2 2 2 2 2 2 2 2 2 2 2 2 2 2 2 2 2 2 2 2 2 2
left_child=1 7 3 4 -2 8 -7 -1 28 10 21 -12 -5 14 15 16 17 20 -19 -13 -14 27 23 -23 -9 -26 -27 -10 -3 -30
right_child=2 5 -4 12 -6 6 -8 24 9 -11 11 19 13 -15 -16 -17 -18 18 -20 -21 -22 22 -24 -25 25 26 -28 -29 29 -31
leaf_value=0.00029725119911834676 -0.00015446507176347825 -7.9113097892112127e-05 -0.0023407717309468848 5.4850063245237896e-05 0.0027895975603976033 -0.00043697759039502634 0.0015097960158634712 0.00061939298005539824 -0.0011002779108666607 -0.0017389367332502287 0.00033834925407993108 0.0023710387208583684 -0.0012876701152508495 -0.0010624078348804283 -0.00038937306364786209 -0.0028140259864316746 0.0010785999216750498 -0.003618304851560799 -0.0011320645390380244 9.2782064517638811e-05 -0.0001555752117116818 -0.00079578705946914863 6.1497395824851287e-05 -0.003558432216523215 -0.00078612568322569134 0.0012768418550059956 0.00351322663396045 0.00039931396797042353 0.0021923352291246187 0.00053919231064294049
leaf_weight=1019 574 91 44 268 22 575 34 1399 47 57 499 66 138 509 2002 44 36 34 135 29 198 215 1977 20 31 236 27 979 73 118
leaf_count=1019 574 91 44 268 22 575 34 1399 47 57 499 66 138 509 2002 44 36 34 135 29 198 215 1977 20 31 236 27 979 73 118
internal_value=-1.10348e-13 0.000267648 -0.000500804 -0.000480359 -4.57916e-05 9.7064e-05 -0.000328291 0.000568308 0.000159169 0.00011505 0.000142627 0.000552215 -0.000557352 -0.000610346 -0.000521402 -0.000973232 -0.000823519 -0.000959116 -0.00163225 0.00167557 -0.000620543 6.74901e-05 -5.45581e-05 -0.00103091 0.000731455 0.0012647 0.00150643 0.000330619 0.000767609 0.00117102
internal_weight=11496 7492 4004 3960 596 4780 609 2712 4171 3889 3832 594 3364 3096 2587 585 541 505 169 95 336 3238 2212 235 1693 294 263 1026 282 191
internal_count=11496 7492 4004 3960 596 4780 609 2712 4171 3889 3832 594 3364 3096 2587 585 541 505 169 95 336 3238 2212 235 1693 294 263 1026 282 191
is_linear=0
shrinkage=0.05


Tree=49
num_leaves=31
num_cat=0
split_feature=6 4 1 5 0 5 6 6 2 5 2 1 1 2 6 4 5 0 1 0 1 6 1 2 0 2 6 4 4 1
split_gain=0.564164 0.110161 0.0928556 0.049059 0.0692782 0.067705 0.0475271 0.0435749 0.0528839 0.0544436 0.0619951 0.0441718 0.0382622 0.048097 0.0436975 0.0416983 0.0397263 0.0659223 0.0533412 0.0509385 0.0816289 0.0585064 0.0525923 0.0482679 0.0418294 0.0389697 0.0457486 0.0666586 0.0366134 0.0467291
threshold=4.5760053366667854 0.12735603467380779 14.46314875195335 1.1609936897169277 0.81045475963353419 0.85167262525656462 -11.542485110244892 24.666723263584373 17.685855130294122 0.76733154353184874 54.019174124039118 29.24857398931643 -8.7876883559467913 -2.008574325735307 -5.9917388170847294 0.31262720360346991 1.2378344739312388 0.82290717614697773 -5.1394397644136438 0.78476499893267271 3.8337084469320941 -6.1443357337291742 -5.5690994693774529 -3.2344061885018434 0.7091878911336581 -2.3073331753732167 -4.0234189360403336 0.29063868988395342 1.4224562715186628 -2.1711898139720405
decision_type=2 2 2 2 2 2 2 2 2 2 2 2 2 2 2 2 2 2 2 2 2 2 2 2 2 2 2 2 2 2
left_child=1 -1 3 4 -2 -6 -3 -4 -9 10 -10 -11 13 15 -15 -8 19 24 -19 21 22 23 -21 -14 -18 -24 27 -27 -26 -30
right_child=2 6 7 -5 5 -7 12 8 9 11 -12 -13 16 14 -16 -17 17 18 -20 20 -22 -23 25 -25 28 26 -28 -29 29 -31
leaf_value=0.00060158027662735437 -0.00011838551845440519 0.00081614648388772689 -0.0015772306349720036 -0.00055523876665516459 0.00024123450680433407 -0.0032509442551859787 -0.0012867305588553707 0.0018188194504805974 0.00038202451658276996 -0.00083062058744214822 -0.001635706006588104 -0.002783906109398231 -0.00019110707055683724 -0.0021787108442125223 -4.5211414981167767e-05 0.00054377590700217609 -0.00086768977225244964 -0.00033327787936198041 -0.0023145524676034131 -0.00081300438218426686 0.0023334852361585946 4.3392641012145999e-05 -0.0014698030781887827 0.0010937073178428709 0.00011028539400085674 0.00078192482372590663 0.00045868878120968885 0.003468167644870632 0.003204839960064577 0.00013791618888111165
leaf_weight=2114 2531 262 149 1107 23 35 42 21 184 822 48 30 102 60 40 120 98 82 58 72 64 2261 21 258 384 72 352 34 23 27
leaf_count=2114 2531 262 149 1107 23 35 42 21 184 822 48 30 102 60 40 120 98 82 58 72 64 2261 21 258 384 72 352 34 23 27
internal_value=5.93037e-13 0.000304589 -0.000402796 -0.000276655 -0.000157539 -0.00186611 0.000162928 -0.000774578 -0.000666347 -0.000714491 -3.5437e-05 -0.000899398 0.000121887 -0.000463056 -0.00132531 6.92002e-05 0.000161102 -0.000188723 -0.00115409 0.000233748 0.000643277 0.000137655 0.000446956 0.000729677 6.53215e-05 0.000636344 0.000732914 0.00164355 0.000276001 0.0015487
internal_weight=11496 6546 4950 3696 2589 58 4432 1254 1105 1084 232 852 4170 262 100 162 3908 672 140 3236 615 2621 551 360 532 479 458 106 434 50
internal_count=11496 6546 4950 3696 2589 58 4432 1254 1105 1084 232 852 4170 262 100 162 3908 672 140 3236 615 2621 551 360 532 479 458 106 434 50
is_linear=0
shrinkage=0.05


Tree=50
num_leaves=31
num_cat=0
split_feature=6 4 3 0 6 3 3 1 2 6 4 2 1 4 5 3 2 4 5 1 1 2 6 1 0 3 1 5 5 1
split_gain=0.509158 0.0994206 0.0928026 0.0748617 0.0690666 0.0516709 0.0491243 0.0462604 0.0454533 0.044225 0.0410296 0.0551846 0.0598228 0.0448204 0.0585475 0.0451986 0.0439919 0.0389196 0.0465286 0.0694524 0.0471919 0.043866 0.0691822 0.0371496 0.0353296 0.0715783 0.0418244 0.0552653 0.0464941 0.0379747
threshold=4.5760053366667854 0.12735603467380779 0.18605005104068253 0.72848023935320183 11.107137050582834 0.18464230881975094 0.16584910955960755 -8.0496791439889517 3.3906181577272592 -16.731352277925691 1.8155794690418863 8.9694742829480791 11.397785389317551 1.3893270061948504 1.0099842151665828 0.16186246721924197 4.7741136848597625 1.6539698157737863 1.2929947604068508 18.535857562644924 7.3425319749073408 16.791219443569201 27.010250083209609 27.538023022653359 0.74663197115473767 0.26768244066807728 -2.254265292242668 1.6629987002552635 1.1763541021879182 -3.1600453877363708
decision_type=2 2 2 2 2 2 2 2 2 2 2 2 2 2 2 2 2 2 2 2 2 2 2 2 2 2 2 2 2 2
left_child=1 6 10 4 -4 -3 -1 -8 -5 -7 11 12 13 14 15 -2 -16 -6 20 -20 -19 -22 -23 -10 25 -11 27 29 -28 -26
right_child=2 5 3 8 17 9 7 -9 23 24 -12 -13 -14 -15 16 -17 -18 18 19 -21 21 22 -24 -25 26 -27 28 -29 -30 -31
leaf_value=0.00052186708013077612 -0.00076572457698500715 0.00022972147652991246 0.0012425336705905105 -0.0032763675542636997 -0.0012542231154397828 0.001499202119718705 2.7712341829168576e-05 0.0025264235371250218 -0.000849282476658698 -0.000272086273813687 -0.0005682344502033384 8.1046302249802832e-05 0.0013335167204470214 -0.0027994350995868447 0.0018598790866909205 -0.0026637853356078268 -0.00021882811030954561 0.0019905408980169645 -0.00071196211302824519 -0.0038410543419775513 0.0005786300943533718 -0.001493413320349646 -0.00016944651920580356 -0.0023233057541720984 -0.00093693118103875073 0.0021886290409244024 0.002316558530886444 0.00022217324114700947 -0.00021186682209372524 -0.0031892799990600909
leaf_weight=2028 302 3716 63 21 135 35 27 59 853 122 611 1453 46 21 27 35 444 24 114 21 128 124 483 45 291 39 24 110 75 20
leaf_count=2028 302 3716 63 21 135 35 27 59 853 122 611 1453 46 21 27 35 444 24 114 21 128 124 483 45 291 39 24 110 75 20
internal_value=-7.29971e-13 0.000289359 -0.000382656 -0.000644378 -0.000364519 0.000154782 0.000571501 0.00174194 -0.000976921 -0.000234151 -0.000203573 -0.000107865 -0.000421566 -0.000518953 -0.000459683 -0.000962853 -9.96666e-05 -0.00046291 -0.000343416 -0.00119871 -0.000191289 -0.000262532 -0.000439911 -0.000923148 -0.000323237 0.000323988 -0.000523627 -0.000741077 0.000401085 -0.00108178
internal_weight=11496 6546 4950 2011 1092 4432 2114 86 919 716 2939 2328 875 829 808 337 471 1029 894 135 759 735 607 898 681 161 520 421 99 311
internal_count=11496 6546 4950 2011 1092 4432 2114 86 919 716 2939 2328 875 829 808 337 471 1029 894 135 759 735 607 898 681 161 520 421 99 311
is_linear=0
shrinkage=0.05


Tree=51
num_leaves=31
num_cat=0
split_feature=4 4 6 3 4 1 1 5 5 1 3 1 2 1 2 6 6 1 2 2 5 4 4 1 3 6 3 1 5 4
split_gain=0.460693 0.114327 0.0496168 0.0524755 0.0761147 0.117157 0.0681005 0.0521541 0.0521471 0.04847 0.0443347 0.0424882 0.0664191 0.04175 0.0385318 0.0405299 0.0363951 0.0405484 0.0473685 0.0455132 0.0907092 0.0415617 0.0524801 0.0508205 0.057494 0.0366362 0.0353707 0.0336087 0.029743 0.029685
threshold=1.1357271434253546 0.12735603467380779 -11.542485110244892 0.13510148952138687 0.4474637760666309 -5.7931638154499971 -0.88031213965201183 0.98279407008098885 1.0168023613842128 31.022699478813923 0.16584910955960755 3.1479222427203806 16.22872091052319 -8.0496791439889517 9.2332298254720744 9.175342042590847 42.01367201014893 18.129357768820558 12.089759173637484 26.753810608180505 0.92541945609095155 1.3893270061948504 1.4513291023581743 9.6409686330003694 0.26768244066807728 32.315499187441944 0.059980107793122628 -8.4646592143588517 0.92841912171303032 0.2235026677099701
decision_type=2 2 2 2 2 2 2 2 2 2 2 2 2 2 2 2 2 2 2 2 2 2 2 2 2 2 2 2 2 2
left_child=1 10 27 26 5 7 -7 -5 14 11 -1 12 -2 -12 15 -6 17 18 21 20 -19 28 -23 24 -24 -22 -4 -3 -13 -8
right_child=9 2 3 4 8 6 29 -9 -10 -11 13 16 -14 -15 -16 -17 -18 19 -20 -21 25 22 23 -25 -26 -27 -28 -29 -30 -31
leaf_value=0.00049577372799860804 -0.00014050799055984769 0.00095983678126651322 -0.00015176530028939954 -0.0023379948766281207 -0.00064041532935264355 0.0032459923807023603 -0.00037737069651484491 0.00041389220665829883 2.9665617754896328e-07 -0.0020833338018168101 2.6326744679223611e-05 0.0011732192877680063 0.0023975506205008261 0.0024001023755803453 0.0004095180460081928 -0.0029279072606004774 0.00047088234037876174 0.0015055143930525943 -0.00030906354767921583 -0.0011200550128866638 -0.0020532854258224534 -0.0031355538072356075 -0.001019820015867932 -0.0027437427932662625 0.0017982899967526984 -0.00027414668395930419 0.00026888936351477885 -0.0010420724607842124 -0.00061349907359180018 0.0015255524649227595
leaf_weight=2028 569 237 612 33 609 44 32 36 864 44 27 25 27 59 87 20 97 55 2025 475 46 35 131 35 21 78 2724 23 341 57
leaf_count=2028 569 237 612 33 609 44 32 36 864 44 27 25 27 59 87 20 97 55 2025 475 46 35 131 35 21 78 2724 23 341 57
internal_value=-1.08049e-12 0.000231393 0.000108935 7.47046e-05 -0.000144352 0.000769557 0.00163687 -0.000902228 -0.000261194 -0.000432966 0.000542926 -0.000414629 -2.55288e-05 0.00165485 -0.000576736 -0.00071315 -0.000483566 -0.000511904 -0.000423779 -0.000864002 -0.000184532 -0.000818844 -0.00135859 -0.00102601 -0.000630476 -0.00093415 0.000191719 0.000782745 -0.000491455 0.000841355
internal_weight=11496 7492 5378 5118 1782 202 133 69 1580 4004 2114 3960 596 86 716 629 3364 3267 2613 654 179 588 222 187 152 124 3336 260 366 89
internal_count=11496 7492 5378 5118 1782 202 133 69 1580 4004 2114 3960 596 86 716 629 3364 3267 2613 654 179 588 222 187 152 124 3336 260 366 89
is_linear=0
shrinkage=0.05


Tree=52
num_leaves=31
num_cat=0
split_feature=6 3 2 0 3 0 6 2 0 3 3 3 2 1 6 6 2 1 5 6 3 1 0 3 5 2 0 2 5 3
split_gain=0.41925 0.0780238 0.0706004 0.092052 0.0882939 0.0660905 0.0614133 0.0533865 0.0525236 0.0679486 0.0470373 0.0521078 0.0416254 0.0401965 0.0393122 0.0351044 0.0509163 0.0540954 0.0409589 0.0446451 0.0396495 0.0342409 0.0718245 0.0727247 0.0339821 0.0599245 0.0339259 0.0335751 0.0333653 0.039952
threshold=4.5760053366667854 0.18605005104068253 -0.84119062157154667 0.8397716758598639 0.14181870050599368 0.72848023935320183 11.107137050582834 5.775361050462732 0.71087792635696478 0.10878037150417992 0.16186246721924197 0.16944923032446524 3.3906181577272592 0.067559830014563019 -3.4516164605104853 18.741426402242251 8.9694742829480791 11.397785389317551 1.0099842151665828 9.175342042590847 0.16186246721924197 2.1662552160108044 0.73208468741278787 0.15629010319487011 1.3019098316617019 4.7741136848597625 0.80632361189425794 6.8149265859313575 1.6294028913487466 0.27715324302306538
decision_type=2 2 2 2 2 2 2 2 2 2 2 2 2 2 2 2 2 2 2 2 2 2 2 2 2 2 2 2 2 2
left_child=2 15 3 8 -4 6 -3 21 9 -1 13 -12 -7 14 -10 16 17 18 20 24 -2 -6 -23 -24 25 -20 -14 -27 29 -8
right_child=1 5 4 -5 7 12 28 -9 10 -11 11 -13 26 -15 -16 -17 -18 -19 19 -21 -22 22 23 -25 -26 27 -28 -29 -30 -31
leaf_value=0.00044846127139215304 -0.0007224263657134609 0.001191142844110136 0.00027197023309326649 -0.00058481828254592814 -0.0004731929871174062 -0.0031001578983185546 -0.00053902226095774782 0.0016018364449135133 0.00056276588788317487 -0.00048644225159220683 0.0026935914114195234 0.00092474419135521739 -0.00076670931652694676 0.0015087525287926287 -0.00019853341478674668 -0.00050507777445066141 9.5945137421065484e-05 0.0012791576561826531 0.0024781998906595014 -0.0018617743859067561 -0.0025001573911868037 -0.00095346989117388141 -0.00073258184827864172 0.0026052032239447806 -0.0018109318003273354 -0.0005871774838118243 -0.0020071245528169575 0.00032636294014232029 -0.0021193815859338167 0.00021889490440522814
leaf_weight=729 302 63 2278 210 850 21 777 36 1397 265 48 314 839 99 193 657 1407 46 24 37 35 55 25 47 26 186 59 219 28 224
leaf_count=729 302 63 2278 210 850 21 777 36 1397 265 48 314 839 99 193 657 1407 46 24 37 35 55 25 47 26 186 59 219 28 224
internal_value=-5.28626e-13 -0.000347231 0.000262572 0.000427682 9.92675e-05 -0.000587211 -0.000324257 -0.0002891 0.00049751 0.000199216 0.000642075 0.00115929 -0.000899666 0.000531222 0.000470357 -0.000183026 -9.03054e-05 -0.000389796 -0.000482404 -0.000191534 -0.000907057 -0.000358777 0.000407001 0.00144625 -5.5712e-05 5.0665e-05 -0.000848207 -9.3189e-05 -0.000417036 -0.000369418
internal_weight=11496 4950 6546 3255 3291 2011 1092 1013 3045 994 2051 362 919 1689 1590 2939 2282 875 829 492 337 977 127 72 455 429 898 405 1029 1001
internal_count=11496 4950 6546 3255 3291 2011 1092 1013 3045 994 2051 362 919 1689 1590 2939 2282 875 829 492 337 977 127 72 455 429 898 405 1029 1001
is_linear=0
shrinkage=0.05


Tree=53
num_leaves=31
num_cat=0
split_feature=4 1 0 2 3 4 2 3 4 3 2 5 1 3 2 1 0 0 1 3 3 4 5 5 3 4 1 3 1 1
split_gain=0.377207 0.115379 0.0818965 0.0809032 0.0573913 0.0543928 0.0509041 0.0465133 0.044777 0.0562281 0.0514176 0.0526929 0.0689562 0.0345653 0.0343263 0.0678606 0.043948 0.0500513 0.0468373 0.0468803 0.0474851 0.0389729 0.0360655 0.0331668 0.0328679 0.0299565 0.0287303 0.0276042 0.0267339 0.0264162
threshold=0.67117831059377719 3.2350219021519804 0.81527461224674902 0.94661851252573659 0.18605005104068253 -0.1011354941912317 17.888977381523507 0.27014750437153429 1.6738073841418732 0.21216728407650617 25.572578354680044 1.0045477612967806 21.14152512614417 0.27715324302306538 7.7279086170463769 -0.88031213965201183 0.731361885627141 0.74242687712383548 1.0067595285324418 0.20017370005091376 0.14974068336076612 1.4888640281703955 0.96665084647450927 0.45738867038362868 0.26237910899735317 2.5863319756327132 27.538023022653359 0.14620850957637757 7.749079842510155 14.734974920872858
decision_type=2 2 2 2 2 2 2 2 2 2 2 2 2 2 2 2 2 2 2 2 2 2 2 2 2 2 2 2 2 2
left_child=5 2 6 -3 29 -1 14 -4 9 -6 11 -10 13 -13 15 21 -17 22 27 20 -20 -2 -18 -12 -7 -15 -25 -19 -11 -5
right_child=1 3 7 4 8 24 -8 -9 10 28 23 12 -14 25 -16 16 17 18 19 -21 -22 -23 -24 26 -26 -27 -28 -29 -30 -31
leaf_value=0.00088169379031951655 0.00023836029094974586 -0.0031416176921791501 -0.00051951048588721831 -0.00014924458657624535 -0.0004644255394536311 0.00029357417517437398 0.0021612413921927027 -0.0023514627616532382 0.00068344920084402678 -0.0012557707818721573 0.00090631735906283916 -0.00050665991595084839 -0.0029579268284142019 0.00089353984491409447 0.00037764750385911529 0.00019582412591674658 -0.0027014733549359064 0.00069926478396864391 -0.00053265834256468949 0.0014317965684643821 -0.0020219141111929755 0.0024230600112960451 -0.00081703984366369347 -0.0007204289878495507 -0.0013951988168189238 -0.00085510615194145812 -0.001774851576766183 -0.00061075664755170719 -0.0025517342987890815 -0.00064058122362464971
leaf_weight=414 731 27 259 1851 159 4438 30 40 144 98 29 382 25 95 705 247 43 118 181 22 76 21 62 717 29 33 71 61 67 321
leaf_count=414 731 27 259 1851 159 4438 30 40 144 98 29 382 25 95 705 247 43 118 181 22 76 21 62 717 29 33 71 61 67 321
internal_value=-2.41733e-13 -0.000246023 1.37987e-05 -0.00041385 -0.000395401 0.000333424 0.000115121 -0.000764588 -0.000602507 -0.00113542 -0.00048709 -0.000165549 -0.000394064 -0.000268385 8.8044e-05 -4.26669e-05 -0.000360211 -0.000604156 -0.000378428 -0.00078343 -0.000973061 0.000299369 -0.00158876 -0.000754319 0.000282611 0.000442717 -0.000815434 0.000252833 -0.00178201 -0.000221859
internal_weight=11496 6615 2596 4019 3992 4881 2297 299 1820 324 1496 679 535 510 2267 1562 810 563 458 279 257 752 105 817 4467 128 788 179 165 2172
internal_count=11496 6615 2596 4019 3992 4881 2297 299 1820 324 1496 679 535 510 2267 1562 810 563 458 279 257 752 105 817 4467 128 788 179 165 2172
is_linear=0
shrinkage=0.05


Tree=54
num_leaves=31
num_cat=0
split_feature=6 2 4 4 2 0 5 3 3 1 6 1 4 3 0 0 1 1 6 1 0 5 1 2 5 6 2 6 5 6
split_gain=0.345662 0.0727716 0.0697627 0.0615804 0.0459597 0.0678953 0.0651727 0.0388438 0.0370742 0.0361174 0.0359745 0.0337265 0.0953846 0.0471544 0.0364805 0.0335573 0.0335028 0.0331697 0.0335117 0.0374126 0.0374601 0.0412674 0.0332891 0.0639649 0.0405801 0.0403423 0.0354527 0.0670844 0.0308734 0.0306169
threshold=4.5760053366667854 2.9518350646013922 0.12735603467380779 1.4224562715186628 7.7279086170463769 0.71941327454710768 0.93792176794214199 0.18464230881975094 0.16584910955960755 -8.0496791439889517 -16.731352277925691 -6.460922150304226 0.77049223523160648 0.26237910899735317 0.81527461224674902 0.75582493119025196 2.4788550242725087 31.022699478813923 42.01367201014893 19.519039606222005 0.78909208364472405 1.4109930821461465 7.9174697899248363 18.743898318105916 1.3685839560705475 26.238467842814035 16.791219443569201 16.107486771313642 1.2216008545722166 35.275355900399582
decision_type=2 2 2 2 2 2 2 2 2 2 2 2 2 2 2 2 2 2 2 2 2 2 2 2 2 2 2 2 2 2
left_child=2 -2 8 4 5 -3 15 -4 -1 -10 -9 -12 -13 -14 -15 -7 -6 18 19 20 22 -22 23 -5 26 -26 27 -24 29 -21
right_child=1 3 7 17 16 6 -8 10 9 -11 11 12 13 14 -16 -17 -18 -19 -20 28 21 -23 24 -25 25 -27 -28 -29 -30 -31
leaf_value=0.0004316400375604334 -0.0026919518917566166 0.0005587510940090601 0.00019066061846368214 -0.00036328258712866132 0.00058105429015030852 -0.0030902156785417062 -0.00047207984584811662 0.0013517946583618012 -2.3123206941548874e-05 0.0021847266439443173 -0.0007233598559064176 0.0021400407273018652 -0.00066728047309688439 0.00098378165862897664 -0.0012780178221873939 -0.00094113138560822016 -4.5294097452454659e-05 -0.0018254246421938024 0.00048713697451040796 -0.0012176141895119603 -0.0015699035062828855 -0.00030761928442083196 -0.0016617772102587259 0.00082941076925530436 -0.0017991979606449605 0.00016630067798865237 -0.00044634740523455505 0.00065018637545512725 -0.0019033085674128678 -0.00034209024979645622
leaf_weight=2028 32 134 3716 321 264 39 425 35 27 59 272 46 247 94 22 34 1116 43 97 171 130 129 38 173 95 36 1191 180 62 240
leaf_count=2028 32 134 3716 321 264 39 425 35 27 59 272 46 247 94 22 34 1116 43 97 171 130 129 38 173 95 36 1191 180 62 240
internal_value=-3.58455e-13 -0.000315288 0.000238417 -0.000299824 -8.71909e-05 -0.000440314 -0.000709138 0.000125685 0.000474759 0.00149156 -0.000211534 -0.000291881 -4.93232e-06 -0.000276747 0.00055482 -0.00208927 7.45291e-05 -0.000447043 -0.000426341 -0.000458375 -0.000374857 -0.000941198 -0.000302742 5.44015e-05 -0.000417306 -0.00125906 -0.000339045 0.000247184 -0.000863253 -0.000706359
internal_weight=11496 4950 6546 4918 2012 632 498 4432 2114 86 716 681 409 363 116 73 1380 2906 2863 2766 2293 259 2034 494 1540 131 1409 218 473 411
internal_count=11496 4950 6546 4918 2012 632 498 4432 2114 86 716 681 409 363 116 73 1380 2906 2863 2766 2293 259 2034 494 1540 131 1409 218 473 411
is_linear=0
shrinkage=0.05


Tree=55
num_leaves=31
num_cat=0
split_feature=6 2 2 0 3 1 0 3 2 0 3 3 5 2 3 6 1 0 1 6 5 5 2 3 1 0 1 6 2 3
split_gain=0.31196 0.0656764 0.0566901 0.075757 0.0705957 0.0548303 0.0478244 0.0596975 0.0477644 0.051728 0.0448412 0.0517023 0.0405547 0.0437209 0.040112 0.0496774 0.0436744 0.0479844 0.036845 0.0350917 0.0337358 0.0327616 0.0316453 0.0529714 0.0321406 0.0313242 0.0312162 0.0689755 0.0668113 0.0623484
threshold=4.5760053366667854 2.9518350646013922 -0.84119062157154667 0.83763175723790917 0.14181870050599368 14.46314875195335 0.71087792635696478 0.10878037150417992 5.5271454214166047 0.76475045991332535 0.16186246721924197 0.16944923032446524 0.76733154353184874 57.072811937329895 0.23223572776312887 25.756673100643035 11.784686335769702 0.80786558595759894 0.067559830014563019 -3.4516164605104853 1.2929947604068508 0.60007698336242421 -3.3082739621290203 0.1446150469249218 -2.804405432755019 0.7258238903827926 2.1662552160108044 0.3660968724264469 0.58322183354084534 0.1578144183565208
decision_type=2 2 2 2 2 2 2 2 2 2 2 2 2 2 2 2 2 2 2 2 2 2 2 2 2 2 2 2 2 2
left_child=2 -2 3 6 -4 14 7 -1 26 -10 18 21 13 -7 -3 16 17 -16 19 -8 -18 -12 -9 24 -24 -13 -6 -28 -29 -30
right_child=1 5 4 -5 8 12 10 22 9 -11 11 25 -14 -15 15 -17 20 -19 -20 -21 -22 -23 23 -25 -26 -27 27 28 29 -31
leaf_value=0.00038787936734587989 -0.0025573542661732063 -0.00012938768622916368 0.00023458841746012841 -0.00053033364649174341 -0.00045147320245510528 0.00027555377414628478 0.00049810869554496758 0.00054379757975452938 -0.00033268124351034994 0.0030586002251683652 0.0012559415941888637 0.0027195793155225974 -0.00071372068399490373 -0.0015447156384396248 -0.00049327603614444146 0.00035252526242245911 -0.0039507855568081144 -0.0026484781902299491 0.0014048434262436749 -0.00022125806673182601 -0.0011134276208891109 0.003927193178484837 -0.0020292779552841152 3.387572647696681e-05 8.5771539370002955e-05 0.00072026554732212695 0.0023972463706741112 -0.0022871026448134722 -0.0011981015101939973 0.0019113503712057873
leaf_weight=729 32 3266 2278 216 841 214 1394 58 23 22 22 21 999 39 236 93 20 29 99 193 22 24 82 102 23 292 32 29 28 38
leaf_count=729 32 3266 2278 216 841 214 1394 58 23 22 22 21 999 39 236 93 20 29 99 193 22 24 82 102 23 292 32 29 28 38
internal_value=-8.84846e-14 -0.000299524 0.000226496 0.000374449 8.01615e-05 -0.000284833 0.000438757 0.000154257 -0.000267109 0.00132528 0.000577043 0.00108443 -0.000570513 -5.04112e-06 -0.000187268 -0.000659863 -0.000966548 -0.000729128 0.000469004 0.000410624 -0.00246455 0.00264964 -0.000488424 -0.000777646 -0.00156598 0.000854405 -0.000341135 0.000389531 -0.000286753 0.000592189
internal_weight=11496 4950 6546 3255 3291 4918 3039 994 1013 45 2045 359 1252 253 3666 400 307 265 1686 1587 42 46 265 207 105 313 968 127 95 66
internal_count=11496 4950 6546 3255 3291 4918 3039 994 1013 45 2045 359 1252 253 3666 400 307 265 1686 1587 42 46 265 207 105 313 968 127 95 66
is_linear=0
shrinkage=0.05


Tree=56
num_leaves=31
num_cat=0
split_feature=4 4 6 3 3 5 3 0 3 4 2 0 5 0 4 6 2 5 2 3 5 3 2 6 5 3 5 0 3 0
split_gain=0.285476 0.074322 0.0383228 0.0351123 0.0315314 0.0312278 0.0499084 0.029787 0.0295597 0.0472178 0.0568294 0.0575914 0.0532452 0.0374476 0.0358576 0.0436521 0.0334681 0.0282906 0.0271133 0.0263155 0.0386708 0.0536142 0.0424661 0.0404595 0.0382221 0.0425328 0.0323367 0.0647883 0.0655005 0.0448379
threshold=1.1357271434253546 0.12735603467380779 -11.542485110244892 0.18464230881975094 0.16584910955960755 1.4859735060234163 0.1569190707674967 0.8397716758598639 0.2213617118221072 1.6738073841418732 29.542168905606744 0.67582537429903233 1.4747593526478606 0.68367624457921272 2.2548752784492918 44.590586333132194 31.316898323232135 1.007079883766669 -2.9754157257631468 0.059980107793122628 0.71504573822540662 0.08165087584198541 10.627235642299075 -4.9358023965360251 1.3297268339089929 0.16067922637616791 0.83765626876099708 0.8045422603626935 0.11577778718823031 0.76284413800042483
decision_type=2 2 2 2 2 2 2 2 2 2 2 2 2 2 2 2 2 2 2 2 2 2 2 2 2 2 2 2 2 2
left_child=1 4 7 5 -1 19 -7 -3 14 12 11 17 -10 -13 -2 -16 -12 -11 -6 -4 -21 -22 23 24 25 -23 27 28 -25 -28
right_child=8 2 3 -5 18 6 -8 -9 9 10 16 13 -14 -15 15 -17 -18 -19 -20 20 21 22 -24 26 -26 -27 29 -29 -30 -31
leaf_value=0.00039356621184382805 -0.00017867401874646708 0.00085398411009779147 -0.00019059614740197302 -0.00033158503051443496 -9.8274032453722938e-05 -0.0029880832969432789 -8.3450630307197571e-05 -0.00092993689512905597 -0.0016618831907688346 -0.00024305249564349652 -0.0022275936236837881 0.001655218744251345 -0.00027572310826709046 -3.4724871765596324e-05 -0.00087614470407336778 0.0011801150760480338 -0.00069640457149724457 -0.002670781646544735 0.0019074742441565224 0.0004230072502034788 0.0010213895090523044 5.641708110572857e-05 0.00073499203141030498 -3.6084532249155559e-05 0.0016980015847366304 0.0015835790776227621 -0.00022089342446600282 0.0014280868436847079 -0.0013721903345605224 0.0003457012424624109
leaf_weight=2028 2385 234 612 531 23 21 50 26 172 20 40 35 116 517 330 28 331 30 63 1041 140 430 192 174 48 51 1080 38 194 516
leaf_count=2028 2385 234 612 531 23 21 50 26 172 20 40 35 116 517 330 28 331 30 63 1041 140 430 192 174 48 51 1080 38 194 516
internal_value=-1.65269e-13 0.00018215 8.34149e-05 5.33316e-05 0.000433332 9.78903e-05 -0.000942567 0.000675592 -0.000340826 -0.000541194 -0.000374736 -7.47585e-05 -0.00110357 7.24274e-05 -0.000248714 -0.00071532 -0.000861492 -0.00169969 0.00137105 0.000114248 0.000162036 6.71462e-05 1.80848e-05 -3.62993e-05 0.000352601 0.000218341 -0.000139061 -0.000537479 -0.000740445 -3.77087e-05
internal_weight=11496 7492 5378 5118 2114 4587 71 260 4004 1261 973 602 288 552 2743 358 371 50 86 4516 3904 2863 2723 2531 529 481 2002 406 368 1596
internal_count=11496 7492 5378 5118 2114 4587 71 260 4004 1261 973 602 288 552 2743 358 371 50 86 4516 3904 2863 2723 2531 529 481 2002 406 368 1596
is_linear=0
shrinkage=0.05


Tree=57
num_leaves=31
num_cat=0
split_feature=6 2 3 4 0 6 2 1 3 1 0 2 0 6 1 4 3 1 2 2 3 0 2 2 1 0 5 4 5 4
split_gain=0.259877 0.0822084 0.0658217 0.0502496 0.0481042 0.0516101 0.0455621 0.046362 0.0367476 0.0380405 0.0772387 0.047899 0.0353572 0.0420421 0.0469228 0.0572896 0.056787 0.0377197 0.0368683 0.0361038 0.0336421 0.0330965 0.0325426 0.0316266 0.0723857 0.0612794 0.0512141 0.0359759 0.0443839 0.0345363
threshold=2.4744544179856152 0.94661851252573659 0.18605005104068253 -0.1011354941912317 0.72848023935320183 11.107137050582834 2.4994988971274581 5.9711202358687885 0.18464230881975094 2.6010087743194359 0.7717289596774376 0.58322183354084534 0.83462287581430072 -10.537616365794618 -6.6036533644670872 0.77049223523160648 0.26237910899735317 -3.9781549084291483 -3.1260861874433457 1.0000000180025095e-35 0.27715324302306538 0.85747753054005849 -1.7506257341193889 6.8149265859313575 1.2033805964936752 0.72249162069016315 0.87472760007651484 1.2255537836684245 1.0128599513291017 1.6539698157737863
decision_type=2 2 2 2 2 2 2 2 2 2 2 2 2 2 2 2 2 2 2 2 2 2 2 2 2 2 2 2 2 2
left_child=3 -2 6 -1 5 -4 7 -3 9 -5 11 -11 13 18 20 22 17 -17 -10 -19 -15 -14 -16 25 -25 26 -8 28 -27 -26
right_child=1 2 4 8 -6 -7 23 -9 12 10 -12 -13 21 14 15 16 -18 19 -20 -21 -22 -23 -24 24 29 27 -28 -29 -30 -31
leaf_value=0.0007654447844231252 -0.0032914863581853834 7.0179477552301259e-05 0.0010487441665719491 0.00021608008243020893 -0.00070869405571526546 -0.00031836028695765502 0.00099981503097692245 0.0029773110562625032 -0.00014134090132557038 -0.0012411911785602571 0.001927478639830023 0.0014884532913565637 -0.0016920696144314626 -0.00063020033565791035 0.00021337900883130112 9.3952245553832894e-05 0.0008142425748213244 -0.0032941234670579435 0.0018554403921062093 -0.0008774479123744909 -0.002853493590373546 -7.7300118244883999e-05 0.0026489989744732157 0.0009994903067238809 1.5063116627479768e-05 -0.0011453242488801707 -0.00062424725881664062 -0.0022039217878620167 -0.00014916962560696781 -0.00037012640768043512
leaf_weight=414 22 32 74 4578 975 1029 115 24 41 45 94 25 65 114 24 76 95 20 53 68 20 62 32 156 1813 205 84 38 246 857
leaf_count=414 22 32 74 4578 975 1029 115 24 41 45 94 25 65 114 24 76 95 20 53 68 20 62 32 156 1813 205 84 38 246 857
internal_value=7.50663e-13 -0.000240976 -0.000229094 0.000234524 -0.000452821 -0.000226642 -9.88688e-05 0.00131609 0.00019391 0.000242884 0.000991102 -0.000266318 -0.000152706 2.29543e-05 -0.00017835 0.000155027 -0.000158515 -0.000722003 0.000984504 -0.00142669 -0.000962035 -0.000903757 0.00160516 -0.000121418 -4.74057e-05 -0.000425428 0.000314281 -0.000726454 -0.000601967 -0.000108573
internal_weight=11496 5670 5648 5826 2078 1103 3570 56 5412 4742 164 70 670 543 449 315 259 164 94 88 134 127 56 3514 2826 688 199 489 451 2670
internal_count=11496 5670 5648 5826 2078 1103 3570 56 5412 4742 164 70 670 543 449 315 259 164 94 88 134 127 56 3514 2826 688 199 489 451 2670
is_linear=0
shrinkage=0.05


Tree=58
num_leaves=31
num_cat=0
split_feature=1 5 0 6 0 0 2 2 1 1 2 3 5 6 5 2 5 2 1 6 1 1 2 5 5 0 0 6 1 3
split_gain=0.236456 0.0642569 0.106998 0.0534146 0.066245 0.0504528 0.0631421 0.0564934 0.0431592 0.0428852 0.0490073 0.0421451 0.051727 0.0462643 0.0602773 0.0444739 0.0418565 0.0404509 0.0391861 0.0352268 0.0349175 0.0339612 0.0299168 0.0289963 0.0274237 0.0400008 0.0270968 0.0269193 0.0897482 0.0472762
threshold=3.2350219021519804 0.82529306348784026 0.79106858103291067 -3.7366548171173828 0.83763175723790917 0.74619680209617545 17.685855130294122 10.489541241232226 -4.2830838270807625 21.14152512614417 9.5216673653054311 0.26237910899735317 1.2594974868082249 9.175342042590847 1.0168023613842128 4.5053777199945566 1.3125015958360937 -1.4358014370100138 -0.88031213965201183 8.1290743967607835 -4.5255736231299792 7.3425319749073408 -0.20254539745381719 0.8672407167513968 0.6501861057972016 0.81527461224674902 0.72307029192230854 -14.884846775426412 -11.563225137424297 0.12630363674760059
decision_type=2 2 2 2 2 2 2 2 2 2 2 2 2 2 2 2 2 2 2 2 2 2 2 2 2 2 2 2 2 2
left_child=3 2 5 4 18 6 21 -7 20 10 11 12 13 14 -3 -16 -11 -6 22 -12 23 -2 27 -5 25 -4 -15 29 -29 -1
right_child=1 9 24 8 17 7 -8 -9 -10 16 19 -13 -14 26 15 -17 -18 -19 -20 -21 -22 -23 -24 -25 -26 -27 -28 28 -30 -31
leaf_value=-0.0001362563145327537 0.0002610495426715556 -0.0010611698124918 0.0022211641713511198 -0.0015679399060561908 -0.00019912445893652026 -0.0027660985924740089 -0.00026084164902076871 -0.00044498366532558258 9.7267584927090707e-05 -0.00079880614874721755 0.00076457979297455975 0.0010990728628045569 -0.0018932367936021798 -0.0033503491710871456 0.0017509532645012119 -0.00017617759505705234 -0.0029087270180193281 -0.002011715174088941 0.001355638121846991 -0.00027763563436361213 -0.0025544390487041149 0.001581513198068612 -0.00056687553813043496 -0.00010735727232881969 0.0029130200655864821 -4.3413574950626265e-05 -0.001201214862733402 -0.0016477466196837751 0.000395352467501654 0.0016030289187515985
leaf_weight=60 114 206 39 43 162 32 409 145 4065 245 84 30 95 20 35 207 26 38 103 2330 21 85 84 162 28 39 55 55 2367 112
leaf_count=60 114 206 39 43 162 32 409 145 4065 245 84 30 95 20 35 207 26 38 103 2330 21 85 84 162 28 39 55 55 2367 112
internal_value=6.44421e-13 -0.000297534 7.96443e-05 0.000172825 0.000335407 -0.000121699 9.4579e-05 -0.00086462 5.98779e-05 -0.000398364 -0.000345007 -0.000731089 -0.000819932 -0.000624972 -0.000432559 0.00010254 -0.00100123 -0.000543517 0.000398616 -0.00024137 -0.000612639 0.000825067 0.000361807 -0.000413723 0.00157072 0.00108888 -0.00177432 0.00039188 0.000348957 0.000996302
internal_weight=11496 4224 891 7272 2981 785 608 177 4291 3333 3062 648 618 523 448 242 271 200 2781 2414 226 199 2678 205 106 78 75 2594 2422 172
internal_count=11496 4224 891 7272 2981 785 608 177 4291 3333 3062 648 618 523 448 242 271 200 2781 2414 226 199 2678 205 106 78 75 2594 2422 172
is_linear=0
shrinkage=0.05


Tree=59
num_leaves=31
num_cat=0
split_feature=6 2 3 0 1 0 2 1 6 3 1 6 5 5 0 5 2 1 0 2 1 1 2 1 0 5 5 2 5 3
split_gain=0.213932 0.0744237 0.0552192 0.0436003 0.0463383 0.0424299 0.0389889 0.0397886 0.0346783 0.0442535 0.0398102 0.0527015 0.0435833 0.0410646 0.0545575 0.0342314 0.0696024 0.0318145 0.0655035 0.0426671 0.0316128 0.0312932 0.0295628 0.0639486 0.0535503 0.0438181 0.033474 0.0288786 0.0385055 0.0417765
threshold=2.4744544179856152 0.94661851252573659 0.18605005104068253 0.72848023935320183 2.6580043312449679 0.71285268178060279 2.4994988971274581 5.9711202358687885 -13.924238603290497 0.18464230881975094 -6.460922150304226 -3.7366548171173828 1.5828570869599587 1.1939409610447249 0.80786558595759894 1.4747593526478606 15.935082104829329 2.6010087743194359 0.7717289596774376 0.58322183354084534 -8.9812708814720068 2.3792114854953588 6.8149265859313575 1.2033805964936752 0.72249162069016315 0.87472760007651484 0.77861802045466899 2.6529136727500204 1.5004809683234164 0.27315599561754372
decision_type=2 2 2 2 2 2 2 2 2 2 2 2 2 2 2 2 2 2 2 2 2 2 2 2 2 2 2 2 2 2
left_child=8 -2 6 4 5 -4 7 -3 20 17 12 13 -11 -12 -15 -6 -17 21 19 -19 -1 -10 24 -24 25 -8 -26 -5 29 -29
right_child=1 2 3 27 15 -7 22 -9 9 10 11 -13 -14 14 -16 16 -18 18 -20 -21 -22 -23 23 -25 26 -27 -28 28 -30 -31
leaf_value=0.00061910021385288487 -0.003121124995893545 6.6650242297328083e-05 0.0025806239150740484 -0.0024899409956387467 -0.00021751599459994116 0.00012938092015389761 0.00092275368654594315 0.0027598141808994115 0.0002238818158292163 -0.0011480852956774685 0.002284782145776459 -0.00038524673753669069 0.00023721126139314625 0.00095837907677613133 -0.0016451629138408371 -0.00010189552781144705 -0.0037630180739575908 -0.001155583302800854 0.0017847882481564351 0.0014206755608320238 0.0025730639129229217 -0.0014831233286747227 0.00094663534085926728 -9.4851318803132551e-05 -0.0020338217971757762 -0.00057947106778599505 -0.00055743602753103292 -0.00057593643680297181 0.00055928784955400408 -0.0016379604582852196
leaf_weight=207 22 32 27 21 970 51 115 24 4786 171 37 211 85 89 26 34 21 45 94 25 23 27 156 2670 42 84 447 784 65 105
leaf_count=207 22 32 27 21 970 51 115 24 4786 171 37 211 85 89 26 34 21 45 94 25 23 27 156 2670 42 84 447 784 65 105
internal_value=-1.57321e-12 -0.000218639 -0.000207334 -0.000412251 -0.00019692 0.000977888 -8.80568e-05 0.00122086 0.000212785 0.000188054 -0.000210643 0.000126092 -0.000688124 0.000835911 0.000369752 -0.00028632 -0.00149978 0.000237641 0.000922474 -0.000235491 0.000814497 0.000214306 -0.000108916 -3.73595e-05 -0.000402839 0.000288649 -0.000684242 -0.000655851 -0.000615478 -0.000701372
internal_weight=11496 5670 5648 2078 1103 78 3570 56 5826 5596 619 363 256 152 115 1025 55 4977 164 70 230 4813 3514 2826 688 199 489 975 954 889
internal_count=11496 5670 5648 2078 1103 78 3570 56 5826 5596 619 363 256 152 115 1025 55 4977 164 70 230 4813 3514 2826 688 199 489 975 954 889
is_linear=0
shrinkage=0.05


Tree=60
num_leaves=31
num_cat=0
split_feature=1 5 2 3 4 6 6 1 2 3 4 5 3 1 5 4 1 3 4 5 6 6 1 2 6 3 1 2 6 2
split_gain=0.196359 0.0540105 0.0682746 0.0541075 0.0527319 0.0441654 0.0511047 0.0368137 0.0433722 0.0372495 0.0577864 0.046832 0.0485123 0.0581095 0.0360782 0.0326141 0.0316006 0.0390626 0.0309097 0.0326123 0.0281319 0.0262814 0.0266811 0.0247274 0.0449837 0.0242652 0.0276931 0.0237766 0.0620216 0.0360282
threshold=3.2350219021519804 0.82529306348784026 18.108242991403483 0.064242178195626151 0.12735603467380779 13.461520238973847 2.4744544179856152 21.14152512614417 9.6520292065973816 0.26237910899735317 1.2534929828793666 1.0360701478176269 0.18803065479776199 6.3686432237475064 1.3125015958360937 2.0210855365320275 7.9174697899248363 0.23851863684096888 2.1402918958745634 1.1609936897169277 7.1356101105973506 -11.542485110244892 -8.4646592143588517 57.072811937329895 39.546696592768726 0.16584910955960755 -8.0496791439889517 7.6037687969789252 3.4285312392930387 5.5271454214166047
decision_type=2 2 2 2 2 2 2 2 2 2 2 2 2 2 2 2 2 2 2 2 2 2 2 2 2 2 2 2 2 2
left_child=4 2 3 -2 25 6 -5 8 9 10 11 -3 13 -13 15 -9 17 18 19 -10 -12 22 -6 24 -4 -1 -27 28 29 -23
right_child=1 7 23 5 21 -7 -8 14 16 -11 20 12 -14 -15 -16 -17 -18 -19 -20 -21 -22 27 -24 -25 -26 26 -28 -29 -30 -31
leaf_value=0.00033313470227525787 -0.0014735345754788483 -0.00094095863160914431 -0.00044064822387191355 0.0016642727644792126 0.00071583703807450415 0.0025145099025614785 0.00019790757414331502 -0.0021963874499003094 0.00034896042850991607 0.0010510478706176702 -0.0033731161965988576 -1.7673849956630624e-06 -0.0018712643020111939 0.002624577037446822 -0.0026930843479931357 -0.00050660389569425466 -0.00034069381555792039 -0.001304579022456892 0.0014568769616917485 -0.00035168697502012625 -0.0013523086147606298 2.5917727878043916e-05 -0.0010671970697686724 -0.001325703641990773 0.0007248073677308249 -0.0001356636919808807 0.001797625708188546 0.00025596943699923171 -0.00055570070011274719 0.00080154106582798208
leaf_weight=2024 29 268 366 81 239 33 223 33 402 30 20 172 29 24 26 212 1618 50 42 283 124 3229 23 52 107 27 59 1052 462 157
leaf_count=2024 29 268 366 81 239 33 223 33 402 30 20 172 29 24 26 212 1618 50 42 283 124 3229 23 52 107 27 59 1052 462 157
internal_value=9.44099e-13 -0.000271136 7.46648e-05 0.000598868 0.000157491 0.000777206 0.000588617 -0.000363578 -0.000314142 -0.000670727 -0.000751815 -0.000494438 3.74186e-05 0.000319826 -0.000922144 -0.000734207 -0.000214834 4.72517e-05 0.000140225 5.94959e-05 -0.00163298 7.14095e-05 0.000559311 -0.00029078 -0.000177004 0.000368086 0.00119066 4.53217e-05 -1.2267e-05 6.18814e-05
internal_weight=11496 4224 891 366 7272 337 304 3333 3062 667 637 493 225 196 271 245 2395 777 727 685 144 5162 262 525 473 2110 86 4900 3848 3386
internal_count=11496 4224 891 366 7272 337 304 3333 3062 667 637 493 225 196 271 245 2395 777 727 685 144 5162 262 525 473 2110 86 4900 3848 3386
is_linear=0
shrinkage=0.05


Tree=61
num_leaves=31
num_cat=0
split_feature=1 5 2 6 3 6 0 6 2 1 2 1 3 1 5 2 1 6 1 1 2 3 6 3 1 0 3 0 5 0
split_gain=0.177214 0.048955 0.0606155 0.0795237 0.0473927 0.042882 0.0575261 0.0404974 0.0427035 0.0372987 0.034751 0.0336638 0.0331835 0.0329686 0.0368349 0.0361589 0.0446592 0.0391767 0.0318113 0.0308747 0.0297436 0.0328917 0.0285054 0.0502003 0.0327214 0.0282332 0.0384716 0.0276913 0.0264301 0.0257226
threshold=3.2350219021519804 0.75914155551963891 18.108242991403483 13.461520238973847 0.091748808679624053 -3.7366548171173828 0.83763175723790917 29.082027869420475 57.072811937329895 -4.2830838270807625 -1.4358014370100138 -0.88031213965201183 0.20577646134321195 21.14152512614417 1.0582644706873789 12.089759173637484 7.9174697899248363 8.0300947511023697 -4.5255736231299792 29.24857398931643 19.96675773954977 0.18708249563952956 35.98182466434384 0.2107150798414176 25.151941537787049 0.80001930524045262 0.26237910899735317 0.72536738504694809 0.8672407167513968 0.70422884677967013
decision_type=2 2 2 2 2 2 2 2 2 2 2 2 2 2 2 2 2 2 2 2 2 2 2 2 2 2 2 2 2 2
left_child=5 2 3 4 -2 6 11 12 19 18 -8 -1 -4 15 22 17 20 -3 28 29 21 -17 23 -15 -24 26 -19 -16 -7 -9
right_child=1 13 7 -5 -6 9 10 8 -10 -11 -12 -13 -14 14 27 16 -18 25 -20 -21 -22 -23 24 -25 -26 -27 -28 -29 -30 -31
leaf_value=0.00032007605979554122 -0.00073401872636168263 -0.00023915748212671468 -0.00058972790456497724 0.0037117974320426588 0.00080924788706157277 -0.0014888721772707827 -0.0002045466287929657 0.00046781118240152655 -0.0012929237359647536 8.3174971862444295e-05 -0.0018845850433296476 0.0012412213496310021 -0.0027491741906851535 0.00032162488714675423 -0.0027057927237668384 0.00020101976147320088 -0.00030841154334444943 -0.00086546459935194452 -0.0024301959771297075 -0.00059203411093965933 0.00078712795256002325 -0.00087912411337046342 0.00082132254719908821 -0.0022571683803107589 -0.00073763197501071961 -0.0021597205774667554 0.0012820051575545223 -0.00099933912565964927 -9.4417615769032891e-05 0.0020326841028260167
leaf_weight=2678 65 518 161 20 212 43 162 85 39 4065 38 103 20 32 36 354 1642 401 21 44 157 88 64 46 71 39 22 70 162 38
leaf_count=2678 65 518 161 20 212 43 162 85 39 4065 38 103 20 32 36 354 1642 401 21 44 157 88 64 46 71 39 22 70 162 38
internal_value=1.64119e-13 -0.000257579 0.000129661 0.000666954 0.00044711 0.000149617 0.00029529 -0.00028268 0.000196759 4.84165e-05 -0.000523754 0.000354193 -0.000828341 -0.000332402 -0.000817264 -0.000284382 -0.000173599 -0.000537714 -0.000576776 0.000544649 0.000195955 -1.40315e-05 -0.000438239 -0.0011992 1.42795e-06 -0.00087246 -0.000753776 -0.00157889 -0.000386913 0.000951268
internal_weight=11496 4224 684 297 277 7272 2981 387 206 4291 200 2781 181 3540 319 3221 2241 980 226 167 599 442 213 78 135 462 423 106 205 123
internal_count=11496 4224 684 297 277 7272 2981 387 206 4291 200 2781 181 3540 319 3221 2241 980 226 167 599 442 213 78 135 462 423 106 205 123
is_linear=0
shrinkage=0.05


Tree=62
num_leaves=31
num_cat=0
split_feature=6 4 2 4 3 2 6 3 0 4 3 3 4 2 5 2 5 5 6 4 6 5 0 6 3 5 2 4 6 0
split_gain=0.159233 0.0435132 0.0396375 0.0268176 0.0311517 0.0398498 0.0490392 0.0287797 0.0489419 0.0414128 0.0398533 0.0262581 0.0559016 0.0760573 0.0478541 0.0441044 0.054974 0.0309266 0.0346529 0.0306969 0.0409246 0.0277836 0.0267511 0.026238 0.0257612 0.0238549 0.0220739 0.0203623 0.0477589 0.0210113
threshold=5.1615356073179095 -0.1011354941912317 2.9518350646013922 1.5464803749103377 0.1917452523148018 -1.7506257341193889 -8.5232347424401045 0.21449912322762435 0.75109156669817545 0.59427119054185351 0.24995396247014587 0.23223572776312887 2.1827979534966424 20.959846404419356 1.1509063515741236 29.542168905606744 1.5285439717681457 1.1509063515741236 28.528319707861709 2.2548752784492918 42.01367201014893 0.5945166880706757 0.70045467497746905 -14.884846775426412 0.26768244066807728 2.0992692906670389 32.553190804964508 0.7792090189421218 -4.1488635711895485 0.79517655031106582
decision_type=2 2 2 2 2 2 2 2 2 2 2 2 2 2 2 2 2 2 2 2 2 2 2 2 2 2 2 2 2 2
left_child=1 23 -2 4 -3 7 -7 9 -9 -6 -10 19 13 14 22 16 -14 18 -15 -4 26 -17 -13 -1 -16 -12 -21 28 -8 -29
right_child=2 3 11 -5 5 6 27 8 10 -11 25 12 15 17 24 21 -18 -19 -20 20 -22 -23 -24 -25 -26 -27 -28 29 -30 -31
leaf_value=0.0018692477542208508 -0.0021330779452842694 0.00015467358623286426 -0.00010329655003875256 0.0018657511100172997 0.0010416970566092503 -0.0026582284731072534 -0.00069269614348955013 0.0023897736492965904 0.0020650248686054154 -0.0018955915609175072 -0.00098676353271893807 0.0012643844188735172 0.00042353016188949913 -0.0038812605059421108 -0.0015360820809688126 0.0010634759911970998 -0.0019336011743655913 -0.00067838055990813745 -0.0013966928499386363 -0.0015565175867364319 0.00082412278764725985 -0.00079021886395861827 -0.00046137092346164522 0.00052193138417059475 -2.3135076238152884e-05 0.00076844248014822374 -0.00055114823925393893 -0.00011019986616282105 0.0021861199949635194 -0.00085015996152351897
leaf_weight=40 27 5681 3364 22 21 24 34 35 23 28 49 43 295 36 101 22 27 21 23 66 48 249 47 374 39 32 316 197 25 187
leaf_count=40 27 5681 3364 22 21 24 34 35 23 28 49 43 295 36 101 22 27 21 23 66 48 249 47 374 39 32 316 197 25 187
internal_value=1.00907e-12 0.000155421 -0.0002228 0.000123079 0.000117028 -0.000209481 -0.000456928 0.000405189 0.000772492 -0.000636754 0.000228215 -0.00021182 -0.000454144 -0.000998251 -0.000536359 -0.000169703 0.000225883 -0.00232619 -0.0029127 -0.000154145 -0.000551942 -0.000639734 0.000363157 0.000652107 -0.00111462 -0.000293349 -0.000724851 -0.00033767 0.000527141 -0.000470545
internal_weight=11496 6772 4724 6358 6336 655 467 188 139 49 104 4697 903 310 230 593 322 80 59 3794 430 271 90 414 140 81 382 443 59 384
internal_count=11496 6772 4724 6358 6336 655 467 188 139 49 104 4697 903 310 230 593 322 80 59 3794 430 271 90 414 140 81 382 443 59 384
is_linear=0
shrinkage=0.05


Tree=63
num_leaves=31
num_cat=0
split_feature=1 5 2 4 4 2 1 1 5 4 2 3 1 1 3 6 4 2 6 6 1 2 1 6 1 4 6 3 3 2
split_gain=0.14622 0.0425471 0.0574528 0.0423001 0.0359957 0.0342447 0.0732338 0.0305837 0.03038 0.0313613 0.0296291 0.0285492 0.0248306 0.0242839 0.0348256 0.0258797 0.0239729 0.0235168 0.0465239 0.0439569 0.0281076 0.0251118 0.0230667 0.0228076 0.0442898 0.0410883 0.0319867 0.0670464 0.0450832 0.0348936
threshold=3.2350219021519804 0.82529306348784026 2.1952416067535605 0.12735603467380779 0.80901782888188556 0.58322183354084534 5.1181837341633178 21.14152512614417 1.2095016237834659 2.1402918958745634 54.019174124039118 0.057678403221613724 4.3117151752316349 -11.563225137424297 0.092968748935527909 -15.584829422044189 0.67117831059377719 12.089759173637484 8.0300947511023697 11.107137050582834 7.5678608408403241 3.3906181577272592 5.4908758716411441 39.546696592768726 23.130802125662644 2.2918937972104483 29.082027869420475 0.22462171056106517 0.21998615606190508 19.030194982867091
decision_type=2 2 2 2 2 2 2 2 2 2 2 2 2 2 2 2 2 2 2 2 2 2 2 2 2 2 2 2 2 2
left_child=3 2 5 13 16 6 12 17 9 -9 11 -4 -2 15 -15 -1 -3 18 20 -19 21 -6 -23 24 25 26 27 29 -28 -13
right_child=1 4 10 -5 7 -7 -8 8 -10 -11 -12 23 -14 14 -16 -17 -18 19 -20 -21 -22 22 -24 -25 -26 -27 28 -29 -30 -31
leaf_value=0.00077142403239122365 0.00059240539148622371 -0.00039816922120129066 -0.0012118843397977551 5.8806248069514839e-05 -0.0014899815925780466 0.0023983427917276434 -0.0020309064289904199 -0.0018420692363109153 -0.0019303009318477685 -0.00028041219623053899 -0.0010626537940049234 0.00058215893839021237 0.0029168308305088432 0.00021577842764227562 0.00066214966976951449 -0.0014506411015693295 -0.0025030380715766261 0.00064061439268286611 -0.00082320346061806051 -0.00022363657187865851 0.0016457519753285768 -0.00020469630053249508 0.0010801295997598806 0.00080361762889566825 -0.001768475069312605 -0.0015400437515280729 0.00030706757906733494 -0.0027694103098474445 0.0031559310964353032 -0.00033700171253314199
leaf_weight=20 27 24 44 5162 34 37 20 39 49 183 69 244 20 1421 631 38 31 159 448 1970 22 335 39 99 34 36 41 20 21 179
leaf_count=20 27 24 44 5162 34 37 20 39 49 183 69 244 20 1421 631 38 31 159 448 1970 22 335 39 99 34 36 41 20 21 179
internal_value=-1.9024e-13 -0.000233972 7.29451e-05 0.000135905 -0.00031602 0.00117742 0.000503186 -0.000294736 -0.000803472 -0.000554757 -7.30089e-05 2.20962e-05 0.00158152 0.000324522 0.00035304 -0.000684412 -0.00158455 -0.000248887 -0.000466624 -0.000159092 -9.51187e-05 -0.000188989 -7.07171e-05 0.000102653 -1.8035e-05 9.19742e-05 0.000208316 5.94476e-05 0.00127201 0.0001932
internal_weight=11496 4224 891 7272 3333 104 67 3278 271 222 787 718 47 2110 2052 58 55 3007 878 2129 430 408 374 674 575 541 505 443 62 423
internal_count=11496 4224 891 7272 3333 104 67 3278 271 222 787 718 47 2110 2052 58 55 3007 878 2129 430 408 374 674 575 541 505 443 62 423
is_linear=0
shrinkage=0.05


Tree=64
num_leaves=31
num_cat=0
split_feature=6 2 1 6 5 0 0 0 0 4 1 0 4 3 2 4 5 5 2 0 3 2 0 5 3 1 6 4 4 6
split_gain=0.132112 0.0617345 0.0389165 0.0459767 0.0434303 0.044193 0.0604663 0.0347169 0.0413291 0.0326509 0.0281452 0.0558946 0.0432012 0.0503895 0.0314493 0.0314476 0.0261614 0.0244674 0.0442669 0.0385201 0.0329922 0.0293779 0.0601903 0.0334462 0.0344465 0.0321242 0.0338536 0.0285933 0.0403375 0.0275309
threshold=2.2154348347596238 0.94661851252573659 18.129357768820558 36.660612827665794 1.2047488504015968 0.68550861728276935 0.66863719225871232 0.63967138443054894 0.6491011876661904 -0.1011354941912317 1.5294519192709191 0.67582537429903233 0.67117831059377719 0.10258901098829272 0.30002400272304597 0.77049223523160648 0.57743024819706423 1.1609936897169277 2.4994988971274581 0.731361885627141 0.29422594826573456 6.5697647894316686 0.72249162069016315 0.77861802045466899 0.099456199375624207 2.3792114854953588 8.6297206067273553 0.78933505623023648 0.93473744676470039 25.756673100643035
decision_type=2 2 2 2 2 2 2 2 2 2 2 2 2 2 2 2 2 2 2 2 2 2 2 2 2 2 2 2 2 2
left_child=9 -2 7 -4 5 6 -5 -3 -9 -1 -11 -12 13 16 -15 -14 -13 18 19 -10 21 22 27 24 -24 26 -23 -20 -29 -19
right_child=1 2 3 4 -6 -7 -8 8 17 10 11 12 15 14 -16 -17 -18 29 20 -21 -22 25 23 -25 -26 -27 -28 28 -30 -31
leaf_value=0.00059756398154802261 -0.0027543884796930643 0.0011316399688699418 -0.00085108143554713921 -0.00040177306073019281 -0.0023645997885614633 -0.0002299515040744393 0.0025853625084790921 -0.0019402585285265121 -0.00033887076847763224 0.00010808341886371706 -0.0019554885837715121 0.00060761433686255611 -0.0020260885113938935 0.0011009891293317414 0.0026416488016614247 0.00049668877055713287 -0.0015696676265427166 -0.00039095053127913954 0.00098831160706753032 0.0023030981559910486 -0.0016130856786142377 0.00027504779167880888 -0.00058286573669950783 -0.00052259842031363208 -0.003261738133733161 -6.2413336293860462e-05 0.0020912552735319846 -0.0019977164158869226 0.00051280974827629209 0.00023834092533487141
leaf_weight=414 23 56 411 32 20 305 36 31 22 5014 20 37 21 134 44 30 22 1112 98 37 34 516 24 385 24 2289 27 24 48 206
leaf_count=414 23 56 411 32 20 305 36 31 22 5014 20 37 21 134 44 30 22 1112 98 37 34 516 24 385 24 2289 27 24 48 206
internal_value=-2.02859e-13 -0.000169146 -0.000158781 -0.00048135 -9.46842e-05 2.70271e-05 0.00117965 -0.000106208 -0.000120421 0.000169853 0.000136582 0.00060051 0.00077801 0.00106208 0.00148183 -0.000542102 -0.000204254 -0.00010878 -4.01099e-05 0.00131796 -6.32076e-05 -4.78667e-05 -0.000364754 -0.000677762 -0.0019223 1.96061e-05 0.000365356 0.000432495 -0.000324032 -0.000292594
internal_weight=11496 5760 5737 804 393 373 68 4933 4877 5736 5322 308 288 237 178 51 59 4846 3528 59 3469 3435 603 433 48 2832 543 170 72 1318
internal_count=11496 5760 5737 804 393 373 68 4933 4877 5736 5322 308 288 237 178 51 59 4846 3528 59 3469 3435 603 433 48 2832 543 170 72 1318
is_linear=0
shrinkage=0.05


Tree=65
num_leaves=31
num_cat=0
split_feature=1 5 2 4 4 3 2 3 1 6 1 1 3 6 5 6 4 5 1 3 2 2 1 5 5 6 5 5 5 2
split_gain=0.120849 0.0360915 0.0478068 0.0360104 0.0321427 0.0301596 0.0261632 0.0261888 0.0258841 0.0223518 0.0310388 0.0218857 0.0304649 0.0232653 0.0206562 0.0212489 0.0364542 0.0298648 0.0284241 0.0208972 0.0207331 0.0490588 0.0320253 0.0410074 0.0392278 0.0393129 0.0248426 0.0520297 0.0202103 0.0513208
threshold=3.2350219021519804 0.82529306348784026 2.1952416067535605 0.12735603467380779 0.80901782888188556 0.10456293275060753 54.019174124039118 0.074448699452127606 25.151941537787049 -16.731352277925691 -13.376818390780587 -11.563225137424297 0.092968748935527909 -15.584829422044189 0.29849519942357194 39.546696592768726 2.2918937972104483 0.50648025307754951 29.24857398931643 0.14620850957637757 23.583513377571464 32.553190804964508 6.8284655487974026 0.57743024819706423 0.75914155551963891 11.648159130425309 0.75914155551963891 0.65606366772671787 1.3019098316617019 4.5053777199945566
decision_type=2 2 2 2 2 2 2 2 2 2 2 2 2 2 2 2 2 2 2 2 2 2 2 2 2 2 2 2 2 2
left_child=3 2 5 11 -3 -2 7 -4 28 -5 -11 13 -13 -1 -9 16 17 19 -17 -16 22 26 -19 -24 25 -25 27 -22 29 -6
right_child=1 4 6 9 8 -7 -8 14 -10 10 -12 12 -14 -15 15 18 -18 20 -20 -21 21 -23 23 24 -26 -27 -28 -29 -30 -31
leaf_value=0.0007201064511173172 -0.0004770820817308656 -0.0014869918758896265 -0.00078176951969494862 0.00094629739920703182 0.0012274571229580842 0.0015438375982739672 -0.00099313354543140294 0.0016808446097586836 -0.0010221745602162133 -0.0015120042064154405 5.0121806355117359e-05 0.0001962760246337199 0.00061376645972063056 -0.0013867334769058386 -0.0002300749601064516 0.0015922048405464012 -0.0012687500915490092 -0.00010773285290111055 -0.00016101127920867226 -0.0022251759755558204 0.00013151714270601846 0.00060046702095743027 -0.0009641958334084069 0.0010219358880486753 -7.3289381520402058e-05 0.0032220098278107679 0.00014159725441669041 -0.0031364066279412992 -0.00050846670210798694 -0.00021731639052750644
leaf_weight=20 24 55 88 69 63 80 69 21 110 32 5061 1421 631 38 35 50 54 103 43 21 21 93 21 45 31 37 26 29 581 2524
leaf_count=20 24 55 88 69 63 80 69 21 110 32 5061 1421 631 38 35 50 54 103 43 21 21 93 21 45 31 37 26 29 581 2524
internal_value=7.23089e-13 -0.000212708 6.99683e-05 0.000123553 -0.000288275 0.00107747 -6.31707e-05 2.6199e-05 -0.000268162 5.24171e-05 4.03068e-05 0.000297583 0.000324656 -0.000660237 0.000139058 8.58931e-05 -3.9492e-05 0.000104187 0.000781578 -0.000978238 0.000253488 -0.000169639 0.000555211 0.00106479 0.00144185 0.00201465 -0.00111201 -0.00176388 -0.000241981 -0.000182132
internal_weight=11496 4224 891 7272 3333 104 787 718 3278 5162 5093 2110 2052 58 630 609 516 462 93 56 406 169 237 134 113 82 76 50 3168 2587
internal_count=11496 4224 891 7272 3333 104 787 718 3278 5162 5093 2110 2052 58 630 609 516 462 93 56 406 169 237 134 113 82 76 50 3168 2587
is_linear=0
shrinkage=0.05


Tree=66
num_leaves=31
num_cat=0
split_feature=1 5 0 0 2 1 6 0 1 1 0 2 2 0 1 5 3 1 5 0 2 0 5 0 2 6 2 5 1 2
split_gain=0.109066 0.0325725 0.0694852 0.0360666 0.0404081 0.0351943 0.0317168 0.0475261 0.0324317 0.03218 0.0362335 0.030054 0.0294242 0.0294063 0.0287155 0.0254546 0.0242363 0.0241669 0.0239079 0.0256508 0.0227345 0.024038 0.0219899 0.0312381 0.0208475 0.0560401 0.0333539 0.0475019 0.0360173 0.0316974
threshold=3.2350219021519804 0.82529306348784026 0.79106858103291067 0.75153253279790988 10.627235642299075 9.4564691642642824 -3.7366548171173828 0.83763175723790917 -4.2830838270807625 -7.9252635648271612 0.85747753054005849 54.019174124039118 0.94661851252573659 0.83276947856466255 -4.5255736231299792 0.8672407167513968 0.16186246721924197 29.24857398931643 0.6501861057972016 0.85004220758832649 -0.20254539745381719 0.67124621226604397 0.6501861057972016 0.81527461224674902 7.6037687969789252 3.4285312392930387 4.2719694927344607 1.0770838126051014 2.7547157880345123 4.2719694927344607
decision_type=2 2 2 2 2 2 2 2 2 2 2 2 2 2 2 2 2 2 2 2 2 2 2 2 2 2 2 2 2 2
left_child=6 2 3 11 -5 -6 7 13 14 10 -9 -2 -3 20 15 -8 -17 -14 -11 -20 21 -1 23 -4 25 26 28 -28 -10 -27
right_child=1 12 22 4 5 -7 8 9 24 18 -12 -13 17 -15 -16 16 -18 -19 19 -21 -22 -23 -24 -25 -26 29 27 -29 -30 -31
leaf_value=-0.00016882962037266882 0.00015669382154038174 -0.0014656213486530618 0.0018371986299872589 -0.0025610266048547436 -0.0015338636418671869 0.00028358463501457925 -0.0014536805656673603 -0.0013733841023435269 -3.1836011130876079e-05 3.0025110269586249e-05 0.00055156246603160232 -0.0011695060702471023 -0.00024321759558512381 0.0019083762042490498 -0.0023135615479467171 0.0012526845646789299 -0.00036476021137895627 -0.0017736737688000385 -0.00094586920467918398 -0.0031349577374108466 -0.0005301258237436525 0.00035277896856893262 0.0024700478417798879 -0.00016402169757594284 0.00020988776418873626 -0.0015196622688295868 0.00036038503484409035 0.0025766232021291781 0.0021024381020106377 -0.00035070002691261532
leaf_weight=243 599 51 39 27 43 70 43 34 1700 24 87 46 3256 28 21 28 134 26 32 23 84 2426 28 39 1512 68 345 26 20 394
leaf_count=243 599 51 39 27 43 70 43 34 1700 24 87 46 3256 28 21 28 134 26 32 23 84 2426 28 39 1512 68 345 26 20 394
internal_value=-7.24387e-13 -0.000202072 6.64698e-05 -9.57842e-05 -0.000823235 -0.000408011 0.000117375 0.000242657 3.03412e-05 -0.000501802 1.06684e-05 6.21121e-05 -0.000273861 0.000296196 -0.000552636 -0.000372249 -8.52019e-05 -0.000255342 -0.00128672 -0.00186131 0.000279799 0.000305289 0.00126807 0.000836588 6.27528e-05 -2.43871e-05 8.57258e-05 0.000515701 -7.01887e-06 -0.000522755
internal_weight=11496 4224 891 785 140 113 7272 2981 4291 200 121 645 3333 2781 226 205 162 3282 79 55 2753 2669 106 78 4065 2553 2091 371 1720 462
internal_count=11496 4224 891 785 140 113 7272 2981 4291 200 121 645 3333 2781 226 205 162 3282 79 55 2753 2669 106 78 4065 2553 2091 371 1720 462
is_linear=0
shrinkage=0.05


Tree=67
num_leaves=31
num_cat=0
split_feature=6 3 1 6 6 1 4 0 1 0 4 3 3 5 1 5 5 6 6 0 1 6 3 4 3 4 5 1 6 1
split_gain=0.0986337 0.03229 0.0484993 0.0325659 0.0294763 0.0277332 0.0267281 0.0260432 0.0251676 0.0498977 0.0358701 0.0442317 0.0300543 0.0270207 0.0328812 0.0246035 0.0234895 0.0232888 0.02233 0.0250026 0.0220829 0.0286677 0.0431866 0.0267723 0.0211634 0.0274732 0.0285704 0.0491119 0.025183 0.0555353
threshold=2.2154348347596238 0.13426339308484755 29.24857398931643 44.590586333132194 42.01367201014893 21.752192015745354 -0.1011354941912317 0.62511277048434277 1.5294519192709191 0.67582537429903233 0.67117831059377719 0.10258901098829272 0.17949676844036197 0.55219860524464315 5.8197262393871583 1.0466882977112915 0.57743024819706423 -14.884846775426412 2.7968400561499895 0.73960490039057614 19.519039606222005 29.082027869420475 0.22270978164923813 0.66038647936187644 0.18924697652009234 1.3893270061948504 1.5625918901124045 -8.3369825491094378 -6.1443357337291742 -3.3739585404041756
decision_type=2 2 2 2 2 2 2 2 2 2 2 2 2 2 2 2 2 2 2 2 2 2 2 2 2 2 2 2 2 2
left_child=6 5 4 -4 7 15 17 -3 24 -10 11 16 -12 -13 -15 -2 -11 -1 19 -9 23 22 -22 -20 25 26 28 -28 29 -8
right_child=1 2 3 -5 -6 -7 8 18 9 10 12 13 -14 14 -16 -17 -18 -19 20 -21 21 -23 -24 -25 -26 -27 27 -29 -30 -31
leaf_value=0.0016804398257227147 8.0537364467161683e-05 0.0014227950712969082 -0.0029512269496917726 -0.00075526212061119554 0.00084662536570580087 0.0018365502180088134 0.00023011331091931503 -0.0025617178097101199 -0.0018596335453912615 0.00056477164428026699 -0.0015370129639732427 0.00065324954195724184 0.0009137316702187738 0.0023529522728583802 0.00013554434602459272 -0.0004759844971902152 -0.001498330641268033 0.00041109929437570616 0.0016117503977425042 -0.00048652471512546173 -0.00061878479290299309 -0.00038334774369185297 -0.0034528037044219678 -0.0001792597465767105 -0.00019239116088552458 0.001586851224419661 0.00053670546557340367 -0.0019664696276967607 4.8274166012449866e-05 0.001601941919234844
leaf_weight=40 1540 24 25 52 66 21 1362 21 20 37 29 75 22 82 21 228 22 374 21 47 41 395 20 3259 587 32 36 43 2876 78
leaf_count=40 1540 24 25 52 66 21 1362 21 20 37 29 75 22 82 21 228 22 374 21 47 41 395 20 3259 587 32 36 43 2876 78
internal_value=1.54951e-13 -0.000146151 -0.000225611 -0.00146824 -0.000201039 3.02239e-05 0.000146763 -0.000219103 0.00011666 0.000555362 0.00072307 0.000981922 -0.000479829 0.00137518 0.00190086 8.76871e-06 -0.000204521 0.000533741 -0.000229462 -0.00112739 -0.000213118 -0.000539142 -0.00154797 -0.000167793 8.9711e-05 0.000127116 0.000116488 -0.000825782 0.000133735 0.000304421
internal_weight=11496 5760 3971 77 3894 1789 5736 3828 5322 308 288 237 51 178 103 1768 59 414 3804 68 3736 456 61 3280 5014 4427 4395 79 4316 1440
internal_count=11496 5760 3971 77 3894 1789 5736 3828 5322 308 288 237 51 178 103 1768 59 414 3804 68 3736 456 61 3280 5014 4427 4395 79 4316 1440
is_linear=0
shrinkage=0.05


Tree=68
num_leaves=31
num_cat=0
split_feature=1 4 1 0 3 4 2 2 6 0 1 6 2 3 2 0 0 2 2 3 3 0 3 6 4 4 2 2 4 4
split_gain=0.0910376 0.0280699 0.026879 0.0288175 0.0276989 0.0436756 0.0591763 0.022761 0.0210182 0.0196989 0.0217464 0.0356384 0.0468856 0.034259 0.0360727 0.0228731 0.0401819 0.0329681 0.0212496 0.032105 0.0347926 0.0450557 0.0280432 0.0403452 0.0414218 0.0463934 0.0357811 0.0356526 0.0314711 0.0288702
threshold=3.2350219021519804 -0.1011354941912317 31.022699478813923 0.84210881744846289 0.06533126674671047 0.51002693179406744 0.58322183354084534 1.3161993054624397 -14.884846775426412 0.78476499893267271 13.723247650299776 29.082027869420475 29.542168905606744 0.23109929288116324 17.685855130294122 0.67466875616733146 0.65826204313371062 31.316898323232135 10.81513172418458 0.25317609236450539 0.19652410853518612 0.74105357023364571 0.20152965534901432 22.407882729687625 1.9274340196740751 1.7370924671099595 17.130581116710903 22.109430311974865 2.2298265503947703 0.86573207726152235
decision_type=2 2 2 2 2 2 2 2 2 2 2 2 2 2 2 2 2 2 2 2 2 2 2 2 2 2 2 2 2 2
left_child=1 8 3 4 -2 -6 -7 -8 -1 10 18 13 -13 -12 -15 16 -14 -17 19 20 -9 -22 28 24 25 26 -24 -25 29 -20
right_child=2 -3 -4 -5 5 6 7 9 -10 -11 11 12 15 14 -16 17 -18 -19 22 -21 21 -23 23 27 -26 -27 -28 -29 -30 -31
leaf_value=0.0015964178383455875 -0.00116055081745517 8.3100374851077127e-05 -0.0014139698040459983 0.0015932899140550392 0.0010151116092774 -0.0020540328729631648 0.0012283212890655832 -0.0002064040722826228 0.00039054433368935495 -0.00052800788179246125 -0.00044028272876190294 0.00050307629985257211 -0.00051030659617539744 -5.0899406362857142e-06 -0.0021420910954475405 -0.0021552473315279239 0.0019723207257421956 -0.00036242465488897988 -0.0013704403213018346 0.0015702075324952602 -0.00038351236827129841 -0.002843877422856167 -0.0005663014354196365 0.0010491309121662621 -0.0017776436958691138 0.00036192356995437373 -0.0027434183880686762 -0.00030446811974148399 -0.0013732828098469445 0.0002860832784511801
leaf_weight=40 71 6858 44 23 77 42 29 648 374 364 346 224 39 28 67 27 28 510 27 23 49 30 77 86 63 116 25 112 31 1018
leaf_count=40 71 6858 44 23 77 42 29 648 374 364 346 224 39 28 67 27 28 510 27 23 49 30 77 86 63 116 25 112 31 1018
internal_value=-7.15191e-14 0.000107236 -0.000184617 -0.000171677 -0.000181442 -0.000164428 -0.000187084 -0.000167318 0.000507054 -0.000177595 -0.000141907 -0.00030813 -0.000114754 -0.000671203 -0.00151224 -0.000343883 0.000527209 -0.000452567 -5.03942e-05 -0.000268991 -0.000327178 -0.00131783 5.50385e-05 -0.000263203 -0.000648395 -0.000322053 -0.00109991 0.000283459 0.000196709 0.000243283
internal_weight=11496 7272 4224 4180 4157 4086 4009 3967 414 3938 3574 1269 828 441 95 604 67 537 2305 750 727 79 1555 479 281 218 102 198 1076 1045
internal_count=11496 7272 4224 4180 4157 4086 4009 3967 414 3938 3574 1269 828 441 95 604 67 537 2305 750 727 79 1555 479 281 218 102 198 1076 1045
is_linear=0
shrinkage=0.05


Tree=69
num_leaves=31
num_cat=0
split_feature=1 6 0 5 6 0 1 0 1 5 5 1 5 0 0 0 5 6 2 1 0 2 0 4 4 5 4 0 0 4
split_gain=0.0825162 0.033072 0.0417506 0.0318862 0.0310468 0.029346 0.0292442 0.0328923 0.0274782 0.0273563 0.0249512 0.0236033 0.0212236 0.0231982 0.0210211 0.0207007 0.0199307 0.0339484 0.062641 0.0245737 0.0615065 0.0270447 0.028403 0.0347904 0.024683 0.0244541 0.0235567 0.0226934 0.0419333 0.0402817
threshold=6.2335655144804329 -3.7366548171173828 0.83763175723790917 1.7323697310421966 17.147645226253356 0.80905963937623437 -7.9252635648271612 0.85747753054005849 -0.88031213965201183 1.8698268892063374 0.29849519942357194 -3.8535814242143469 0.6501861057972016 0.85004220758832649 0.82016313298679699 0.62511277048434277 1.1463448927070827 -2.1841607184888483 -0.20254539745381719 1.5294519192709191 0.76842361906040879 5.9525276592013361 0.67716480988088035 1.3775402840046234 1.2903830177647133 1.2165916763347315 1.5464803749103377 0.7085861078004011 0.76284413800042483 1.2160967458351424
decision_type=2 2 2 2 2 2 2 2 2 2 2 2 2 2 2 2 2 2 2 2 2 2 2 2 2 2 2 2 2 2
left_child=1 2 8 5 9 10 7 -4 15 11 -2 -3 -8 -14 -7 -1 27 -18 -19 20 26 24 -23 -24 25 -21 -20 29 -29 -13
right_child=3 4 6 -5 -6 14 12 -9 -10 -11 -12 16 13 -15 -16 -17 17 18 19 21 -22 22 23 -25 -26 -27 -28 28 -30 -31
leaf_value=-0.00097514402786535884 0.001453148257797179 -0.00047591461602379981 -0.0013141017536755124 -0.0019355101894082813 0.0016678024183160495 -0.0021804291201988238 8.4230443462729464e-06 0.00051994515452788209 0.0010574276090067412 0.0014338632184786328 -0.00020021136891431652 0.00022826812752895563 -0.00090299692219559808 -0.0029848018458679968 -0.00028605216907130353 0.00024886697790137932 0.0012178334007517267 -0.0030558908823877574 0.00054388107945526807 -0.0017305035363062331 -0.0007606979892086969 -0.0016104443278163673 0.00075016229803758893 -0.00040328129865392908 -0.0021629889806111654 0.00056352184373491374 0.0022027276653366593 -0.00014982593328727423 0.00019184780038474799 0.0020972454175353051
leaf_weight=35 23 259 34 27 28 32 24 87 105 33 2900 739 32 23 27 2643 39 20 121 21 102 35 87 263 39 26 26 2018 1618 30
leaf_count=35 23 259 34 27 28 32 24 87 105 33 2900 739 32 23 27 2643 39 20 121 21 102 35 87 263 39 26 26 2018 1618 30
internal_value=-1.59949e-13 7.97628e-05 0.000213834 -0.000224974 7.10022e-06 -0.000209486 -0.000483942 4.59313e-06 0.00026398 -1.39132e-06 -0.000187202 -1.0093e-05 -0.0012322 -0.00177357 -0.00131351 0.00023287 1.31801e-05 -0.000219952 -0.000295728 -0.000219056 0.000182688 -0.000431444 -0.000252375 -0.000116568 -0.00123309 -0.000461468 0.000837283 5.44083e-05 2.217e-06 0.00030118
internal_weight=11496 8487 2983 3009 5504 2982 200 121 2783 5476 2923 5443 79 55 59 2678 5184 779 740 720 249 471 385 350 86 47 147 4405 3636 769
internal_count=11496 8487 2983 3009 5504 2982 200 121 2783 5476 2923 5443 79 55 59 2678 5184 779 740 720 249 471 385 350 86 47 147 4405 3636 769
is_linear=0
shrinkage=0.05


Tree=70
num_leaves=31
num_cat=0
split_feature=4 6 1 2 4 1 1 1 3 3 5 4 1 2 2 3 3 4 1 1 5 1 6 3 2 1 3 3 2 2
split_gain=0.0744716 0.0271281 0.0331019 0.0301943 0.0266347 0.0246988 0.0238999 0.0234649 0.0206264 0.0197779 0.0238273 0.0323886 0.0195562 0.0494319 0.0203666 0.0195283 0.0217828 0.0350405 0.0427405 0.0679031 0.0392758 0.0408733 0.0580533 0.0430453 0.0330214 0.0276355 0.0271924 0.0270375 0.033948 0.0297219
threshold=1.1357271434253546 -13.924238603290497 -11.193174242400747 -3.8551145659415904 0.12735603467380779 -9.4489792947946984 31.022699478813923 13.414382887953126 0.097956672080560275 0.13673780106961272 1.6629987002552635 0.15816911395231473 -8.3369825491094378 -2.8913343865345804 -2.6522581620433257 0.059980107793122628 0.13510148952138687 0.38061581145635021 -5.7931638154499971 -0.8216247582310986 1.0168023613842128 1.2672205387892046 2.4744544179856152 0.16278826479747782 1.6935638741886783 1.2033805964936752 0.13213725207042493 0.14974068336076612 9.5216673653054311 5.6564252690789401
decision_type=2 2 2 2 2 2 2 2 2 2 2 2 2 2 2 2 2 2 2 2 2 2 2 2 2 2 2 2 2 2
left_child=1 3 -3 -1 8 9 -2 15 -4 -5 11 -11 13 -10 -14 -6 26 18 -18 -20 21 -19 23 -23 -24 -21 -17 28 -26 -29
right_child=6 2 4 5 7 -7 -8 -9 12 10 -12 -13 14 -15 -16 16 17 20 19 25 -22 22 24 -25 27 -27 -28 29 -30 -31
leaf_value=-0.0007211028584944351 -0.00016120144252028875 -0.00071450724445569979 0.00016133877058974327 -0.00017850491902097348 -0.0002264850814202683 0.0020768745762429065 -0.0013329680826493794 -0.0014968754583969714 0.00052677644857180282 0.00045770028108646249 6.1907747294753797e-06 0.0026566084036055734 0.00040374302994022573 -0.002221813022402958 0.0011925078343899389 0.00012247442469709877 -0.0003515073571664592 -0.00078290276783821427 0.0029834468241056638 -0.00086378884433511776 7.9696483109510882e-05 0.0002870466134377888 -0.0021824300553734332 0.0030363275048633418 -0.0011187698130291238 0.0010693564129920276 0.0007771215920981307 0.0014878467702102371 0.00063926582370186233 -0.00020738284344718394
leaf_weight=35 3960 130 1522 53 612 35 44 25 74 33 38 34 197 21 140 2584 75 367 36 29 903 35 22 24 99 51 169 41 38 70
leaf_count=35 3960 130 1522 53 612 35 44 25 74 33 38 34 197 21 140 2584 75 367 36 29 903 35 22 24 99 51 169 41 38 70
internal_value=-1.61143e-13 9.30337e-05 7.61775e-05 0.000630067 9.05858e-05 0.000875098 -0.000174078 3.12489e-05 0.000247886 0.000608882 0.00100632 0.00157356 0.000552805 -8.08065e-05 0.00073142 3.86598e-05 7.43782e-05 -6.14007e-05 0.000578682 0.0011801 -0.000137858 -0.000420117 -1.54291e-05 0.0014054 -0.000325906 0.000368591 0.000162662 -0.000161214 -0.000631139 0.000418783
internal_weight=11496 7492 7264 228 7134 193 4004 5180 1954 158 105 67 432 95 337 5155 4543 1790 191 116 1599 696 329 59 270 80 2753 248 137 111
internal_count=11496 7492 7264 228 7134 193 4004 5180 1954 158 105 67 432 95 337 5155 4543 1790 191 116 1599 696 329 59 270 80 2753 248 137 111
is_linear=0
shrinkage=0.05


Tree=71
num_leaves=31
num_cat=0
split_feature=6 2 3 4 2 4 3 3 0 4 2 4 6 4 3 5 4 6 3 5 4 2 2 0 5 0 5 4 3 3
split_gain=0.0673348 0.0506112 0.0259451 0.0556577 0.0356692 0.0334169 0.0391399 0.0288665 0.0270591 0.0264284 0.0263834 0.0262958 0.0246048 0.060291 0.0419871 0.0243936 0.022743 0.0306617 0.0212954 0.0283042 0.0198577 0.0197862 0.0302071 0.0544253 0.0305134 0.0290597 0.027789 0.0316434 0.0277059 0.0242315
threshold=2.2154348347596238 0.94661851252573659 0.2213617118221072 1.6738073841418732 16.791219443569201 2.1949316279410893 0.23851863684096888 0.28598768452317463 0.73540164306058708 1.4224562715186628 21.732151812818234 2.2670736955530981 24.666723263584373 2.0210855365320275 0.26551787751369299 1.0235156407612183 2.2548752784492918 44.590586333132194 0.23109929288116324 1.3125015958360937 -0.1011354941912317 2.4994988971274581 6.6669840532375106 0.72307029192230854 0.78302739188251602 0.731361885627141 0.87472760007651484 0.94095802212479762 0.099456199375624207 0.20755936616630233
decision_type=2 2 2 2 2 2 2 2 2 2 2 2 2 2 2 2 2 2 2 2 2 2 2 2 2 2 2 2 2 2
left_child=20 -2 16 7 12 6 8 9 -6 18 -8 15 13 14 -5 -7 21 -18 -4 -20 -1 25 23 26 28 -3 -23 -28 -25 -26
right_child=1 2 3 4 5 11 10 -9 -10 -11 -12 -13 -14 -15 -16 -17 17 -19 19 -21 -22 22 -24 24 29 -27 27 -29 -30 -31
leaf_value=0.0004548160271351641 -0.0024615366348450115 -0.00058964245448199417 -0.0012472560542907258 7.9250002040952641e-05 -0.00083701649310592664 0.0021834954663756349 -0.00036021021660417321 -0.0026755184016565184 0.0013891629323119388 -0.0013495383078936192 -0.0023416496010863091 -0.00028197419369565256 0.0011492732339926685 -0.0022198407435789704 0.0025073402006888673 0.00011971091799851922 -0.00057427544057700843 0.0011490745370143227 0.0012662455482807542 -0.0010916691308375448 9.5314264515992053e-05 0.00084073210075016945 2.6870264275793966e-05 -0.00055989624699577685 -0.00053541561680007013 0.0015647654856891476 -0.0019572474655102602 0.00020258506544475519 -0.0028911217411335273 0.0012404886906733738
leaf_weight=414 23 24 30 117 39 21 24 24 21 110 56 530 72 25 21 45 330 28 35 20 5322 124 3344 25 485 45 22 74 26 20
leaf_count=414 23 24 30 117 39 21 24 24 21 110 56 530 72 25 21 45 330 28 35 20 5322 124 3344 25 485 45 22 74 26 20
internal_value=2.71039e-13 -0.000120756 -0.000111372 -0.000319219 -0.000156824 -0.000328063 -0.0010232 -0.00103924 -5.78537e-05 -0.000837855 -0.00174722 -0.000164775 0.000379481 3.94502e-05 0.000448742 0.00077637 -5.69761e-05 -0.000439488 -0.000175676 0.000408822 0.000121262 -2.42859e-05 -3.83487e-05 -0.000319395 -0.000582794 0.000815406 0.000346285 -0.000292377 -0.00174836 -0.000465083
internal_weight=11496 5760 5737 1190 971 736 140 219 60 195 80 596 235 163 138 66 4547 358 85 55 5736 4189 4120 776 556 69 220 96 51 505
internal_count=11496 5760 5737 1190 971 736 140 219 60 195 80 596 235 163 138 66 4547 358 85 55 5736 4189 4120 776 556 69 220 96 51 505
is_linear=0
shrinkage=0.05


Tree=72
num_leaves=31
num_cat=0
split_feature=1 0 6 0 6 0 3 1 0 0 4 2 3 6 2 4 3 1 0 0 2 6 3 0 3 3 3 1 2 3
split_gain=0.0644016 0.0338466 0.0264947 0.0362912 0.0305149 0.0344964 0.0336204 0.0268235 0.0294459 0.0262179 0.0255296 0.0350826 0.0204662 0.0192637 0.0559272 0.0430946 0.0336045 0.0354361 0.0189987 0.0189383 0.0187666 0.0189487 0.0175895 0.0339973 0.0334607 0.0237953 0.0214795 0.0188674 0.0514709 0.0416388
threshold=7.3425319749073408 0.80905963937623437 -3.7366548171173828 0.83763175723790917 15.775648630472164 0.76989683932661535 0.2213617118221072 -7.9252635648271612 0.85747753054005849 0.83276947856466255 1.6947058709584319 7.5072915202446486 0.14817059330855664 9.3764206129078875 7.9515298516259039 1.0520754086805977 0.15420827790992855 11.397785389317551 0.62511277048434277 0.82016313298679699 -0.20254539745381719 -4.653218137516741 0.2213617118221072 0.73647539394039552 0.20895449686217432 0.25958686354401539 0.27014750437153429 -10.806651678334982 -3.1260861874433457 0.13510148952138687
decision_type=2 2 2 2 2 2 2 2 2 2 2 2 2 2 2 2 2 2 2 2 2 2 2 2 2 2 2 2 2 2
left_child=2 13 3 9 6 -6 -4 8 -5 18 -8 -12 -9 15 -15 16 17 -2 -1 -3 22 -22 24 26 27 -25 -24 28 29 -20
right_child=1 19 4 7 5 -7 10 12 -10 -11 11 -13 -14 14 -16 -17 -18 -19 20 -21 21 -23 23 25 -26 -27 -28 -29 -30 -31
leaf_value=-0.00093958914479506874 -0.0014370403293287382 -0.0023269488114927863 1.8077311785663676e-05 -0.0012437462939380887 0.0012750639842124658 -0.00089970514249137568 -0.00068913650476377019 -0.00042519716024842297 0.00049155904254447882 0.0017556626682302783 0.0020350584035358308 -0.00048627290132178652 -0.0020379815251421736 -0.0022322919539446424 -0.00019062013936849549 -0.0012334362655910182 0.0022815721065853724 0.001187906191787786 -0.00050569411280359763 -0.00040572044115675537 -0.0010772456570401049 0.00047901061217060255 0.00079873020760715021 0.0018667017368854779 -0.001764369780929493 1.6899940576219912e-05 0.0030627505345778034 0.0002797641871173006 -0.0012906859485964459 0.0014066412634300915
leaf_weight=35 20 29 5365 34 88 23 284 42 87 28 22 37 37 34 2491 29 32 36 59 23 53 31 20 21 21 101 22 2265 72 55
leaf_count=35 20 29 5365 34 88 23 284 42 87 28 22 37 37 34 2491 29 32 36 59 23 53 31 20 21 21 101 22 2265 72 55
internal_value=4.93178e-13 -0.000213913 6.54716e-05 0.000186631 3.36168e-06 0.000824436 -1.26053e-05 -0.000463927 3.95258e-06 0.000233383 -0.000492524 0.000453885 -0.00118055 -0.000189049 -0.000218112 0.000438158 0.000989024 0.000250425 0.000217912 -0.00147717 0.000232806 -0.000502913 0.000256251 0.0007577 0.000222983 0.000335308 0.00198465 0.000240011 -0.000244086 0.000416924
internal_weight=11496 2694 8802 2983 5819 111 5708 200 121 2783 343 59 79 2642 2525 117 88 56 2755 52 2720 84 2636 164 2472 122 42 2451 186 114
internal_count=11496 2694 8802 2983 5819 111 5708 200 121 2783 343 59 79 2642 2525 117 88 56 2755 52 2720 84 2636 164 2472 122 42 2451 186 114
is_linear=0
shrinkage=0.05


Tree=73
num_leaves=31
num_cat=0
split_feature=1 5 0 5 3 6 6 0 3 1 0 0 1 5 5 3 2 3 5 2 5 0 6 6 3 2 2 0 1 6
split_gain=0.0588717 0.0262189 0.0243038 0.0256971 0.047544 0.023632 0.0242604 0.0327528 0.0276202 0.0242082 0.0265749 0.0236617 0.0230081 0.0229096 0.0344637 0.0329225 0.0305498 0.0199272 0.0194548 0.0358707 0.0256907 0.0265702 0.0335573 0.0236567 0.0538113 0.0274137 0.0209203 0.0393313 0.0253867 0.0232495
threshold=6.2335655144804329 1.7008703771357452 0.77809342977469642 0.73298026278980188 0.14620850957637757 17.147645226253356 -3.7366548171173828 0.83763175723790917 0.2213617118221072 -7.9252635648271612 0.85747753054005849 0.83276947856466255 31.022699478813923 1.3867398117720777 1.2929947604068508 0.26237910899735317 2.8036297552730978 0.29422594826573456 0.75914155551963891 23.583513377571464 0.53963351160047135 0.69464089761126113 11.648159130425309 28.182167751581442 0.16944923032446524 57.072811937329895 10.489541241232226 0.75904298011350035 8.92477716005037 8.0300947511023697
decision_type=2 2 2 2 2 2 2 2 2 2 2 2 2 2 2 2 2 2 2 2 2 2 2 2 2 2 2 2 2 2
left_child=5 2 12 -4 -5 6 7 11 -8 10 -9 -1 18 14 -10 -15 17 -17 19 20 -2 -22 -23 24 -21 -25 27 29 -28 -20
right_child=1 -3 3 4 -6 -7 8 9 13 -11 -12 -13 -14 15 -16 16 -18 -19 26 23 21 22 -24 25 -26 -27 28 -29 -30 -31
leaf_value=0.0002070160282268899 -0.0005854639256050667 -0.001531285886368197 0.00064161661147539106 -0.0029700483812991046 -0.00057825687665002945 0.0015175582375377417 2.8236335896464318e-05 -0.0011815589804695372 -0.0005364339024708898 -0.0011215242696483916 0.00046698110092474132 0.0016678795669577086 -0.0013665921803614174 -0.00061974450710113168 -0.0024729849013965578 0.0010018766675468373 0.0021961476290598514 -0.0011561070778407156 -4.9574576517513318e-05 -0.00010327199261010966 -0.00046450982890313585 0.00077473096755623333 0.0026833116177570177 0.00049446628155933199 -0.0030258518943030921 -0.0011988070549579851 0.00026450236853511492 0.0010235290107326971 -0.00019964877483308091 -0.001310651990342734
leaf_weight=2755 26 36 35 23 215 28 5152 34 128 79 87 28 37 100 28 23 25 20 52 63 21 61 37 136 21 29 356 30 1708 123
leaf_count=2755 26 36 35 23 215 28 5152 34 128 79 87 28 37 100 28 23 25 20 52 63 21 61 37 136 21 29 356 30 1708 123
internal_value=2.35055e-13 -0.000190027 -0.000173786 -0.000623369 -0.000809396 6.73727e-05 6.25725e-05 0.000177299 7.61044e-08 -0.00044073 3.75496e-06 0.000221714 -0.000128328 -0.000447706 -0.00088402 -4.2558e-05 0.000806246 -1.8367e-06 -0.000111124 0.000213191 0.000838375 0.00114947 0.00149532 -0.000150872 -0.000833917 0.000196861 -0.000167439 -0.000649181 -0.000119592 -0.000935932
internal_weight=11496 3009 2973 273 238 8487 8459 2983 5476 200 121 2783 2700 324 156 168 68 43 2663 394 145 119 98 249 84 165 2269 205 2064 175
internal_count=11496 3009 2973 273 238 8487 8459 2983 5476 200 121 2783 2700 324 156 168 68 43 2663 394 145 119 98 249 84 165 2269 205 2064 175
is_linear=0
shrinkage=0.05


Tree=74
num_leaves=31
num_cat=0
split_feature=1 3 5 0 1 2 2 3 5 5 6 0 5 1 0 2 6 5 0 5 3 6 3 0 2 0 0 2 5 3
split_gain=0.0533512 0.0222617 0.0338959 0.0389477 0.0307158 0.0270322 0.0244981 0.0319403 0.0326 0.038495 0.025951 0.0251003 0.022394 0.0223157 0.0219363 0.037424 0.0585481 0.0391582 0.0388028 0.0326408 0.0257179 0.0227991 0.0217327 0.0214688 0.0211949 0.0207942 0.0200909 0.0206143 0.0458611 0.0234418
threshold=3.2350219021519804 0.06533126674671047 0.71504573822540662 0.79106858103291067 31.022699478813923 0.58322183354084534 9.5216673653054311 0.26237910899735317 1.2303792589414841 1.109860018098733 9.175342042590847 0.69012691332299758 1.7008703771357452 8.92477716005037 0.76227904849760464 16.791219443569201 16.107486771313642 1.0009335992826436 0.69598928379138958 1.3019098316617019 0.25317609236450539 42.01367201014893 0.26551787751369299 0.81794931663302306 3.9681412510540732 0.73540164306058708 0.71739647189243616 4.5053777199945566 0.96349016492503836 0.13673780106961272
decision_type=2 2 2 2 2 2 2 2 2 2 2 2 2 2 2 2 2 2 2 2 2 2 2 2 2 2 2 2 2 2
left_child=-1 -2 3 22 6 23 7 8 9 10 11 -4 13 -8 15 16 -15 -18 -19 21 -16 -17 -3 -5 -10 -12 -13 28 29 -28
right_child=1 2 4 5 -6 -7 12 -9 24 -11 25 26 -14 14 20 19 17 18 -20 -21 -22 -23 -24 -25 -26 -27 27 -29 -30 -31
leaf_value=8.2092565545292115e-05 -0.0010129945638052758 0.00022738276985724361 0.00086885067368192329 0.0014474155749970427 -0.0021333355596289036 0.0022026312961362492 0.00010427118200461203 0.0011638911177093785 -0.0025310262658253865 0.0004693491849549289 -0.0026203128546476366 -0.0018453870209854091 -0.0015118180857306082 -0.0010531336487754463 -0.00034216115758876984 -0.00017945849991402238 0.0024037961486487115 -0.00046115108071673948 0.0011084574690764946 -0.0010297683673694306 -0.001469230993097881 0.0012157770003735399 -0.00071715611116520165 -0.00071498325348577727 -0.00089440241320738311 -0.00077304932682846603 -0.0018829607465886513 -0.00068009979338569827 0.0021346640631394543 0.00011121368463916174
leaf_weight=7272 72 344 35 24 20 39 972 30 27 113 25 27 28 52 242 1219 33 63 105 114 64 30 74 22 74 39 20 238 23 56
leaf_count=7272 72 344 35 24 20 39 972 30 27 113 25 27 28 52 242 1219 33 63 105 114 64 30 74 22 74 39 20 238 23 56
internal_value=-2.32328e-14 -0.00014133 -0.000126214 0.000258571 -0.000179255 0.00123425 -0.000168486 -0.000432589 -0.000503334 -0.000358045 -0.000559979 -0.000410059 -0.000104584 -9.09691e-05 -0.000189707 -0.000116202 0.000442284 0.000829158 0.000519854 -0.000219868 -0.000577888 -0.000145946 6.01678e-05 0.000413225 -0.00133192 -0.00149464 -0.000533031 -0.000427886 0.000178445 -0.000413569
internal_weight=11496 4224 4152 503 3649 85 3629 707 677 576 463 399 2922 2894 1922 1616 253 201 168 1363 306 1249 418 46 101 64 364 337 99 76
internal_count=11496 4224 4152 503 3649 85 3629 707 677 576 463 399 2922 2894 1922 1616 253 201 168 1363 306 1249 418 46 101 64 364 337 99 76
is_linear=0
shrinkage=0.05


Tree=75
num_leaves=31
num_cat=0
split_feature=3 6 5 1 4 2 1 2 4 1 6 4 1 5 5 3 6 5 3 1 4 4 1 3 4 2 6 1 2 1
split_gain=0.0489167 0.0301206 0.0301757 0.0506173 0.0398043 0.0503045 0.0316353 0.0265076 0.0247215 0.024111 0.0207076 0.0195473 0.0192498 0.0425977 0.0216398 0.0187209 0.0166703 0.0166663 0.0330328 0.0395521 0.0278572 0.0267178 0.0257679 0.0247449 0.0216039 0.0224398 0.0549956 0.0322397 0.0275938 0.0244374
threshold=0.18464230881975094 -4.9358023965360251 1.4859735060234163 -8.1996123875221691 0.49765504579684766 -2.5636781402622995 -3.3739585404041756 -2.6866988777226131 -0.034407879252367289 -8.0496791439889517 -6.1443357337291742 0.2235026677099701 29.24857398931643 0.44949177700076048 0.50648025307754951 0.15255913876439403 44.590586333132194 0.71504573822540662 0.086718185450694207 -3.1600453877363708 0.62961089712756557 0.67117831059377719 0.53161023501618898 0.08165087584198541 2.5015912564931599 4.141174646738083 1.9408965139241345 -2.7020078070554838 1.0000000180025095e-35 -3.7610039306398053
decision_type=2 2 2 2 2 2 2 2 2 2 2 2 2 2 2 2 2 2 2 2 2 2 2 2 2 2 2 2 2 2
left_child=1 2 4 -4 6 -6 -1 -8 -2 -3 -9 -12 13 -10 -15 -7 -14 18 22 -20 23 -22 -11 -19 25 27 -27 29 -29 -23
right_child=8 9 3 -5 5 15 7 10 12 17 11 -13 16 14 -16 -17 -18 20 19 -21 21 24 -24 -25 -26 26 -28 28 -30 -31
leaf_value=0.00013409584200612873 0.0014872720364523546 0.0016573398766922766 0.00038842920330353083 -0.001896165317686444 0.0032583462370728909 0.00098674608597557555 -0.00039076861317476465 0.0017454436689981129 0.0018018230444997445 9.6764339841849849e-05 -0.00011457754027408859 0.0015019305414170959 -0.0021927048806988057 -0.001721253017793693 -0.00018093468436128612 -0.00050019475812506341 -0.0005089316666791482 0.00073471467240361155 -0.0010839192229214797 0.00047992091868767997 0.00076711845171163219 -0.00021617022281713769 -0.00034045238901132964 -0.00063215889237032993 -0.0012013464799383656 0.001279323966762818 -1.1578128534424865e-05 -0.0019965099846012894 -0.00042675694329771081 0.00094797405786812303
leaf_weight=1738 22 22 54 44 22 98 36 70 27 1316 45 32 21 23 2648 27 49 37 43 677 104 113 453 315 40 85 2811 30 419 75
leaf_count=1738 22 22 54 44 22 98 36 70 27 1316 45 32 21 23 2648 27 49 37 43 677 104 113 453 315 40 85 2811 30 419 75
internal_value=-2.55477e-13 5.83872e-05 0.000219991 -0.000637307 0.000260618 0.0010536 0.000199936 0.000825241 -0.000182193 4.86513e-06 0.00112304 0.000557218 -0.000195462 -0.000174223 -0.000194198 0.000665567 -0.00101406 -7.12411e-07 0.00010101 0.000386525 -6.35538e-05 -2.28754e-05 -1.51968e-05 -0.000488482 -4.58699e-05 -3.27878e-05 2.63109e-05 -0.000301469 -0.00053164 0.000248249
internal_weight=11496 8706 2166 98 2068 147 1921 183 2790 6540 147 77 2768 2698 2671 125 70 6518 2489 720 4029 3677 1769 352 3573 3533 2896 637 449 188
internal_count=11496 8706 2166 98 2068 147 1921 183 2790 6540 147 77 2768 2698 2671 125 70 6518 2489 720 4029 3677 1769 352 3573 3533 2896 637 449 188
is_linear=0
shrinkage=0.05


Tree=76
num_leaves=31
num_cat=0
split_feature=3 0 6 6 2 3 5 3 5 6 4 6 6 5 5 6 0 3 3 5 0 3 3 3 5 4 6 5 2 4
split_gain=0.0441473 0.0294324 0.0377538 0.0289564 0.0657416 0.0612951 0.0274521 0.0328319 0.0412749 0.0402532 0.0311631 0.0434341 0.0271839 0.0272336 0.0366383 0.0298997 0.0250669 0.0220082 0.0303893 0.0216346 0.0206596 0.0230943 0.0196307 0.0350181 0.0247015 0.0490394 0.0307028 0.0323437 0.0257159 0.0248711
threshold=0.18464230881975094 0.72027125541482673 11.107137050582834 27.338640823540601 23.234804363787493 0.23477527054452199 1.6629987002552635 0.27315599561754372 1.0543422770633879 33.875168688310112 -0.034407879252367289 -10.179135901836103 -4.9358023965360251 1.4859735060234163 1.3441135311835699 -8.5232347424401045 0.6919860437969384 0.21847320376086932 0.23694124700930544 1.1558303738457092 0.74515041209986643 0.35405306359868954 0.16186246721924197 0.17182881117553181 1.0128599513291017 0.54117925925939192 -8.1904604671296166 1.2165916763347315 -1.9488887788371994 0.43567730272873806
decision_type=2 2 2 2 2 2 2 2 2 2 2 2 2 2 2 2 2 2 2 2 2 2 2 2 2 2 2 2 2 2
left_child=12 2 -2 4 16 -6 7 10 9 -9 -3 -12 13 14 22 -15 19 -8 -19 -4 -20 -22 24 -24 -1 26 27 -26 -27 -28
right_child=1 6 3 -5 5 -7 17 8 -10 -11 11 -13 -14 15 -16 -17 -18 18 20 -21 21 -23 23 -25 25 28 29 -29 -30 -31
leaf_value=0.00022637566581930834 0.00079794867816282075 0.0016712355753406884 -6.0008978543021244e-06 0.0001989502603782467 -0.00063374630881298801 -0.0033138613900518979 -0.0013123646555911928 -0.003170925955554205 -0.0004789087165620238 -0.00054403725080192093 -0.0021668178425546017 -0.00027296815966698033 4.621880089074908e-06 -0.00016320153626087959 0.0013250439697386404 -0.0023301785928197204 0.00030604212969082283 0.0020576768622656044 0.0014582842803345277 -0.0012306778196943926 -0.00039469891198677946 0.0011415835375139011 0.0016296175894631934 7.9903062694675878e-05 5.8634183319968134e-05 0.0019612390869136512 -0.0031146920730613851 -0.002125237012348537 -0.00030572854024781427 -0.00070905036603411038
leaf_weight=1641 141 20 81 455 64 32 21 35 124 25 31 1294 6540 78 76 20 205 24 26 65 116 31 65 83 88 29 22 21 22 21
leaf_count=1641 141 20 81 455 64 32 21 35 124 25 31 1294 6540 78 76 20 205 24 26 65 116 31 65 83 88 29 22 21 22 21
internal_value=5.97268e-13 -0.000173084 3.70933e-05 -8.18431e-05 -0.000367662 -0.00152712 -0.000298564 -0.000373404 -0.000999826 -0.00207639 -0.000287708 -0.000317277 5.54679e-05 0.000208992 0.000247587 -0.000605442 -5.05456e-05 0.000226349 0.000390374 -0.000551234 0.000159072 -7.0721e-05 0.000206479 0.000760521 0.000162011 -0.000358293 -0.000808444 -0.000362112 0.000983331 -0.00193984
internal_weight=11496 2790 1043 902 447 96 1747 1529 184 60 1345 1325 8706 2166 2068 98 351 218 197 146 173 147 1992 148 1844 203 152 109 51 43
internal_count=11496 2790 1043 902 447 96 1747 1529 184 60 1345 1325 8706 2166 2068 98 351 218 197 146 173 147 1992 148 1844 203 152 109 51 43
is_linear=0
shrinkage=0.05


Tree=77
num_leaves=31
num_cat=0
split_feature=1 2 6 6 6 1 0 2 1 4 0 1 2 6 2 6 4 0 2 0 1 0 1 6 0 3 4 1 4 6
split_gain=0.0422316 0.0247296 0.0257723 0.0217548 0.0207087 0.0252014 0.0370577 0.0238761 0.0236835 0.0212322 0.0165223 0.0286767 0.0176157 0.0478847 0.0325387 0.0831989 0.0359676 0.0373291 0.0355758 0.0315842 0.0330504 0.0271954 0.0240114 0.0237393 0.028605 0.0387101 0.0414834 0.0316604 0.0327191 0.0793924
threshold=6.2335655144804329 0.67005934370052145 5.2972465559487709 17.147645226253356 -13.924238603290497 -11.193174242400747 0.77595654532627212 -3.8551145659415904 -9.4489792947946984 0.12735603467380779 0.72743068703130087 -10.490649088426911 -2.9259411386734153 -7.2737191996860133 -1.8141651223897386 -5.9917388170847294 0.92053272661900631 0.8397716758598639 -0.55712122913201834 0.76930251148585038 -7.7877523636353354 0.82696224696444187 -7.4753394512256426 -2.1841607184888483 0.76062429238623885 0.10608780373480338 1.1423150500800385 -2.0599388952922069 0.67117831059377719 -0.84054989234513622
decision_type=2 2 2 2 2 2 2 2 2 2 2 2 2 2 2 2 2 2 2 2 2 2 2 2 2 2 2 2 2 2
left_child=3 -2 -3 4 7 6 -6 -1 -9 -7 11 -11 13 -12 16 19 17 -14 -17 -16 -21 -22 -19 -20 -25 -26 27 -27 29 -29
right_child=1 2 -4 -5 5 9 -8 8 -10 10 12 -13 14 -15 15 18 -18 22 23 20 21 -23 -24 24 25 26 -28 28 -30 -31
leaf_value=-0.00068205760525805615 -0.001696295684310966 0.0016412724927067756 -0.00015963874027523218 0.001448459248058498 -0.001410698866756219 0.0001941097453773517 0.00027179839734647735 0.00047850895306510209 0.0019143824008226928 0.0018827950764123515 -0.00012433015285982253 0.00010641777597061252 0.00048053158756062789 -0.0023325354687028354 -0.00028387663749692202 0.00042513452065506119 0.0023464715304064819 -0.00019323148711312873 -0.00051963498653472755 -0.0033746892517363585 0.00011676603536960267 -0.0021976838943858941 -0.0022552735498175026 -0.00020239904665089785 -0.00037856576484464376 -0.00028998240037136891 -0.00013456512192131539 -0.00040290480550645639 0.00047643119707135623 0.0026499307628622968
leaf_weight=35 26 20 2963 28 72 1954 60 160 35 23 118 1863 350 31 44 376 22 48 291 27 22 30 20 1448 313 109 430 34 487 57
leaf_count=35 26 20 2963 28 72 1954 60 160 35 23 118 1863 350 31 44 376 22 48 291 27 22 30 20 1448 313 109 430 34 487 57
internal_value=2.09689e-13 -0.000160946 -0.000147564 5.70623e-05 5.24567e-05 3.93776e-05 -0.000645927 0.000520403 0.00073623 5.05497e-05 4.88526e-06 0.000128081 -4.96947e-05 -0.000583755 -3.0324e-05 -7.90618e-05 0.000375972 0.000272262 -3.47052e-05 -0.00135747 -0.00195542 -0.00121849 -0.000799714 -8.92649e-05 -4.57494e-05 0.000112872 0.00025058 0.000491647 0.000639047 0.00150931
internal_weight=11496 3009 2983 8487 8459 8229 132 230 195 8097 6143 1886 4257 149 4108 3668 440 418 3545 123 79 52 68 3169 2878 1430 1117 687 578 91
internal_count=11496 3009 2983 8487 8459 8229 132 230 195 8097 6143 1886 4257 149 4108 3668 440 418 3545 123 79 52 68 3169 2878 1430 1117 687 578 91
is_linear=0
shrinkage=0.05


Tree=78
num_leaves=31
num_cat=0
split_feature=1 3 4 2 5 6 4 2 6 1 2 1 4 6 6 1 1 5 6 5 3 1 3 3 3 3 3 4 2 6
split_gain=0.0385293 0.0196818 0.039225 0.0483157 0.0188479 0.0177216 0.0257138 0.0243264 0.0171296 0.0241205 0.0215482 0.0213744 0.0159635 0.0230997 0.0155087 0.0371547 0.0231405 0.0186531 0.0166511 0.0183222 0.0454266 0.0400076 0.031074 0.0265821 0.0254426 0.0174342 0.0166656 0.0176755 0.0155691 0.0533718
threshold=3.2350219021519804 0.06533126674671047 0.51002693179406744 0.58322183354084534 0.29849519942357194 4.5760053366667854 0.62961089712756557 2.9518350646013922 -13.924238603290497 -11.193174242400747 -3.8551145659415904 -9.4489792947946984 0.39338913488782162 -12.17577471367578 -11.832597164209599 -10.490649088426911 -8.7876883559467913 1.0839374361428302 -7.1262070701104676 1.3545594759052471 0.16278826479747782 -7.9252635648271612 0.21449912322762435 0.15420827790992855 0.13213725207042493 0.074448699452127606 0.3084506407717289 1.3208263393944235 -1.8844894891708901 -7.0231112226651833
decision_type=2 2 2 2 2 2 2 2 2 2 2 2 2 2 2 2 2 2 2 2 2 2 2 2 2 2 2 2 2 2
left_child=8 -2 -3 -4 -5 6 -6 -7 10 12 -1 -12 13 -10 15 -11 28 -17 19 20 23 -21 -23 24 25 -18 -20 -28 -16 -30
right_child=1 2 3 4 5 7 -8 -9 9 14 11 -13 -14 -15 16 17 18 -19 26 21 -22 22 -24 -25 -26 -27 27 -29 29 -31
leaf_value=-0.00064795471860894141 -0.00093970622223827792 0.0009701466297938389 -0.0018149228223289056 0.0013837752786154548 0.001805257938946758 -0.0016881789490580561 -3.4719142826030622e-05 -0.00012349318573283855 -0.00055665940325707198 0.0022232417004286417 0.00045458349763066508 0.0018186632739837349 -2.937884475555151e-05 -0.0025672417250461876 -0.00019226922877497079 0.00048613888860939923 0.00077718897390577303 -0.00078373763373949454 4.7072277369692006e-05 0.0011005095714195208 0.0014946749902938119 -0.0018940728689943041 0.00013927398824227353 -0.0012360264114492263 0.0014215733305520742 0.00010852845096948727 -0.0020251614364678971 -6.4022758225392972e-05 -0.0031533512331190562 -4.0550954217906116e-05
leaf_weight=35 72 83 42 21 29 25 55 3897 50 27 160 35 62 20 187 147 115 36 5388 33 77 42 34 30 46 640 20 27 21 40
leaf_count=35 72 83 42 21 29 25 55 3897 50 27 160 35 62 20 187 147 115 36 5388 33 77 42 34 30 46 640 20 27 21 40
internal_value=1.12152e-13 -0.000120104 -0.000105891 -0.00012784 -0.000110245 -0.000118077 0.000600511 -0.000133467 6.97633e-05 5.58947e-05 0.000494383 0.000699418 -0.000613631 -0.00113111 6.86845e-05 0.000491788 5.5423e-05 0.000236327 7.36409e-05 0.000259329 0.00033286 -0.000353201 -0.000984418 0.000225206 0.000279934 0.000210377 3.88949e-05 -0.00089855 -0.000418535 -0.00111217
internal_weight=11496 4224 4152 4069 4027 4006 84 3922 7272 7042 230 195 132 70 6910 210 6700 183 6452 1017 908 109 76 831 801 755 5435 47 248 61
internal_count=11496 4224 4152 4069 4027 4006 84 3922 7272 7042 230 195 132 70 6910 210 6700 183 6452 1017 908 109 76 831 801 755 5435 47 248 61
is_linear=0
shrinkage=0.05


Tree=79
num_leaves=31
num_cat=0
split_feature=1 5 3 6 0 3 6 5 4 4 1 6 6 1 3 0 6 0 0 4 0 4 5 0 0 5 5 5 6 1
split_gain=0.0358125 0.0321723 0.0292105 0.0274952 0.0223815 0.0243358 0.0532819 0.0344714 0.0222509 0.0181286 0.0172015 0.0482208 0.0241847 0.0164819 0.0168098 0.018806 0.0164654 0.01493 0.0147338 0.0179074 0.0248104 0.014955 0.0235359 0.0219476 0.0285262 0.0236824 0.023062 0.019553 0.0190626 0.0355698
threshold=10.13175115430335 1.3019098316617019 0.24340485538070425 25.269856758442369 0.7484084752932213 0.27315599561754372 33.019895120239461 0.71504573822540662 2.4531815844234073 0.12735603467380779 29.24857398931643 48.475345436014223 40.849447649465411 -11.563225137424297 0.096425529488556358 0.70160605380681906 -15.584829422044189 0.67716480988088035 0.66061952786582157 2.1949316279410893 0.63967138443054894 1.4224562715186628 0.84532915444545942 0.68367624457921272 0.6919860437969384 0.88675428871836559 0.95368354306514758 1.080291477359496 21.29496446517442 13.723247650299776
decision_type=2 2 2 2 2 2 2 2 2 2 2 2 2 2 2 2 2 2 2 2 2 2 2 2 2 2 2 2 2 2
left_child=9 4 -3 -4 10 7 -7 -6 -5 13 12 -12 18 16 -15 -16 -1 -14 19 20 -2 -20 -23 27 26 -26 -25 -24 -27 -30
right_child=1 2 3 8 5 6 -8 -9 -10 -11 11 -13 17 14 15 -17 -18 -19 21 -21 -22 22 23 24 25 28 -28 -29 29 -31
leaf_value=0.00050026110468024852 0.00017226567407695778 -0.001294870895105567 -0.0013292204155732181 0.0016919684372842315 0.0012173670871775625 -0.0033240513876080513 -8.44644537816445e-05 -0.00045173871376895418 -0.00036029175555865681 4.0256788516293149e-06 -0.0018938340271688503 0.00094109009563302006 0.0018840832696498735 0.00010719686000485304 -0.00023112140227668634 0.00055905246618017583 -0.0012721443667703027 0.0004232191683189591 0.00050295699122326562 0.0004249976070908209 -0.00169349261559546 -0.00052923378138857347 0.001319797662031537 0.00016145337749549072 0.0011779737122908599 -0.00068846418519591 -0.0015445577768752208 -0.00037291755240100125 0.00077132251134006205 -0.00014374128009450864
leaf_weight=20 28 118 28 25 34 22 30 343 28 7318 40 24 23 1505 90 461 38 73 132 30 49 214 59 32 46 86 52 24 148 376
leaf_count=20 28 118 28 25 34 22 30 343 28 7318 40 24 23 1505 90 461 38 73 132 30 49 214 59 32 46 86 52 24 148 376
internal_value=-3.95526e-13 -0.000188652 -0.000792974 -6.18164e-05 -0.000124169 -0.00044107 -0.00145506 -0.000301209 0.000607756 4.12826e-05 -2.94961e-05 -0.000830737 7.87964e-06 0.000170254 0.000193703 0.000429986 -0.00066097 0.000773218 -4.97007e-05 -0.000611288 -0.00101504 1.70207e-06 -6.21028e-05 5.93626e-05 -2.71116e-05 8.39754e-05 -0.000894649 0.000830338 1.4772e-06 0.000114712
internal_weight=11496 2064 199 81 1865 429 52 377 53 9432 1436 64 1372 2114 2056 551 58 96 1276 107 77 1169 1037 823 740 656 84 83 610 524
internal_count=11496 2064 199 81 1865 429 52 377 53 9432 1436 64 1372 2114 2056 551 58 96 1276 107 77 1169 1037 823 740 656 84 83 610 524
is_linear=0
shrinkage=0.05


Tree=80
num_leaves=31
num_cat=0
split_feature=1 5 0 2 6 0 5 1 0 0 5 1 4 6 1 1 2 5 4 1 4 5 0 6 1 6 1 2 4 5
split_gain=0.0323208 0.0290355 0.0201993 0.0340767 0.0390571 0.0301557 0.0262446 0.0260248 0.0285665 0.0351768 0.0324465 0.0242028 0.0287166 0.0243016 0.0271395 0.0207668 0.0200443 0.0275185 0.025069 0.0199504 0.0186565 0.0172868 0.0516582 0.0352992 0.0387108 0.0319846 0.0284948 0.034199 0.0302477 0.0256324
threshold=10.13175115430335 1.3019098316617019 0.7484084752932213 18.743898318105916 27.843536196773112 0.6919860437969384 1.0582644706873789 18.129357768820558 0.68550861728276935 0.65290205563768466 0.67591747704908656 19.059872091228659 2.1402918958745634 24.666723263584373 14.091820617890763 11.663762907503974 12.089759173637484 0.77861802045466899 2.2918937972104483 21.14152512614417 2.4531815844234073 1.1609936897169277 0.82139170784749127 -8.7010486494572508 -5.2353359899412633 -13.924238603290497 0.71839096937593727 18.322047361649023 1.5464803749103377 1.109860018098733
decision_type=2 2 2 2 2 2 2 2 2 2 2 2 2 2 2 2 2 2 2 2 2 2 2 2 2 2 2 2 2 2
left_child=21 2 3 5 11 6 -2 -6 9 -9 -11 12 13 14 -5 -7 -4 18 -18 -12 -10 25 26 -24 -25 -1 28 -28 -23 -27
right_child=1 -3 16 4 7 15 -8 8 20 10 19 -13 -14 -15 -16 -17 17 -19 -20 -21 -22 22 23 24 -26 29 27 -29 -30 -31
leaf_value=0.00090846887390969933 0.00057624526296941824 -0.0007533256357309618 -0.0016883256823536519 -0.00018869161507747582 0.00056353106236556641 0.00025759940101786265 -0.0015885961707681419 -0.00087256804187993767 -0.0006780824739151918 0.0025697643291205169 0.0016356664076447487 -0.0019302150317733842 -0.0015118359637339243 0.00056022371481211021 -0.0013105268879141003 0.0013132405691048733 0.0016501788230192278 -0.00049777769493667562 -0.00043378304205058771 -0.00010010826684135413 1.4054673621493358e-06 0.00017689564951238449 -0.0020069706624119797 0.00013942101773327666 -0.001095140509168564 4.1707926606082613e-05 -0.00039506923764011365 0.00032071400145675826 0.0021455810777843 0.00051432320281896693
leaf_weight=113 28 199 29 224 205 88 28 33 184 25 25 28 52 73 71 99 31 342 27 49 224 798 44 128 126 7083 588 233 20 299
leaf_count=113 28 199 29 224 205 88 28 33 184 25 25 28 52 73 71 99 31 342 27 49 224 798 44 128 126 7083 588 233 20 299
internal_value=7.1374e-13 -0.000179219 -0.000117961 -2.80213e-05 -0.000137948 0.000511661 -0.000506175 8.39023e-05 -9.81789e-05 0.00054118 0.00101243 -0.000506874 -0.000411984 -0.000256571 -0.000458693 0.000816468 -0.000419016 -0.000326991 0.000680059 0.000486302 -0.00030503 3.92184e-05 -9.39332e-05 -0.000699492 -0.000472999 7.363e-05 1.61684e-05 -0.00019193 0.00022503 6.08507e-05
internal_weight=11496 2064 1865 1436 1193 243 56 745 540 132 99 448 420 368 295 187 429 400 58 74 408 9432 1937 298 254 7495 1639 821 818 7382
internal_count=11496 2064 1865 1436 1193 243 56 745 540 132 99 448 420 368 295 187 429 400 58 74 408 9432 1937 298 254 7495 1639 821 818 7382
is_linear=0
shrinkage=0.05


Tree=81
num_leaves=31
num_cat=0
split_feature=3 0 1 6 2 3 1 1 0 5 2 0 2 6 5 5 1 2 0 5 0 2 2 0 2 1 3 6 2 1
split_gain=0.0303519 0.0248567 0.0366792 0.0291675 0.0500523 0.054279 0.025425 0.0226602 0.0308445 0.0291222 0.0307067 0.0263097 0.0240559 0.0220048 0.0217434 0.0213831 0.0285398 0.0417091 0.0384063 0.0437592 0.0254756 0.0230186 0.0336873 0.0510425 0.0274548 0.0455737 0.0311858 0.0543406 0.0289907 0.0229033
threshold=0.18464230881975094 0.72027125541482673 4.4216294638092855 27.338640823540601 23.234804363787493 0.23477527054452199 14.734974920872858 18.129357768820558 0.70105325329967083 0.66980801719216876 44.80432098362953 0.68639237868873326 23.583513377571464 21.29496446517442 1.0839374361428302 1.6629987002552635 -6.6036533644670872 -0.84119062157154667 0.77342937371379861 1.3371625741699638 0.81045475963353419 -0.55712122913201834 0.79341344806369996 0.82696224696444187 14.183439367912575 7.5678608408403241 0.25655817950047627 25.756673100643035 21.39565861453838 10.76642325761399
decision_type=2 2 2 2 2 2 2 2 2 2 2 2 2 2 2 2 2 2 2 2 2 2 2 2 2 2 2 2 2 2
left_child=-1 2 -2 4 6 -6 13 12 9 11 -11 -9 -5 -4 -8 16 18 -18 -3 20 -20 -19 23 -23 25 -24 29 -28 -29 -26
right_child=1 15 3 7 5 -7 14 8 -10 10 -12 -13 -14 -15 -16 -17 17 21 19 -21 -22 22 24 -25 26 -27 27 28 -30 -31
leaf_value=4.5991992983925582e-05 0.00073608698833626054 -0.00244614329216454 -0.00016987936772556021 0.0018237724771576103 -0.00054027066389608083 -0.0030623369413660842 -0.0001239105391072198 0.002826512132361088 -0.00054981554078052273 -0.00023714735988574496 0.0018366555905058272 0.00032366904476497271 0.00031316952731157117 0.00084003439034050745 -0.0024274780158884826 0.0002044408515799543 0.00098557298461226031 -0.0018799705319511501 0.0011927364755113534 -0.001555375657754682 -0.00073381637703278106 0.0017076138979160882 -0.00042894662752632071 -0.0013082354748621583 0.00044417138691345347 -0.0017815624896902593 -0.0032233069371432072 0.0013253236038144678 -0.00073083964486916864 -0.00021190691426287617
leaf_weight=8706 164 34 215 38 64 32 21 21 149 119 21 21 86 72 20 218 65 23 37 59 32 47 367 20 196 75 20 20 120 414
leaf_count=8706 164 34 215 38 64 32 21 21 149 119 21 21 86 72 20 218 65 23 37 59 32 47 367 20 196 75 20 20 120 414
internal_value=3.60761e-13 -0.000143515 4.9635e-05 -7.84402e-05 -0.000376805 -0.00138096 -8.29063e-05 0.000199597 -1.6373e-05 0.000420346 7.39231e-05 0.00157509 0.000776096 8.34788e-05 -0.0012476 -0.00025883 -0.000324881 -0.000250517 -0.000952388 -0.00055561 0.000299263 -0.000312227 -0.000284034 0.00080736 -0.000344367 -0.000658463 -0.000164068 -0.000785378 -0.000437102 -1.10143e-06
internal_weight=11496 2790 1043 879 424 96 328 455 331 182 140 42 124 287 41 1747 1529 1367 162 128 69 1302 1279 67 1212 442 770 160 140 610
internal_count=11496 2790 1043 879 424 96 328 455 331 182 140 42 124 287 41 1747 1529 1367 162 128 69 1302 1279 67 1212 442 770 160 140 610
is_linear=0
shrinkage=0.05


Tree=82
num_leaves=31
num_cat=0
split_feature=6 3 6 2 2 2 2 0 6 5 4 3 3 5 5 5 3 3 0 6 5 0 3 4 3 4 4 5 5 6
split_gain=0.0281818 0.0229169 0.0229503 0.0265971 0.0379116 0.0282263 0.0200661 0.0199624 0.0196275 0.0360932 0.0232302 0.0191184 0.0179851 0.0389051 0.06441 0.0388665 0.0372337 0.0498009 0.0403901 0.0395772 0.036858 0.0332868 0.0309388 0.0244401 0.024075 0.0202722 0.0187139 0.0432502 0.0357891 0.032582
threshold=-2.7133982069921228 0.15572306739835609 -2.1841607184888483 1.0000000180025095e-35 0.3586554600596028 0.23150107568600198 -0.20254539745381719 0.83763175723790917 -8.3185803314207067 1.1609936897169277 0.2235026677099701 0.18285040497137908 0.16278826479747782 1.3297268339089929 0.99844983425337819 1.5285439717681457 0.21449912322762435 0.18464230881975094 0.75274815390426741 -7.0231112226651833 1.1827721667657951 0.75582493119025196 0.18803065479776199 0.66038647936187644 0.27014750437153429 0.53031015663576497 0.52184445085033015 1.0235156407612183 0.97314719565001795 -8.1904604671296166
decision_type=2 2 2 2 2 2 2 2 2 2 2 2 2 2 2 2 2 2 2 2 2 2 2 2 2 2 2 2 2 2
left_child=6 -2 -3 11 5 -5 7 12 9 -9 -10 -4 15 14 21 26 17 25 24 23 -16 -14 -22 -19 -18 -15 27 28 -1 -29
right_child=1 2 3 4 -6 -7 -8 8 10 -11 -12 -13 13 16 20 -17 18 19 -20 -21 22 -23 -24 -25 -26 -27 -28 29 -30 -31
leaf_value=0.00013282919691846358 2.3496228959850032e-05 -0.00091606126107434012 -0.00025497865197913989 0.00025794795947149397 -0.00012963000962208304 0.0025844711344689131 -0.00039757920351777496 0.00054055050005326463 -0.0014685663637583671 -0.0019341160844239158 0.00025432175100880555 -0.0023416216171387098 -0.00067473598915681829 0.0016853388221490951 0.0037812577676959338 -0.0017578692968796801 0.00065755583733941123 -0.0010301670101894574 6.4734561765719412e-05 0.00039066001772880554 0.0001120449083979717 0.00088470825649245369 0.00265085940870146 -0.0032945201588937875 0.0028536264963734612 -0.00010498149345039565 0.0006505433304808668 -0.00034035572106035983 0.0013253994711871762 -0.0021811028169274019
leaf_weight=1957 4643 94 21 32 3363 22 175 23 23 41 131 23 51 21 24 27 24 22 102 20 24 104 24 26 26 64 173 121 65 30
leaf_count=1957 4643 94 21 32 3363 22 175 23 23 41 131 23 51 21 24 27 24 22 102 20 24 104 24 26 26 64 173 121 65 30
internal_value=-2.58979e-13 -4.96538e-05 -0.000145191 -0.000124255 -0.000108526 0.00120579 0.000123427 0.000152622 -0.000308839 -0.00104478 -2.99271e-06 -0.00134572 0.000187251 0.000450004 0.00094563 0.000128345 8.11274e-05 -0.000469508 0.000635385 -0.00147806 0.00218139 0.000371601 0.00138145 -0.00225669 0.00179951 0.000337333 0.000150054 0.000110208 0.000171166 -0.000706067
internal_weight=11496 8198 3555 3461 3417 54 3298 3123 218 64 154 44 2905 532 227 2373 305 153 152 68 72 155 48 48 50 85 2346 2173 2022 151
internal_count=11496 8198 3555 3461 3417 54 3298 3123 218 64 154 44 2905 532 227 2373 305 153 152 68 72 155 48 48 50 85 2346 2173 2022 151
is_linear=0
shrinkage=0.05


Tree=83
num_leaves=31
num_cat=0
split_feature=6 2 2 5 0 1 2 5 4 1 1 5 6 5 6 0 6 4 5 0 1 4 4 0 1 5 0 6 1 0
split_gain=0.0260952 0.0445986 0.0382233 0.0331782 0.0186389 0.0161826 0.0160529 0.0254063 0.0450493 0.0228638 0.0338861 0.0295416 0.0206791 0.0384999 0.0207743 0.0190832 0.0213272 0.0205641 0.0170979 0.0266871 0.0155362 0.0154038 0.0268319 0.0260156 0.049366 0.0153517 0.0138115 0.0135996 0.0134796 0.0129957
threshold=0.93874316179933248 0.67005934370052145 1.3161993054624397 0.88675428871836559 0.85327293420382011 31.022699478813923 4.2719694927344607 0.53963351160047135 0.64731121288010962 1.0067595285324418 -2.804405432755019 0.92841912171303032 6.5446781454562686 1.3371625741699638 3.4285312392930387 0.76227904849760464 4.7052148169847081 1.2372799198486011 1.109860018098733 0.71285268178060279 3.8337084469320941 1.4224562715186628 1.0771791513830162 0.77545911891298169 -5.2353359899412633 1.5828570869599587 0.73884834500514895 2.2154348347596238 2.9178113477092653 0.82476192633230194
decision_type=2 2 2 2 2 2 2 2 2 2 2 2 2 2 2 2 2 2 2 2 2 2 2 2 2 2 2 2 2 2
left_child=20 3 -3 -2 5 6 7 -4 28 10 -8 -12 14 -14 18 17 -17 -13 19 -10 21 22 -1 -24 -25 -16 27 -21 -9 -11
right_child=1 2 4 -5 -6 -7 9 8 12 29 11 15 13 -15 25 16 -18 -19 -20 26 -22 -23 23 24 -26 -27 -28 -29 -30 -31
leaf_value=8.7598595157598155e-05 -0.00052199652436684123 0.0015258965940263712 -0.001554153841854527 -0.0029052637173267813 0.0014591919552185573 -0.001025133291312324 -0.001077609912450002 0.0014557242408678259 0.00051532910332422366 -6.3888690042161671e-05 6.826997866400317e-05 -0.00024025157446110409 0.0019028059709817172 -0.0010404012969229372 -0.0014338717038310065 0.0018230439910172102 0.0001620721425516186 0.0010747300523156623 0.00030194433574712255 -0.0026029156229924414 0.0011180473635451764 0.0011869340834598388 -9.5287608670025891e-05 0.00036284899106249214 -0.0028661521408578448 4.8031596551564604e-05 -0.00059197379576408676 -0.00075903105549514306 -7.3098526783204376e-05 -0.00082318878849036998
leaf_weight=4997 40 38 39 23 20 44 44 46 44 4960 330 61 25 20 85 68 27 58 81 20 36 31 83 20 29 22 107 20 21 57
leaf_count=4997 40 38 39 23 20 44 44 46 44 4960 330 61 25 20 85 68 27 58 81 20 36 31 83 20 29 22 107 20 21 57
internal_value=-2.07542e-13 -6.84134e-05 -5.50431e-05 -0.00139208 -6.47343e-05 -6.96669e-05 -6.28143e-05 -0.000325834 -0.000228269 -3.79435e-05 0.000257034 0.000364984 -0.000418652 0.000594714 -0.000538972 0.000822532 0.00135098 0.000400664 -0.000306795 -0.000564951 8.29493e-05 7.57277e-05 6.90115e-05 -0.000634624 -0.00154819 -0.00112918 -0.0008883 -0.00168097 0.000976541 -7.25154e-05
internal_weight=11496 6300 6237 63 6199 6179 6135 530 491 5605 588 544 424 45 379 214 95 119 272 191 5196 5160 5129 132 49 107 147 40 67 5017
internal_count=11496 6300 6237 63 6199 6179 6135 530 491 5605 588 544 424 45 379 214 95 119 272 191 5196 5160 5129 132 49 107 147 40 67 5017
is_linear=0
shrinkage=0.05


Tree=84
num_leaves=31
num_cat=0
split_feature=1 5 3 2 2 5 3 4 4 5 1 0 2 5 4 1 0 3 5 2 2 0 1 4 2 3 3 4 3 1
split_gain=0.0241353 0.0247507 0.0270894 0.0186973 0.0209678 0.0273192 0.0416564 0.0223329 0.0177323 0.0278212 0.0241009 0.0166723 0.0153206 0.0276937 0.0232908 0.0219773 0.0193782 0.0192244 0.0152579 0.0223215 0.0347641 0.0195968 0.0180148 0.0368906 0.0221178 0.0173868 0.014429 0.0286126 0.0262027 0.0243474
threshold=10.13175115430335 1.3019098316617019 0.24340485538070425 4.6602968275729708 16.791219443569201 0.75914155551963891 0.14241286602528794 1.3359871338206954 1.6738073841418732 1.1052691296026407 11.175046217995313 0.74315799767088497 19.609862751706203 0.77492952417856376 1.1357271434253546 6.1102159801713745 0.66061952786582157 0.11217528131678541 0.61612453979571857 47.404755235365151 33.872996123039322 0.7091878911336581 27.538023022653359 2.4531815844234073 45.983328748793419 0.092968748935527909 0.23223572776312887 1.2160967458351424 0.26237910899735317 1.8232826986013808
decision_type=2 2 2 2 2 2 2 2 2 2 2 2 2 2 2 2 2 2 2 2 2 2 2 2 2 2 2 2 2 2
left_child=12 3 -3 -2 5 -5 -7 -6 10 -10 -8 -4 14 17 -1 -15 -16 -14 19 20 21 -9 25 -24 -25 -20 29 -28 -29 -18
right_child=1 2 11 4 7 6 8 18 9 -11 -12 -13 13 15 16 -17 26 -19 22 -21 -22 -23 23 24 -26 -27 27 28 -30 -31
leaf_value=5.5355296299990763e-05 -0.0015473240637220442 -0.0011682580304126131 -0.00057560281166644243 0.001336739371366672 -0.0017271576761479744 -0.001975057553499937 0.0013253642432391644 -0.00022882105494235561 0.002495950560551137 0.0003234708182779806 -0.0006830780892445454 0.00088432860264385299 5.5078636937797715e-05 0.0014887111102738842 0.001288060909744514 0.00040089636364037208 0.00032019098373078415 -0.0012704664046274655 -0.0014340272637782619 -0.00078936669112105546 0.0025189269011289899 0.0015988461370579901 -0.0025395024805523764 0.0011353468277957291 -0.00097185976690415178 -0.0001033728845009939 -0.001899441620480502 -0.00079513259455871524 0.00019237429109125517 -0.00021102746196200752
leaf_weight=7087 22 118 48 55 22 22 20 55 20 56 59 33 310 55 23 298 271 30 25 30 22 20 24 20 33 1360 32 139 130 1057
leaf_count=7087 22 118 48 55 22 22 20 55 20 56 59 33 310 55 23 298 271 30 25 30 22 20 24 20 33 1360 32 139 130 1057
internal_value=-3.36024e-13 -0.000154871 -0.000684927 -9.83128e-05 -8.10158e-05 0.000363399 6.0948e-05 -0.000145016 0.000349929 0.000895176 -0.000174612 1.91841e-05 3.38904e-05 0.000260183 1.59454e-05 0.000570386 -0.000153121 -6.18812e-05 -0.000123111 0.000402576 0.000771218 0.000258557 -0.000168776 -0.000913149 -0.000176687 -0.000127392 -0.000173469 -0.000486036 -0.000317899 -0.000102624
internal_weight=11496 2064 199 1865 1843 232 177 1611 155 76 79 81 9432 693 8739 353 1652 340 1589 127 97 75 1462 77 53 1385 1629 301 269 1328
internal_count=11496 2064 199 1865 1843 232 177 1611 155 76 79 81 9432 693 8739 353 1652 340 1589 127 97 75 1462 77 53 1385 1629 301 269 1328
is_linear=0
shrinkage=0.05


Tree=85
num_leaves=31
num_cat=0
split_feature=3 5 6 4 1 3 4 1 5 1 4 5 0 0 1 5 3 6 6 3 6 5 1 6 0 2 0 2 1 0
split_gain=0.0226623 0.0348719 0.0332962 0.0318245 0.081747 0.037769 0.0286083 0.0277689 0.0251269 0.0248052 0.0558945 0.0378861 0.0469188 0.0424365 0.0289265 0.037289 0.0351904 0.0247306 0.0241734 0.0212012 0.0206937 0.0180012 0.0463311 0.0502106 0.0463107 0.033448 0.0281169 0.0292393 0.0270645 0.0262197
threshold=0.13587903221614248 1.0168023613842128 -14.884846775426412 0.45884624049025874 -5.3436807981752592 0.10684714467256132 0.3475257122736598 29.24857398931643 1.3441135311835699 -9.4489792947946984 0.43567730272873806 1.3125015958360937 0.78909208364472405 0.85004220758832649 -5.7931638154499971 0.68869783372435867 0.15420827790992855 -5.9917388170847294 44.590586333132194 0.059980107793122628 42.01367201014893 1.020275679730964 1.2672205387892046 2.4744544179856152 0.76989683932661535 3.3906181577272592 0.78476499893267271 8.469133534952288 8.1019574958003169 0.70685463754344735
decision_type=2 2 2 2 2 2 2 2 2 2 2 2 2 2 2 2 2 2 2 2 2 2 2 2 2 2 2 2 2 2
left_child=1 19 -2 5 -5 -3 -7 9 -6 11 14 13 -13 -4 16 -16 -11 -17 -9 -1 21 22 26 24 -24 28 27 -12 -25 -27
right_child=2 3 7 4 8 6 -8 18 -10 10 20 12 -14 -15 15 17 -18 -19 -20 -21 -22 -23 23 25 -26 29 -28 -29 -30 -31
leaf_value=-4.3948305737663898e-05 0.00076723550705067067 -0.000138601371667014 -0.0013781688960066447 0.0017100833188107409 -0.00023255915824054292 -0.0010538526364446928 -0.0034600489298533092 -0.0023092769645154478 -0.001747604387266369 0.00095156544488609631 -0.0011058385643242647 0.002054855377914814 -0.00046967951615991459 0.00079327535522342833 0.0005074880120043314 0.0030459310709764916 -0.0010850958295729166 0.0010111895957379603 -0.00041731271256384601 0.00017884139078170312 0.00078601883935996086 -3.4137256933771834e-05 0.00026488634919385529 -0.00042337513564584349 0.0032194079653847783 0.00017709510777055257 0.00030319544899352229 0.00028343095830430027 -0.002869888260611333 -0.00029602646662814494
leaf_weight=1511 116 53 135 55 486 30 21 25 29 38 272 26 63 27 167 28 48 32 52 3641 66 3135 36 26 21 476 56 44 20 761
leaf_count=1511 116 53 135 55 486 30 21 25 29 38 272 26 63 27 167 28 48 32 52 3641 66 3135 36 26 21 476 56 44 20 761
internal_value=5.82925e-13 6.92557e-05 -7.11611e-05 -0.00026895 -0.000122192 -0.00107329 -0.00204464 -8.86717e-05 -0.000317872 -7.54155e-05 -5.20958e-05 -0.000560948 0.000267825 -0.00101626 0.000595749 0.000891606 -0.000185176 0.00196074 -0.00103159 0.000113501 -9.33691e-05 -0.000105343 -0.000235735 -9.86872e-05 0.00135339 -0.000163199 -0.000729404 -0.000912396 -0.00148708 -0.000113968
internal_weight=11496 5826 5670 674 570 104 51 5554 515 5477 5226 251 89 162 313 227 86 60 77 5152 4913 4847 1712 1340 57 1283 372 316 46 1237
internal_count=11496 5826 5670 674 570 104 51 5554 515 5477 5226 251 89 162 313 227 86 60 77 5152 4913 4847 1712 1340 57 1283 372 316 46 1237
is_linear=0
shrinkage=0.05


Tree=86
num_leaves=31
num_cat=0
split_feature=1 6 5 0 0 6 4 2 1 5 4 4 6 0 4 0 5 2 2 1 2 2 1 2 5 0 0 5 6 4
split_gain=0.0211936 0.0322522 0.028102 0.0250665 0.0430601 0.0184409 0.0324829 0.0287759 0.0226601 0.015031 0.0180599 0.0146472 0.0142907 0.0135782 0.0178831 0.0218879 0.0225905 0.0153066 0.0131562 0.0130573 0.0116059 0.011432 0.0111286 0.0135779 0.0131697 0.0110928 0.0161429 0.00991811 0.00949548 0.0132331
threshold=18.129357768820558 36.660612827665794 1.2047488504015968 0.68550861728276935 0.66863719225871232 29.082027869420475 2.4011669387515977 23.583513377571464 16.628345199773779 0.63727805436289919 1.8155794690418863 -0.1011354941912317 -14.884846775426412 0.731361885627141 1.9438250709541685 0.69464089761126113 0.81091679273342965 23.84683517010825 -4.0778821232618814 14.46314875195335 30.67651861095278 47.404755235365151 25.151941537787049 30.101595167583678 0.48876456622142156 0.72848023935320183 0.74793746077742784 1.030603470340292 42.01367201014893 2.7428302847010717
decision_type=2 2 2 2 2 2 2 2 2 2 2 2 2 2 2 2 2 2 2 2 2 2 2 2 2 2 2 2 2 2
left_child=5 9 3 4 -3 6 8 -7 11 -2 -11 12 -1 14 -12 16 -16 -17 -13 -9 -18 -20 25 24 -24 27 -27 -5 -25 -30
right_child=1 2 -4 22 -6 7 -8 19 -10 10 13 18 -14 -15 15 17 20 -19 21 -21 -22 -23 23 28 -26 26 -28 -29 29 -31
leaf_value=0.0012122888705926016 -0.0018603021035059578 -0.00029227210470708089 -0.0017496401211246849 0.00028194148244665485 0.0022285115226016688 0.0019162125761310262 -0.001104946382693015 0.0013848358299583198 -0.00083828805851320705 0.00051939289384108636 -0.0022280677975643252 -0.0010917190293016407 0.00021795779612537273 -0.00019447631246632312 0.0013025409744485566 -0.0023505032062530518 0.00022775184003297579 -0.00084677281580463216 1.011221059363202e-05 8.4684602732039237e-05 -0.0013468743208795786 0.00086785344860683649 -0.00048741666018031537 -0.0012009443840394274 0.0013053568667687832 0.0017830710522830488 -1.3754990883171559e-05 -0.00077152330805772861 -0.0010183557781731777 0.00048121366529695449
leaf_weight=40 21 32 20 80 36 30 65 22 77 40 21 27 374 129 23 20 22 110 9860 158 25 39 20 44 21 25 25 31 28 31
leaf_count=40 21 32 20 80 36 30 65 22 77 40 21 27 374 129 23 20 22 110 9860 158 25 39 20 44 21 25 25 31 28 31
internal_value=1.92639e-13 -0.000247571 7.62803e-05 0.000174185 0.00104226 1.86165e-05 9.32211e-06 0.000482538 1.62749e-05 -0.00055724 -0.000487075 2.26387e-05 0.000314028 -0.000602099 -0.000840033 -0.00069429 1.85304e-05 -0.00107812 1.04852e-05 0.000243592 -0.000609815 1.34915e-05 -1.93532e-05 -0.000338706 0.000430833 0.000266279 0.000884658 -1.22694e-05 -0.000645028 -0.000230446
internal_weight=11496 804 393 373 68 10692 10482 210 10417 411 390 10340 414 350 221 200 70 130 9926 180 47 9899 305 144 41 161 50 111 103 59
internal_count=11496 804 393 373 68 10692 10482 210 10417 411 390 10340 414 350 221 200 70 130 9926 180 47 9899 305 144 41 161 50 111 103 59
is_linear=0
shrinkage=0.05


Tree=87
num_leaves=31
num_cat=0
split_feature=3 0 1 6 1 3 5 5 0 4 3 1 0 6 1 3 4 5 1 0 5 4 5 0 3 3 5 0 4 3
split_gain=0.0206353 0.0216991 0.0307508 0.0253161 0.0253018 0.0490146 0.0203567 0.0429082 0.0412402 0.0347787 0.0219744 0.0187924 0.024928 0.0247336 0.0238796 0.0264398 0.0196663 0.017834 0.0257924 0.0356122 0.0363901 0.0286735 0.0571272 0.0202942 0.0179977 0.0283103 0.0175915 0.016592 0.0163475 0.0157296
threshold=0.18464230881975094 0.72027125541482673 4.4216294638092855 27.338640823540601 12.51169733272082 0.23851863684096888 1.3623951081403589 1.1194458603399535 0.71087792635696478 1.8821563074449519 0.24340485538070425 18.129357768820558 0.70105325329967083 38.140547968162473 21.14152512614417 0.25317609236450539 2.11344804665455 1.6629987002552635 -6.6036533644670872 0.76989683932661535 1.3371625741699638 0.77049223523160648 0.68869783372435867 0.81045475963353419 0.21847320376086932 0.23694124700930544 1.0543422770633879 0.67466875616733146 1.8705579079865207 0.28989110632391846
decision_type=2 2 2 2 2 2 2 2 2 2 2 2 2 2 2 2 2 2 2 2 2 2 2 2 2 2 2 2 2 2
left_child=-1 2 6 4 27 26 7 -2 10 -10 -8 16 13 14 -13 -16 -5 18 19 -3 23 22 -20 -21 -19 -26 -6 -4 -28 -27
right_child=1 17 3 11 5 -7 8 -9 9 -11 -12 12 -14 -15 15 -17 -18 24 21 20 -22 -23 -24 -25 25 29 28 -29 -30 -31
leaf_value=3.7922285373439052e-05 -0.00011074983135417657 -0.0023771354579366745 -0.00087117625163435667 0.002084734714166685 0.00061926962636575547 -0.0024054462969219552 0.00011866137695809205 0.0025260521111906404 0.0028861607977887617 0.00019440181301130603 -0.0019901753254955457 0.00079801233618387161 -0.00047234231279928533 0.0010579849646364891 4.216368037496547e-05 -0.0021359033906430177 0.00043645530035171445 -0.0011944655240291643 -0.00091120836486180239 0.00101316885404044 -0.0014328164761290112 -0.00026476692369009738 0.0022022358289070648 -0.00068577244728658122 0.0019545958173694091 -0.00041026259325905825 -0.0019064383948543331 8.0998572279349912e-05 3.7950774033864344e-06 0.00054907253451498648
leaf_weight=8706 27 32 56 22 34 39 30 36 20 30 21 42 149 80 38 22 102 21 26 39 59 1307 34 32 24 77 21 250 24 96
leaf_count=8706 27 32 56 22 34 39 30 36 20 30 21 42 149 80 38 22 102 21 26 39 59 1307 34 32 24 77 21 250 24 96
internal_value=5.49381e-13 -0.000118334 6.21311e-05 -5.5138e-05 -0.000333108 -0.000955096 0.000690665 0.00139599 0.000250707 0.00127111 -0.000749683 0.000203893 7.21648e-06 0.000399822 -0.000116384 -0.000756461 0.000728892 -0.000226076 -0.000286397 -0.000882936 -0.000515133 -0.000215703 0.000853077 0.000247449 0.000197006 0.000345335 -0.000239101 -9.32556e-05 -0.000887647 0.000122085
internal_weight=11496 2790 1043 879 424 118 164 63 101 50 51 455 331 182 102 60 124 1747 1529 162 130 1367 60 71 218 197 79 306 45 173
internal_count=11496 2790 1043 879 424 118 164 63 101 50 51 455 331 182 102 60 124 1747 1529 162 130 1367 60 71 218 197 79 306 45 173
is_linear=0
shrinkage=0.05


Tree=88
num_leaves=31
num_cat=0
split_feature=6 3 6 1 1 3 0 3 1 5 3 5 1 5 4 3 5 0 6 1 6 3 0 4 4 3 1 5 6 0
split_gain=0.0195523 0.0154253 0.0195943 0.0148316 0.0299208 0.0326533 0.0167869 0.0269292 0.0142843 0.0225899 0.0142307 0.0334472 0.0234158 0.0233475 0.0454184 0.0136563 0.0475923 0.0238976 0.0304409 0.0195475 0.0263678 0.0210502 0.0324845 0.0232523 0.0529268 0.0327093 0.0463103 0.0479879 0.0504642 0.026349
threshold=-2.7133982069921228 0.15572306739835609 -2.1841607184888483 -3.3739585404041756 -2.804405432755019 0.1414163964131481 0.81045475963353419 0.27014750437153429 29.24857398931643 0.44949177700076048 0.15051410854130409 0.66175281075448833 -2.254265292242668 1.3371625741699638 0.2496988788751236 0.2213617118221072 0.99844983425337819 0.76668548742462972 -7.8549736906828853 -13.376818390780587 -14.884846775426412 0.11696682187119188 0.80350803626494793 0.49765504579684766 0.39338913488782162 0.17430112637269121 -8.1996123875221691 1.4859735060234163 -4.9358023965360251 0.75274815390426741
decision_type=2 2 2 2 2 2 2 2 2 2 2 2 2 2 2 2 2 2 2 2 2 2 2 2 2 2 2 2 2 2
left_child=3 -2 -3 6 5 -5 15 -8 9 -4 11 -6 -13 14 -12 19 -17 18 -18 -1 -21 -22 23 24 -23 26 -25 28 -28 -27
right_child=1 2 8 4 10 -7 7 -9 -10 -11 13 12 -14 -15 -16 16 17 -19 -20 20 21 22 -24 25 -26 29 27 -29 -30 -31
leaf_value=-0.00089919531042231067 1.8655458374046842e-05 -0.00083202127406888831 0.0012804683416349388 0.00050083425632428235 0.0003294375008977113 0.0021714260377801767 -0.00013586301478892162 -0.0016776037853090996 -0.00079239879550224127 -9.7687587076211838e-05 0.00029056152750399632 0.00048795400833670201 -0.00098115333751510746 -0.0005034749376188432 0.002735877043947026 -0.0012154946426844932 0.0029967366053757294 0.00032206869867945056 0.00062245724472665678 0.00092867779170369949 0.00017132594867850387 -0.00028172910466067871 0.0016341141580293577 0.0014357612334581949 -0.0021234588883817197 0.00020406305096306221 0.0017204061038662785 -0.0015239169236294749 -0.00058757425448857257 -0.0013923834725314268
leaf_weight=51 4643 94 30 117 256 39 328 31 73 3358 64 36 110 35 27 29 27 54 27 90 1300 293 24 74 45 48 45 42 50 56
leaf_count=51 4643 94 30 117 256 39 328 31 73 3358 64 36 110 35 27 29 27 54 27 90 1300 293 24 74 45 48 45 42 50 56
internal_value=-5.77589e-13 -4.13587e-05 -0.00011974 0.000102807 0.00031009 0.000918482 4.85681e-05 -0.000268994 -0.000100395 -8.54843e-05 0.000130338 -1.49864e-05 -0.000618908 0.000593992 0.00101609 9.91245e-05 0.000582924 0.00106583 0.0018096 6.78306e-05 9.16904e-05 5.35878e-05 -0.000172497 -0.000238896 -0.00052693 7.0168e-05 0.000427874 -0.000116532 0.00050568 -0.000655562
internal_weight=11496 8198 3555 3298 684 156 2614 359 3461 3388 528 402 146 126 91 2255 137 108 54 2118 2067 1977 677 653 338 315 211 137 95 104
internal_count=11496 8198 3555 3298 684 156 2614 359 3461 3388 528 402 146 126 91 2255 137 108 54 2118 2067 1977 677 653 338 315 211 137 95 104
is_linear=0
shrinkage=0.05


Tree=89
num_leaves=31
num_cat=0
split_feature=6 2 2 5 0 4 4 0 0 2 5 4 6 5 6 2 6 6 5 0 3 5 0 3 2 0 0 5 2 5
split_gain=0.0177702 0.0415637 0.0337047 0.0288289 0.0169097 0.0141053 0.0240248 0.0142863 0.0172194 0.0135938 0.0228377 0.0405818 0.0203663 0.035095 0.0162539 0.016466 0.0145174 0.0123098 0.0390395 0.0378934 0.0221959 0.0164987 0.0153082 0.0151114 0.0126129 0.0548565 0.0242527 0.0207382 0.0200885 0.0337141
threshold=0.93874316179933248 0.67005934370052145 1.3161993054624397 0.88675428871836559 0.85327293420382011 1.4224562715186628 1.1184401504530173 0.77545911891298169 0.8190973292106557 4.2719694927344607 0.53963351160047135 0.67117831059377719 6.5446781454562686 1.3371625741699638 4.5760053366667854 2.4994988971274581 2.3085509642657542 5.1615356073179095 0.78302739188251602 0.76475045991332535 0.11577778718823031 1.0009335992826436 0.82476192633230194 0.10878037150417992 7.6037687969789252 0.75319969170987844 0.71389837314934979 1.7323697310421966 5.3625774118064777 0.95368354306514758
decision_type=2 2 2 2 2 2 2 2 2 2 2 2 2 2 2 2 2 2 2 2 2 2 2 2 2 2 2 2 2 2
left_child=5 3 -3 -2 9 6 -1 -8 -9 10 -4 16 14 -14 15 -13 -12 18 20 23 -11 -21 24 -20 25 26 -19 -26 -28 -30
right_child=1 2 4 -5 -6 -7 7 8 -10 17 11 12 13 -15 -16 -17 -18 22 19 21 -22 -23 -24 -25 27 -27 28 -29 29 -31
leaf_value=7.8196302127833556e-05 -0.0005232383598558955 0.001441006824423216 -0.0014640382839458583 -0.0027448121827784114 0.0013988651301770007 0.00113181272791999 -0.00023472308764919741 -0.0024539649393409491 -0.00040400170588067598 -9.6058718492867735e-05 0.0013230906112277389 0.00024857099968557286 0.0018501364812254905 -0.00095991096146462961 -0.001519510366425321 -0.00060162969301537882 -0.00014309059642255307 0.00092380284692326854 0.00082595345070174148 0.00068479212866702553 -0.0012868657015090766 0.0017047972316769037 -0.00083690920122307948 -6.3005044327891317e-05 -1.9566127627977833e-05 -0.00099722211139224881 0.00072178224238866407 -0.001525233655601092 -0.0018971955217421056 -9.9126122255421172e-05
leaf_weight=5052 40 38 39 23 20 31 72 20 21 435 52 73 25 20 37 259 25 68 58 142 43 55 64 272 4024 180 56 23 30 199
leaf_count=5052 40 38 39 23 20 31 72 20 21 435 52 73 25 20 37 259 25 68 58 142 43 55 64 272 4024 180 56 23 30 199
internal_value=3.34444e-13 -5.64556e-05 -4.35482e-05 -0.00133429 -5.26486e-05 6.84508e-05 6.20686e-05 -0.000658968 -0.00140398 -5.73468e-05 -0.000299466 -0.000206965 -0.000403003 0.000601227 -0.00052547 -0.000414688 0.000847058 -3.46307e-05 0.000124031 0.00042082 -0.000203182 0.000969565 -6.89665e-05 9.32361e-05 -5.82354e-05 -0.000286873 7.5344e-05 -2.81232e-05 -0.000127095 -0.000334681
internal_weight=11496 6300 6237 63 6199 5196 5165 113 41 6179 530 491 414 45 369 332 77 5649 1005 527 478 197 4644 330 4580 533 353 4047 285 229
internal_count=11496 6300 6237 63 6199 5196 5165 113 41 6179 530 491 414 45 369 332 77 5649 1005 527 478 197 4644 330 4580 533 353 4047 285 229
is_linear=0
shrinkage=0.05


Tree=90
num_leaves=31
num_cat=0
split_feature=1 5 3 6 4 0 3 6 5 5 0 0 1 0 4 0 1 5 6 0 1 0 5 5 4 0 4 1 0 5
split_gain=0.0170323 0.0197335 0.0259099 0.0230679 0.0181347 0.014364 0.0185209 0.0457334 0.0273311 0.0137633 0.0237862 0.0200286 0.0168316 0.0132665 0.0140312 0.0215294 0.0177383 0.0117335 0.0113657 0.0251759 0.0216886 0.0177872 0.0186584 0.0264155 0.0175077 0.0156284 0.0233141 0.0195367 0.0184773 0.0173176
threshold=10.13175115430335 1.3019098316617019 0.24340485538070425 25.269856758442369 2.4531815844234073 0.7484084752932213 0.27315599561754372 33.019895120239461 0.71504573822540662 0.99844983425337819 0.75274815390426741 0.78778955849787813 14.46314875195335 0.66061952786582157 2.1949316279410893 0.63967138443054894 23.130802125662644 1.3980347563726145 -11.832597164209599 0.71200796883542539 -8.7876883559467913 0.72536738504694809 1.1463448927070827 1.3545594759052471 0.28172998214585854 0.870498890507173 0.80901782888188556 -9.9889946680254003 0.78778955849787813 0.84185797759705061
decision_type=2 2 2 2 2 2 2 2 2 2 2 2 2 2 2 2 2 2 2 2 2 2 2 2 2 2 2 2 2 2
left_child=18 5 17 -4 -5 13 8 -8 -7 10 -10 12 -12 14 15 -2 -16 -3 19 -1 25 24 -23 -24 -21 26 27 29 -28 -20
right_child=1 2 3 4 -6 6 7 -9 9 -11 11 -13 -14 -15 16 -17 -18 -19 20 21 -22 22 23 -25 -26 -27 28 -29 -30 -31
leaf_value=-0.00038768578956008027 0.00021663650773656891 -0.00069855973116743071 -0.0010756704299378075 0.0016773211387917401 -0.00017541643839129914 0.0011407234714544542 -0.0029496088327670643 5.1741220522671939e-05 -0.0023100161258480514 -6.6273021113629326e-05 0.00055558206164278093 -0.0018717270034054917 -0.00070639115215271892 4.2344327355631981e-05 0.0013113788070040757 -0.0015089462511241438 -0.00074605041352862665 -0.001734561113707334 -0.00073569080645770389 0.00063579881820699264 3.0284117415859472e-05 0.000627739807292956 -0.0015574383558015581 0.00018635632179277376 0.0022415242235486704 0.00046967418114137323 0.0012268452505223054 -0.00034299487174101976 -0.00046903604864686105 -0.0020986606874474805
leaf_weight=116 28 75 28 25 28 34 22 30 20 193 45 21 64 1315 20 51 22 43 54 58 8612 170 27 111 24 45 29 109 36 41
leaf_count=116 28 75 28 25 28 34 22 30 20 193 45 21 64 1315 20 51 22 43 54 58 8612 170 27 111 24 45 29 109 36 41
internal_value=8.46567e-13 -0.000130101 -0.000603395 8.52172e-05 0.000698516 -7.95994e-05 -0.000333472 -0.00121806 -0.00021146 -0.000345496 -0.000704763 -0.000457801 -0.000185393 -3.7557e-06 -0.00050476 -0.000897347 0.000233678 -0.00107609 2.84699e-05 0.000258996 1.54018e-05 0.000451342 0.000277112 -0.000154821 0.00110577 -0.000392772 -0.000537047 -0.000799798 0.000287588 -0.00132392
internal_weight=11496 2064 199 81 53 1865 429 52 377 343 150 130 109 1436 121 79 42 118 9432 506 8926 390 308 138 82 314 269 204 65 95
internal_count=11496 2064 199 81 53 1865 429 52 377 343 150 130 109 1436 121 79 42 118 9432 506 8926 390 308 138 82 314 269 204 65 95
is_linear=0
shrinkage=0.05


Tree=91
num_leaves=31
num_cat=0
split_feature=1 0 0 2 3 5 4 4 2 3 5 5 2 5 2 5 3 5 0 5 4 0 3 4 0 5 3 5 3 2
split_gain=0.0160125 0.0156327 0.025846 0.023565 0.0234934 0.024569 0.013526 0.0119148 0.0120617 0.00991264 0.0154992 0.0123267 0.0127483 0.028296 0.0228648 0.0146949 0.0115486 0.00985401 0.0118069 0.00937336 0.00924172 0.0091483 0.022161 0.0189742 0.0146746 0.0285039 0.0346285 0.0199332 0.0390187 0.0280189
threshold=18.129357768820558 0.68454904605622358 0.64493865576939935 22.78232941286706 0.1917452523148018 0.85532595621827101 2.4531815844234073 -0.1011354941912317 -4.0778821232618814 0.30133967984551241 1.3125015958360937 0.49458407079828376 29.542168905606744 0.98279407008098885 32.553190804964508 0.72661125454634967 0.15896992219762571 0.45738867038362868 0.77112189758342009 0.39978595509242076 2.424019320934367 0.67124621226604397 0.25655817950047627 -0.0098462046016348798 0.72743068703130087 1.7548308607764493 0.20577646134321195 1.7323697310421966 0.30133967984551241 1.3161993054624397
decision_type=2 2 2 2 2 2 2 2 2 2 2 2 2 2 2 2 2 2 2 2 2 2 2 2 2 2 2 2 2 2
left_child=7 2 -2 -4 -5 -6 -7 17 -9 10 11 -3 13 15 -14 -13 -16 19 -19 -1 -11 22 23 -10 25 -23 -27 28 -26 -29
right_child=1 9 3 4 5 6 -8 8 21 20 -12 12 14 -15 16 -17 -18 18 -20 -21 -22 24 -24 -25 27 26 -28 29 -30 -31
leaf_value=0.00024050828718267999 -0.0013238353890419998 -0.0011989645012746271 -0.0010536989596273219 -0.00027321843946402944 0.0021464878552554484 -0.00053661313606426122 0.0013022696063853803 -0.0010498229760236833 -0.0013066968529528824 -0.00071714708768596484 -0.0013665189094937001 0.00011817821650765837 -0.001881378819719733 -0.00079751101729925728 -0.0013979666421867231 0.0018042289111430626 -0.00021591129397379789 0.0011576495261397212 0.00013350116788164739 -0.00057292558521134559 0.0004381001628943133 0.00013024602512957872 -0.0017779793590307236 -5.3357461421516898e-05 -2.7219238177465094e-05 -0.0026132896298631317 -4.5039011137565208e-05 0.00012758535686535415 -0.0015937614109134302 0.001545061213410202
leaf_weight=260 23 38 21 37 39 20 20 27 32 23 39 24 24 36 22 28 340 60 53 41 70 3044 21 536 6340 21 35 135 40 47
leaf_count=260 23 38 21 37 39 20 20 27 32 23 39 24 24 36 22 28 340 60 53 41 70 3044 21 536 6340 21 35 135 40 47
internal_value=-5.36246e-13 -0.000215193 0.000227132 0.000487514 0.000766526 0.0012535 0.000382828 1.61817e-05 5.58846e-06 -0.000325087 -0.000405678 -0.000332489 -0.000263025 0.000280049 -0.000386835 0.00102605 -0.000287749 0.000279171 0.000677297 0.000129708 0.000152394 8.3683e-06 -0.00018294 -0.000123968 2.00305e-05 0.000109682 -0.00100813 -2.23222e-05 -3.70408e-05 0.000493637
internal_weight=11496 804 160 137 116 79 40 10692 10278 644 551 512 474 88 386 52 362 414 113 301 93 10251 589 568 9662 3100 56 6562 6380 182
internal_count=11496 804 160 137 116 79 40 10692 10278 644 551 512 474 88 386 52 362 414 113 301 93 10251 589 568 9662 3100 56 6562 6380 182
is_linear=0
shrinkage=0.05


Tree=92
num_leaves=31
num_cat=0
split_feature=6 2 0 6 5 4 3 5 5 5 5 0 3 4 6 3 0 0 0 2 6 4 4 5 6 5 0 0 3 3
split_gain=0.0156352 0.0140467 0.014942 0.0168584 0.0308386 0.0218075 0.0151791 0.0340267 0.0562392 0.032614 0.0322059 0.0310094 0.0281179 0.0355684 0.0285034 0.026612 0.024937 0.0240237 0.0206506 0.0159168 0.0415069 0.0255983 0.0244841 0.0266873 0.0344672 0.0229576 0.0216417 0.0226687 0.0198988 0.016963
threshold=-2.7133982069921228 -0.20254539745381719 0.83763175723790917 -8.3185803314207067 1.1609936897169277 0.2235026677099701 0.16278826479747782 1.3297268339089929 0.99844983425337819 1.1827721667657951 1.5285439717681457 0.81527461224674902 0.21449912322762435 0.53031015663576497 -9.7424488883305695 0.18803065479776199 0.75582493119025196 0.75274815390426741 0.72966944920474319 -2.3353811488856815 -8.7933464124944027 0.21169493570283957 0.49765504579684766 1.0235156407612183 -8.1904604671296166 0.97314719565001795 0.77595654532627212 0.77876188123591994 0.073167915336882647 0.12422530518211888
decision_type=2 2 2 2 2 2 2 2 2 2 2 2 2 2 2 2 2 2 2 2 2 2 2 2 2 2 2 2 2 2
left_child=1 2 6 4 -4 -5 10 8 16 -10 19 12 13 -9 -15 -11 -8 18 -14 22 -21 28 23 25 -25 26 29 -28 -22 -1
right_child=-2 -3 3 5 -6 -7 7 11 9 15 -12 -13 17 14 -16 -17 -18 -19 -20 20 21 -23 -24 24 -26 -27 27 -29 -30 -31
leaf_value=0.00015485198877890992 -3.6984551604460564e-05 -0.00034397815425160974 0.00050046261344307468 -0.0014194146254221385 -0.0017869868216377389 0.00024988422486757798 -0.00059080925649123307 0.0015163512159646914 0.0035108834689405437 7.6162722628699467e-05 -0.0016247974639689482 -0.0013575467899707811 0.00076119620803486528 -0.0017675460137140293 -6.7341179769823273e-05 0.0024307697429321708 0.00075894833353931277 0.00022924889863529447 0.0028353713382966821 -0.0015388268062711827 -0.00015531472850727432 0.00023410306526651457 0.0011279911866877229 -0.00031698689696697883 -0.0024770822079682895 0.0010488025650071601 -0.0019097642212727807 -0.00026514108703739827 0.0013128989273620425 -0.00045920961143095955
leaf_weight=1209 8198 175 23 23 41 131 51 22 24 24 27 35 30 39 67 24 104 92 20 28 29 410 50 115 22 57 24 165 113 124
leaf_count=1209 8198 175 23 23 41 131 51 22 24 24 27 35 30 39 67 24 104 92 20 28 29 410 50 115 22 57 24 165 113 124
internal_value=2.40645e-13 9.19343e-05 0.000116361 -0.000282879 -0.000964935 5.73358e-07 0.000146321 0.000387708 0.00085122 0.00200594 9.2205e-05 4.27333e-05 0.000224251 -0.000313175 -0.000692888 0.00125347 0.000314835 0.000708692 0.00159087 0.000111966 0.000339222 0.000434485 3.73292e-05 5.55005e-06 -0.000663864 6.36309e-05 2.67355e-05 -0.000473982 0.00101305 9.773e-05
internal_weight=11496 3298 3123 218 64 154 2905 532 227 72 2373 305 270 128 106 48 155 142 50 2346 580 552 1766 1716 137 1579 1522 189 142 1333
internal_count=11496 3298 3123 218 64 154 2905 532 227 72 2373 305 270 128 106 48 155 142 50 2346 580 552 1766 1716 137 1579 1522 189 142 1333
is_linear=0
shrinkage=0.05


Tree=93
num_leaves=31
num_cat=0
split_feature=3 0 1 6 2 3 6 1 4 1 2 3 2 2 1 0 6 1 3 2 2 4 1 6 2 6 1 1 0 0
split_gain=0.0142134 0.0175545 0.0262705 0.0224981 0.0438996 0.0299817 0.029421 0.0192561 0.023225 0.0204222 0.0187796 0.0196445 0.0181747 0.0169834 0.0167641 0.0205168 0.0211467 0.0205864 0.02327 0.0203355 0.015361 0.0150355 0.0146443 0.0121452 0.013969 0.0119721 0.0465843 0.0202637 0.0148341 0.0267253
threshold=0.18464230881975094 0.72027125541482673 4.4216294638092855 27.338640823540601 16.22872091052319 0.21337805075661373 21.640404416810931 2.215235689324591 0.83541913209124097 -2.9165684154094147 21.732151812818234 0.23851863684096888 15.332408390091766 7.8366019541975023 18.129357768820558 0.70105325329967083 38.140547968162473 21.14152512614417 0.25317609236450539 23.583513377571464 33.872996123039322 -0.034407879252367289 13.193833089379805 14.771094276461225 13.341391285352039 -6.1443357337291742 -3.568583577482864 -7.7877523636353354 0.7717289596774376 0.72081573326128512
decision_type=2 2 2 2 2 2 2 2 2 2 2 2 2 2 2 2 2 2 2 2 2 2 2 2 2 2 2 2 2 2
left_child=25 2 7 4 6 -6 22 8 -2 -10 -7 -12 -8 -11 19 16 17 -16 -19 -5 -18 -3 23 -4 -25 26 -1 -27 29 -28
right_child=1 21 3 14 5 10 12 -9 9 13 11 -13 -14 -15 15 -17 20 18 -20 -21 -22 -23 -24 24 -26 27 28 -29 -30 -31
leaf_value=8.5120753562202911e-05 0.0015573199816799389 0.0011037532054946166 -0.00045934973105070105 0.0016590275587268959 -0.00023856232014568161 -0.00061349901538271679 0.0023038151363531751 0.0017672716947873274 -0.0010090324350378731 -3.9594826217659793e-05 -0.00090820135706703043 -0.0028425782473225679 0.00041078595131693874 0.0016494708453220399 0.0007420223339327744 -0.00042091610887550423 0.00044222335214726631 4.7935713940349068e-05 -0.0019954036360352555 0.0002701379065699659 0.0018733533642565211 -0.00021168241097989992 -0.0014135720726612601 0.0015426616644253956 5.5464363787905314e-05 0.0011233260561857607 0.00065472239983223736 -5.3412239998621077e-06 0.0006729190486652215 0.0031772530105497153
leaf_weight=1732 32 22 83 38 83 33 21 31 33 46 21 35 32 22 42 149 50 38 22 86 30 1725 21 20 75 40 21 6836 56 21
leaf_count=1732 32 22 83 38 83 33 21 31 33 46 21 35 32 22 42 149 50 38 22 86 30 1725 21 20 75 40 21 6836 56 21
internal_value=1.19777e-13 -9.82095e-05 6.41084e-05 -4.42816e-05 -0.000306324 -0.000922143 0.000113997 0.000645052 0.000383482 1.15735e-05 -0.00155964 -0.00211719 0.00116085 0.000506868 0.000199907 1.41477e-05 0.000370326 -0.000106984 -0.000701289 0.000695765 0.000978897 -0.000195117 -0.000164814 -1.74886e-05 0.000368559 3.14731e-05 0.000145128 1.22461e-06 0.00120566 0.00191599
internal_weight=11496 2790 1043 879 424 172 252 164 133 101 89 56 53 68 455 331 182 102 60 124 80 1747 199 178 95 8706 1830 6876 98 42
internal_count=11496 2790 1043 879 424 172 252 164 133 101 89 56 53 68 455 331 182 102 60 124 80 1747 199 178 95 8706 1830 6876 98 42
is_linear=0
shrinkage=0.05


Tree=94
num_leaves=31
num_cat=0
split_feature=5 0 0 5 5 3 1 2 0 2 2 3 0 3 2 0 6 2 5 1 1 0 0 3 1 0 3 6 1 3
split_gain=0.0137558 0.0286923 0.0283617 0.0301794 0.0312712 0.0285738 0.0247073 0.0291754 0.0284969 0.0257656 0.0467816 0.0546931 0.0395093 0.0306883 0.029798 0.0238405 0.0222274 0.0217707 0.0213442 0.0208268 0.0195384 0.0235742 0.036317 0.0168824 0.0167744 0.0311312 0.0431678 0.0207054 0.0264248 0.0327202
threshold=1.1609936897169277 0.83061924581470647 0.69304637767282073 1.4747593526478606 1.2095016237834659 0.1163966018592225 1.5294519192709191 6.5697647894316686 0.78476499893267271 13.929741355669607 13.341391285352039 0.27014750437153429 0.73771640830139529 0.15572306739835609 5.775361050462732 0.77876188123591994 -13.924238603290497 3.9681412510540732 1.3623951081403589 14.734974920872858 -9.242564536574541 0.74105357023364571 0.77112189758342009 0.1517766585097963 -9.7316769955321227 0.77930848673129838 0.11351297951215973 -6.1443357337291742 -3.568583577482864 0.17949676844036197
decision_type=2 2 2 2 2 2 2 2 2 2 2 2 2 2 2 2 2 2 2 2 2 2 2 2 2 2 2 2 2 2
left_child=16 2 3 4 -2 -4 7 8 20 10 11 12 14 15 -8 -14 23 -15 -3 -6 21 -7 -23 -1 25 26 -18 28 29 -26
right_child=1 18 5 -5 19 6 9 -9 -10 -11 -12 -13 13 17 -16 -17 24 -19 -20 -21 -22 22 -24 -25 27 -27 -28 -29 -30 -31
leaf_value=0.0004081319856687627 -0.0012124273733486637 -0.0014030934932032744 -0.00099452312660751113 -0.001603576553939742 0.00072608649858575268 0.0022217612806707623 -0.0011425152702619979 0.0014607172884156016 -0.00024229052672074792 5.9672063464572445e-05 -0.0025777866404193147 0.0016755475744503201 0.001246350877530252 -0.0026381024302771458 0.00055667401289254017 -0.00093899732483595686 0.00054892713729387673 -0.001037309566364174 -0.00033427194735324237 -0.0011005720274988562 0.00026194223668733741 -0.0010167821735629569 0.0016646512298653501 0.0019023881422375174 0.00010513455424167428 0.00035357197672283294 -0.0014095603276014163 -2.1798423571586693e-06 0.00096138634115858527 0.0017768478890260063
leaf_weight=89 52 65 69 56 71 30 34 47 265 771 24 32 24 26 107 26 39 116 166 20 423 23 28 24 1204 84 101 7342 108 30
leaf_count=89 52 65 69 56 71 30 34 47 265 771 24 32 24 26 107 26 39 116 166 20 423 23 28 24 1204 84 101 7342 108 30
internal_value=3.3644e-13 -0.000104419 -4.97978e-05 -0.000619627 -0.000234304 5.65262e-06 4.05778e-05 0.000251379 0.000177466 -0.00010771 -0.000439462 -0.00029886 -0.000488593 -0.000955313 0.00014694 0.00010997 2.86483e-05 -0.00133041 -0.000635023 0.000324623 0.000398172 0.00110959 0.000455377 0.000725496 1.98086e-05 -0.000407399 -0.000863982 3.08283e-05 0.000211414 0.000145776
internal_weight=11496 2475 2244 199 143 2045 1976 816 769 1160 389 365 333 192 141 50 9021 142 231 91 504 81 51 113 8908 224 140 8684 1342 1234
internal_count=11496 2475 2244 199 143 2045 1976 816 769 1160 389 365 333 192 141 50 9021 142 231 91 504 81 51 113 8908 224 140 8684 1342 1234
is_linear=0
shrinkage=0.05


Tree=95
num_leaves=31
num_cat=0
split_feature=1 6 5 0 0 6 2 5 2 3 5 3 2 1 1 1 5 3 0 3 2 6 5 2 6 5 3 2 1 5
split_gain=0.013429 0.0249736 0.0232718 0.0177554 0.0354461 0.0168618 0.0145458 0.0131886 0.0145019 0.0132994 0.0174356 0.0130745 0.0217439 0.0248904 0.0247451 0.020905 0.0186413 0.0333061 0.0271959 0.040679 0.0366247 0.0480633 0.0419696 0.0307044 0.0279247 0.0255511 0.0235684 0.0214603 0.0212343 0.0208588
threshold=18.129357768820558 36.660612827665794 1.2047488504015968 0.68550861728276935 0.66863719225871232 30.584114907601784 23.234804363787493 0.63727805436289919 17.130581116710903 0.16855241368231369 0.77113341922442957 0.2107150798414176 -1.9488887788371994 -9.9889946680254003 -6.6036533644670872 15.894123067278146 1.3867398117720777 0.26768244066807728 0.7330157743026573 0.24659523319887847 20.959846404419356 27.843536196773112 1.0414550756779846 12.351083495190283 21.640404416810931 1.1558303738457092 0.30133967984551241 2.8036297552730978 4.5102419689635811 1.4408232537173438
decision_type=2 2 2 2 2 2 2 2 2 2 2 2 2 2 2 2 2 2 2 2 2 2 2 2 2 2 2 2 2 2
left_child=5 7 3 4 -3 11 -7 -2 -9 -10 -11 15 13 -13 -14 -1 18 29 20 -20 24 22 -22 -21 -16 -26 28 -28 -19 -18
right_child=1 2 -4 -5 -6 6 -8 8 9 10 -12 12 14 -15 16 -17 17 26 19 23 21 -23 -24 -25 25 -27 27 -29 -30 -31
leaf_value=3.6146511883466708e-05 -0.0016901576226311073 -0.00030321514859679157 -0.0015737009118311108 1.4113764408514234e-05 0.0019838691714944112 0.0018011325609404594 0.00034963824880486797 0.00067189248912999855 -0.0012300482128361741 0.00075897579611797304 -0.00049118059355056408 2.1456549617213052e-05 -0.0010680732008915607 0.0014801430845847524 -4.3718771265647977e-05 -0.00068363519225671308 0.0006740677957423032 0.0022513587071837206 -0.00025726232035038041 -0.0005945861454906494 -0.0029118575801652287 0.00077603373281431929 -0.00044710541066403196 -0.0022968401782026584 0.0024776321957292765 0.00053459586160897743 -0.00046135283947755263 0.0015004966477863491 0.00036504457538831048 -0.00048769174917491482
leaf_weight=9154 21 32 20 305 36 20 126 29 52 31 278 102 79 41 179 102 50 37 245 54 31 33 39 52 23 64 46 20 25 170
leaf_count=9154 21 32 20 305 36 20 126 29 52 31 278 102 79 41 179 102 50 37 245 54 31 33 39 52 23 64 46 20 25 170
internal_value=1.66834e-13 -0.000197069 8.79061e-05 0.000177 0.000907594 1.48189e-05 0.000548473 -0.000469564 -0.00040384 -0.000490256 -0.00036576 7.43094e-06 -0.000141696 0.000439681 -0.000214178 2.82146e-05 -0.000151015 0.000149454 -0.000296242 -0.000611318 3.46459e-06 -0.000797044 -0.00153864 -0.00142965 0.000313436 0.00104827 0.000790735 0.000133147 0.00149075 -0.000223655
internal_weight=11496 804 393 373 68 10692 146 411 390 361 309 10546 1290 143 1147 9256 1068 348 720 351 369 103 70 106 266 87 128 66 62 220
internal_count=11496 804 393 373 68 10692 146 411 390 361 309 10546 1290 143 1147 9256 1068 348 720 351 369 103 70 106 266 87 128 66 62 220
is_linear=0
shrinkage=0.05


Tree=96
num_leaves=31
num_cat=0
split_feature=1 5 4 2 0 4 5 0 0 5 1 2 5 5 5 4 3 2 1 5 0 4 3 0 3 1 1 5 2 0
split_gain=0.012361 0.0159828 0.0182639 0.0253683 0.0108985 0.0188207 0.0107719 0.0274432 0.0243046 0.028689 0.0227942 0.020034 0.0232679 0.0199001 0.0187152 0.0183495 0.0170916 0.0210164 0.0403436 0.0219008 0.028888 0.0186489 0.0170532 0.0166133 0.0430698 0.0597332 0.0284117 0.0278453 0.0240846 0.0228922
threshold=23.742394834092266 1.2095016237834659 2.1639041385211319 40.72010390767803 0.68700197322809775 2.5395356087630785 1.1609936897169277 0.83061924581470647 0.7091878911336581 1.7548308607764493 -8.1996123875221691 -0.55712122913201834 1.2216008545722166 1.7548308607764493 1.3623951081403589 1.3563279707118736 0.12000241398041138 -2.1422070179231558 -8.636905888255523 1.2659162644672317 0.7263350362011366 0.64731121288010962 0.15984425864271765 0.78380708549233569 0.10200126935642487 7.3425319749073408 -11.563225137424297 0.96035429441834297 18.108242991403483 0.77698967280807218
decision_type=2 2 2 2 2 2 2 2 2 2 2 2 2 2 2 2 2 2 2 2 2 2 2 2 2 2 2 2 2 2
left_child=6 2 -2 4 -4 -6 23 8 9 10 -8 -12 22 16 -9 -11 -10 19 -19 -18 -21 -22 -13 26 27 -26 -1 -25 -27 -28
right_child=1 -3 3 -5 5 -7 7 14 13 15 11 12 -14 -15 -16 -17 17 18 -20 20 21 -23 -24 24 25 28 29 -29 -30 -31
leaf_value=-0.0010901108244039373 -0.0012899778536794818 -0.0014983429430195918 0.0015443581521553413 -0.00046798854407935147 -0.00018713988455394367 0.0015638694100614107 0.0008792590966913849 -0.0013220361770632178 -0.00076561589713223133 -0.00055812140428315618 -0.0014041523737389418 0.00038702383324562111 0.00010819357165103143 0.00056444600808650393 -0.00032120024633656275 -0.0026742862160539348 -0.00069667760814939232 -0.0020660887472331523 1.3484890463227193e-06 0.0024116616075237594 0.00080874519022556309 -0.00088447731919586662 -0.0012766977626163124 -4.3944333984129603e-05 0.00057487477862845746 -0.001844208164007536 3.1549394872224964e-05 -0.0019356905098538845 -0.00010372728979943889 -0.00039062737219137765
leaf_weight=59 34 26 22 149 57 21 40 65 71 20 42 20 173 168 166 21 28 24 1404 24 87 20 67 710 735 35 6805 20 46 337
leaf_count=59 34 26 22 149 57 21 40 65 71 20 42 20 173 168 166 21 28 24 1404 24 87 20 67 710 735 35 6805 20 46 337
internal_value=-2.14013e-13 -0.000311962 -0.000202966 -5.45387e-05 0.000561502 0.000284286 8.61681e-06 -8.42784e-05 -3.00533e-05 -0.000392186 -0.000242353 -0.000390911 -0.000227234 4.59034e-05 -0.000602821 -0.00164201 -6.63896e-06 2.73165e-05 -3.33984e-05 0.000572605 0.000843902 0.000492255 -0.000894233 3.45302e-05 0.000183247 0.000432861 2.60181e-06 -9.5773e-05 -0.000855787 1.16287e-05
internal_weight=11496 309 283 249 100 78 11187 2440 2209 383 342 302 260 1826 231 41 1658 1587 1428 159 131 107 87 8747 1546 816 7201 730 81 7142
internal_count=11496 309 283 249 100 78 11187 2440 2209 383 342 302 260 1826 231 41 1658 1587 1428 159 131 107 87 8747 1546 816 7201 730 81 7142
is_linear=0
shrinkage=0.05


Tree=97
num_leaves=31
num_cat=0
split_feature=4 3 3 6 2 3 5 4 4 3 6 4 2 5 6 5 2 0 0 0 2 6 0 4 3 6 6 2 5 0
split_gain=0.0115934 0.0120847 0.0129157 0.0102658 0.0165223 0.0171781 0.0303823 0.0448746 0.0233308 0.0207639 0.016821 0.0142744 0.0357114 0.0327888 0.0306048 0.0161656 0.0391669 0.057782 0.0292578 0.0402435 0.0218574 0.0213473 0.0170457 0.0320575 0.0401557 0.0394724 0.023117 0.0218017 0.0206103 0.0174224
threshold=0.12735603467380779 0.059980107793122628 0.06197886682266246 -11.542485110244892 -3.2344061885018434 0.13426339308484755 1.0168023613842128 0.45884624049025874 1.9813479809607275 0.13268414432826339 -5.8429706392592324 0.39338913488782162 -2.3073331753732167 0.72049427700381352 -5.0383675386232527 1.020275679730964 8.9694742829480791 0.82139170784749127 0.81045475963353419 0.80001930524045262 25.572578354680044 9.3764206129078875 0.78476499893267271 0.96138007902877864 0.21449912322762435 -9.4264084320231749 -8.7933464124944027 -1.6957158584984164 1.5285439717681457 0.78054532042669011
decision_type=2 2 2 2 2 2 2 2 2 2 2 2 2 2 2 2 2 2 2 2 2 2 2 2 2 2 2 2 2 2
left_child=-1 -2 -3 -4 -5 6 8 -8 9 -6 -9 12 -7 14 -14 16 17 18 19 21 -18 -13 23 24 25 -17 27 -24 -27 -25
right_child=1 2 3 4 5 11 7 10 -10 -11 -12 15 13 -15 -16 22 20 -19 -20 -21 -22 -23 26 29 -26 28 -28 -29 -30 -31
leaf_value=0.00010577837908801334 -0.00023697732579644042 0.00097858116408160926 0.00029578657317835529 -0.00051743617868244961 0.00011619903116155744 -0.0014033750340193207 -0.0023214074317365885 0.00072892191914879548 0.001569740402568453 0.00095077514109449682 -0.00024408801086897976 -0.00054305738847461977 -0.0012102005125668187 0.0020416343167224634 0.00080671321236021722 -0.0011681692787845221 0.00020308117812992254 0.0017675476558334021 -0.0023061704050633125 0.0016245627188168112 -0.00021833156103425345 -0.0020958850385479465 -0.00025594871118664742 -2.9703755019889498e-05 0.0025278288681874986 0.00086702736957892837 -0.00014559485490275522 -0.0023890031653496882 -0.00055508862088875807 0.00094338335227880726
leaf_weight=2114 621 33 262 165 2321 23 25 49 29 77 475 587 26 35 68 35 562 27 24 21 680 23 25 2159 24 169 737 23 30 47
leaf_count=2114 621 33 262 165 2321 23 25 49 29 77 475 587 26 35 68 35 562 27 24 21 680 23 25 2159 24 169 737 23 30 47
internal_value=-3.44404e-13 -2.38345e-05 -8.72647e-06 -1.24594e-05 -2.19988e-05 -1.21509e-05 8.40626e-05 -0.000251839 0.000160045 0.000142997 -0.0001531 -6.59221e-05 0.00041165 0.00073526 0.000248843 -7.99548e-05 -0.000194814 -0.00049925 -0.000592691 -0.000527519 -2.7644e-05 -0.000601607 -1.19371e-05 5.27052e-05 0.000580066 0.000380295 -0.00021484 -0.00127804 0.000652638 -8.97162e-06
internal_weight=11496 9382 8761 8728 8466 8301 2976 549 2427 2398 524 5325 152 129 94 5173 1924 682 655 631 1242 610 3249 2464 258 234 785 48 199 2206
internal_count=11496 9382 8761 8728 8466 8301 2976 549 2427 2398 524 5325 152 129 94 5173 1924 682 655 631 1242 610 3249 2464 258 234 785 48 199 2206
is_linear=0
shrinkage=0.05


Tree=98
num_leaves=31
num_cat=0
split_feature=1 5 4 2 0 4 1 5 0 0 3 1 1 2 2 2 3 0 5 0 0 1 5 2 5 3 1 2 3 3
split_gain=0.0109505 0.0144566 0.016515 0.0223267 0.00993649 0.0168043 0.0100213 0.00951707 0.0236591 0.022021 0.0234374 0.0202398 0.0185259 0.0329357 0.0268054 0.0419496 0.0470403 0.0432992 0.0244379 0.0237615 0.0236732 0.0183829 0.0165287 0.0162917 0.0160293 0.0226147 0.014709 0.0226039 0.0214174 0.0158338
threshold=23.742394834092266 1.2095016237834659 2.1639041385211319 40.72010390767803 0.68700197322809775 2.5395356087630785 29.24857398931643 1.1609936897169277 0.83061924581470647 0.69692855699319212 0.12000241398041138 -8.1996123875221691 1.5294519192709191 6.5697647894316686 13.929741355669607 13.341391285352039 0.27014750437153429 0.73771640830139529 1.2659162644672317 0.74901300083508693 0.78476499893267271 3.7527446790220025 1.3623951081403589 5.5271454214166047 1.4747593526478606 0.15830277793597489 -9.242564536574541 -2.6130115377791405 0.18285040497137908 0.13154755467262022
decision_type=2 2 2 2 2 2 2 2 2 2 2 2 2 2 2 2 2 2 2 2 2 2 2 2 2 2 2 2 2 2
left_child=7 2 -2 4 -4 6 -6 -1 9 11 -11 -9 13 20 15 16 17 23 19 -19 26 -21 -10 -14 25 -13 27 28 -12 -28
right_child=1 -3 3 -5 5 -7 -8 8 22 10 12 24 14 -15 -16 -17 -18 18 -20 21 -22 -23 -24 -25 -26 -27 29 -29 -30 -31
leaf_value=3.2467637176045893e-05 -0.0012236175319070327 -0.0014219406114604613 0.0014675850466698071 -0.00043669373940949125 0.0004936631608870812 0.0014735094859913392 -0.000832485562945106 0.00083901611912006043 -0.0012365702528936359 -0.00083718300034218518 0.0011628384037488482 0.00070353468913318857 -0.00083228334120215958 0.001572030792034308 0.00010359684616004245 -0.0024366428086068483 0.0015520363599989652 0.001280390325409826 -0.0013495139952283354 -0.0017697108608010004 -0.00021569580313330079 0.00030296776036266239 -0.00029601446721496462 0.00050247447573349713 -0.0014343342264456786 -0.00075409245731829265 0.0012816501233507607 0.0024454630818217995 -0.00083293460542336109 0.00015441287818131032
leaf_weight=8747 34 26 22 149 28 21 29 25 65 76 41 35 29 44 733 24 32 20 126 23 265 20 166 108 51 111 34 20 20 372
leaf_count=8747 34 26 22 149 28 21 29 25 65 76 41 35 29 44 733 24 32 20 126 23 265 20 166 108 51 111 34 20 20 372
internal_value=-1.10437e-13 -0.000293624 -0.000189962 -4.88205e-05 0.000529111 0.000264413 -0.000181044 8.11029e-06 -7.92068e-05 -2.88588e-05 2.39089e-05 -0.000501154 5.81543e-05 0.000242405 -7.33827e-05 -0.00041298 -0.000277315 -0.000456883 -0.000947487 -0.000143432 0.000164608 -0.000805674 -0.000560673 0.000219934 -0.000671226 -0.000404661 0.00037155 0.000986752 0.000508487 0.000248812
internal_weight=11496 309 283 249 100 78 57 11187 2440 2209 1987 222 1911 796 1115 382 358 326 189 63 752 43 231 137 197 146 487 81 61 406
internal_count=11496 309 283 249 100 78 57 11187 2440 2209 1987 222 1911 796 1115 382 358 326 189 63 752 43 231 137 197 146 487 81 61 406
is_linear=0
shrinkage=0.05


Tree=99
num_leaves=31
num_cat=0
split_feature=1 4 0 5 3 3 5 4 2 5 4 0 3 4 5 0 5 2 4 3 1 4 0 1 0 2 2 2 0 2
split_gain=0.0102238 0.0144426 0.0173836 0.0133483 0.0134247 0.0149579 0.0165579 0.0134462 0.0124321 0.0276836 0.042305 0.0230663 0.0216073 0.0198877 0.0153988 0.0138918 0.0221536 0.0177643 0.0147437 0.0183823 0.0174562 0.0142367 0.0127909 0.0122534 0.0121623 0.012003 0.0287487 0.0247505 0.0119085 0.0106458
threshold=14.734974920872858 1.5316808725242068 0.74749378791458276 1.5625918901124045 0.17430112637269121 0.14316195246993216 0.956471183188219 2.11344804665455 25.572578354680044 1.0045477612967806 2.2918937972104483 0.71993881492424383 0.21998615606190508 2.3540300907080103 0.76733154353184874 0.68454904605622358 0.81091679273342965 33.244994868824996 1.9573686789027227 0.17949676844036197 17.314324341504264 2.5395356087630785 0.70756600698876071 23.130802125662644 0.70484049973660612 37.660102896243771 29.542168905606744 31.936368311587142 0.73208468741278787 41.705881787440426
decision_type=2 2 2 2 2 2 2 2 2 2 2 2 2 2 2 2 2 2 2 2 2 2 2 2 2 2 2 2 2 2
left_child=-1 2 -2 4 5 6 24 28 9 10 12 13 -6 -11 -12 16 17 -10 -17 -20 21 -21 -15 -9 -3 26 -22 -28 -7 -27
right_child=1 3 -4 -5 8 7 -8 23 15 11 14 -13 -14 22 -16 18 -18 -19 19 20 25 -23 -24 -25 -26 29 27 -29 -30 -31
leaf_value=1.6164823209320047e-05 -0.00028589786379598083 -2.7581455651670697e-05 -0.0020989839808316902 -0.0012908273999093344 0.00088633160949462943 -0.00075951932874312143 -0.00063595099563826816 -0.00079848644538567631 0.00027210007158472486 -0.0013635953272958952 -0.0011041350685991348 0.00096535007606315254 0.0030618834820052144 0.0010520299641592872 0.00067538660702167927 -0.0014388540486359727 -0.00014628502970867572 0.0022372448411972627 0.0013040482066571713 0.00072663588951782962 0.00020995318895605428 -0.00064885857282206418 -0.00054617359287916661 -0.0022295178252361007 0.001695261071436107 0.00051069899788497893 -0.002711819285953728 -0.00073832174951329519 0.00066312589503165033 -0.00030675705223900924
leaf_weight=10287 39 21 20 23 21 38 38 52 23 42 20 34 25 21 31 23 73 23 21 76 45 25 31 21 20 47 24 47 24 261
leaf_count=10287 39 21 20 23 21 38 38 52 23 42 20 34 25 21 31 23 73 23 21 76 45 25 31 21 20 47 24 47 24 261
internal_value=9.0357e-13 -0.000137541 -0.000900503 -9.83981e-05 -7.40628e-05 -0.000430505 0.000115948 -0.000750281 9.48435e-06 0.000332118 0.00096922 -0.000150686 0.0020687 -0.000554359 -2.2465e-05 -9.6028e-05 0.000395262 0.00125467 -0.000198776 -0.000146538 -0.000204561 0.000386167 9.92548e-05 -0.00121015 0.00081283 -0.000345277 -0.000778766 -0.00140542 -0.000208818 -0.000182015
internal_weight=11496 1209 59 1150 1127 214 79 135 913 225 97 128 46 94 51 688 119 46 569 546 525 101 52 73 41 424 116 71 62 308
internal_count=11496 1209 59 1150 1127 214 79 135 913 225 97 128 46 94 51 688 119 46 569 546 525 101 52 73 41 424 116 71 62 308
is_linear=0
shrinkage=0.05


Tree=100
num_leaves=31
num_cat=0
split_feature=4 1 0 6 3 1 3 3 5 2 4 4 2 4 4 1 3 0 5 6 0 5 1 2 2 0 4 4 3 3
split_gain=0.00998603 0.0121428 0.0182051 0.015785 0.0111906 0.0123624 0.0115785 0.0107173 0.0116543 0.0111026 0.0240116 0.0149528 0.012512 0.0102804 0.0125326 0.0091276 0.00883405 0.00864445 0.0327261 0.0261714 0.0209462 0.0317982 0.0184178 0.0324877 0.0252288 0.0215362 0.023955 0.0208532 0.0277582 0.0255749
threshold=0.12735603467380779 -9.9889946680254003 0.69692855699319212 -14.884846775426412 0.059980107793122628 3.6520305817616565 0.06197886682266246 0.097956672080560275 0.39978595509242076 -3.1260861874433457 0.11058594279603688 0.0083686174526234423 -3.4610990022684298 0.045820338327908376 0.021279612345060265 31.022699478813923 0.039385424041718041 0.72743068703130087 1.7323697310421966 -4.5427338062014195 0.74315799767088497 1.8030298691541662 2.4278552273290792 13.929741355669607 -0.20254539745381719 0.72497664940390716 2.1827979534966424 0.49765504579684766 0.091035605180477083 0.13213725207042493
decision_type=2 2 2 2 2 2 2 2 2 2 2 2 2 2 2 2 2 2 2 2 2 2 2 2 2 2 2 2 2 2
left_child=1 2 -1 -3 5 -2 -6 8 16 11 -11 12 -10 14 -9 17 -5 18 22 -20 21 -19 23 27 -24 -26 -27 28 -8 -30
right_child=4 3 -4 7 6 -7 15 13 9 10 -12 -13 -14 -15 -16 -17 -18 20 19 -21 -22 -23 24 -25 25 26 -28 -29 29 -31
leaf_value=-0.0017381365899927913 -0.00016121240683905486 0.0012893948174113859 -0.00011936289027454966 2.8330366839166829e-05 0.00092722049920473991 -0.00098111982713453482 0.00041486723288705819 0.00026780439223078617 -0.00019583368047641216 -0.0018369425383219817 0.00035361629402772947 0.00036428302749492113 -0.0013763883513294988 0.00066306764562689855 -0.00085126285474481332 -0.00072944763199881313 0.0003168975606482486 -0.00028838238342364218 -1.3631517037701532e-06 -0.0018001074938746614 3.5201798448179453e-06 0.0012431286907355701 -0.0016546260909703764 0.0020647318757255561 -2.5290273548833565e-05 0.0012409575787794677 -0.0006606202416481789 0.00040023348442898673 -0.00067305972869629855 0.00032221256684958159
leaf_weight=20 571 29 132 799 33 50 202 235 133 29 22 109 27 154 28 44 397 1071 39 42 4395 35 23 24 1858 67 22 613 197 96
leaf_count=20 571 29 132 799 33 50 202 235 133 29 22 109 27 154 28 44 397 1071 39 42 4395 35 23 24 1858 67 22 613 197 96
internal_value=-3.57408e-13 9.81721e-05 -0.000332359 0.000131526 -2.21206e-05 -0.000227227 -7.5822e-06 0.000114155 5.24083e-05 -0.000215604 -0.000891996 -8.73662e-05 -0.000395052 0.000338636 0.000148664 -1.11166e-05 0.000124117 -7.47699e-06 5.81045e-05 -0.000934045 -4.54239e-05 -0.000239917 8.40117e-05 0.000244735 -8.34275e-06 1.11049e-05 0.000770905 0.000205312 -3.60751e-05 -0.000346964
internal_weight=11496 2114 152 1962 9382 621 8761 1933 1516 320 51 269 160 417 263 8728 1196 8684 3183 81 5501 1106 3102 1132 1970 1947 89 1108 495 293
internal_count=11496 2114 152 1962 9382 621 8761 1933 1516 320 51 269 160 417 263 8728 1196 8684 3183 81 5501 1106 3102 1132 1970 1947 89 1108 495 293
is_linear=0
shrinkage=0.05


Tree=101
num_leaves=31
num_cat=0
split_feature=5 0 0 5 5 3 6 6 1 6 1 1 4 6 3 0 1 6 6 2 0 4 0 6 2 4 4 1 3 1
split_gain=0.00963045 0.0202926 0.0212883 0.0258869 0.025091 0.0218205 0.0188704 0.0179313 0.0338083 0.0239112 0.0175904 0.0317636 0.0229828 0.018951 0.0420415 0.0261456 0.0257927 0.0226651 0.0177323 0.0477235 0.0252286 0.0212103 0.0189465 0.0216848 0.0170455 0.0166199 0.0207933 0.0162194 0.0151159 0.0149425
threshold=1.1609936897169277 0.83061924581470647 0.6919860437969384 1.4747593526478606 1.2095016237834659 0.1163966018592225 -13.924238603290497 -7.4136259502948105 -5.2353359899412633 1.0000000180025095e-35 0.71839096937593727 0.25618249278862587 1.5108141485052822 6.7717689323449139 0.26237910899735317 0.78476499893267271 1.8232826986013808 7.3550716909573666 -0.48681723835014939 2.4994988971274581 0.78200870364563313 1.2160967458351424 0.78380708549233569 -1.9771699221738441 5.5271454214166047 1.3775402840046234 1.4513291023581743 14.734974920872858 0.1517766585097963 -9.242564536574541
decision_type=2 2 2 2 2 2 2 2 2 2 2 2 2 2 2 2 2 2 2 2 2 2 2 2 2 2 2 2 2 2
left_child=6 2 3 4 -2 -4 28 -3 -9 -10 11 12 18 14 15 16 -12 -15 22 20 -20 -21 23 29 -19 -26 -27 -6 -1 -7
right_child=1 7 5 -5 27 10 -8 8 9 -11 13 -13 -14 17 -16 -17 -18 24 19 21 -22 -23 -24 -25 25 26 -28 -29 -30 -31
leaf_value=0.00036574148895412561 -0.0010617992303405819 -0.0013825977881610091 -0.00086770084048823815 -0.0014705733666131792 0.00066929612780960513 0.00093006645099340398 1.5825830877939464e-05 0.00039929802850648149 -0.0019997580988482307 -0.0003501747630514852 0.00060518393246456988 0.0021898121491540226 0.0016614866135641936 0.0015722314837727357 0.0011503558414988221 -0.0026649404740469022 -0.0013684493589348028 -0.0013955114925604153 -0.0027775450746994469 0.0015541692235274242 -0.00042674189621937417 -0.00020044860153336873 -0.00014124574228895721 0.0017140242947085251 0.00083472333553126434 -0.0011041091299494323 -1.5360100964718437e-05 -0.00094269876746693642 0.0017796658493656045 0.00015576357284940228
leaf_weight=89 52 49 69 54 71 81 8908 88 35 59 25 20 25 22 25 22 49 23 25 24 21 61 214 31 54 46 940 20 24 270
leaf_count=89 52 49 69 54 71 81 8908 88 35 59 25 20 25 22 25 22 49 23 25 24 21 61 214 31 54 46 940 20 24 270
internal_value=2.95724e-13 -8.73695e-05 -4.14343e-05 -0.00053786 -0.000185647 6.34094e-06 2.39707e-05 -0.000533597 -0.00030502 -0.000964381 3.68308e-05 0.000223194 0.00017089 -8.24663e-05 -0.000675985 -0.00115159 -0.000701681 -1.62766e-05 0.000119632 -0.00040708 -0.00170435 0.000294973 0.000235402 0.000446404 -4.91526e-05 -1.93774e-05 -6.61537e-05 0.000315012 0.000666044 0.000334449
internal_weight=11496 2475 2244 197 143 2047 9021 231 182 94 1978 772 752 1206 121 96 74 1085 727 131 46 85 596 382 1063 1040 986 91 113 351
internal_count=11496 2475 2244 197 143 2047 9021 231 182 94 1978 772 752 1206 121 96 74 1085 727 131 46 85 596 382 1063 1040 986 91 113 351
is_linear=0
shrinkage=0.05


Tree=102
num_leaves=31
num_cat=0
split_feature=6 0 2 6 1 0 3 1 5 0 2 2 0 5 0 3 6 1 1 6 6 5 5 0 5 5 0 3 0 0
split_gain=0.00901008 0.0130042 0.0108502 0.0531579 0.01666 0.0607596 0.0370329 0.027898 0.0398537 0.0274855 0.0197013 0.0154153 0.0141797 0.0252812 0.0120259 0.0112301 0.0221329 0.0185721 0.015092 0.0178874 0.0131402 0.0112218 0.0123405 0.0211878 0.050384 0.0314913 0.013423 0.0132595 0.0118813 0.0140883
threshold=-2.7133982069921228 0.61173341841260964 0.67005934370052145 1.4938995645924127 2.0393225700970912 0.75817963880811956 0.13268414432826339 -0.61830692977362089 1.030603470340292 0.83462287581430072 -0.11462873986422674 -0.37085592453497923 0.81527461224674902 0.31136858916989318 0.77809342977469642 0.14316195246993216 -2.1841607184888483 21.752192015745354 29.24857398931643 44.590586333132194 42.01367201014893 1.1763541021879182 0.480228548177635 0.78778955849787813 0.71504573822540662 0.88304227208766994 0.80786558595759894 0.11351297951215973 0.70622090209276833 0.79424564334901782
decision_type=2 2 2 2 2 2 2 2 2 2 2 2 2 2 2 2 2 2 2 2 2 2 2 2 2 2 2 2 2 2
left_child=-1 -2 3 4 7 6 -6 9 12 10 -3 -7 13 -9 -12 17 -17 21 20 -20 -18 22 27 -24 -25 -26 -27 -4 -23 -30
right_child=1 2 15 -5 5 11 -8 8 -10 -11 14 -13 -14 -15 -16 16 18 -19 19 -21 -22 28 23 24 25 26 -28 -29 29 -31
leaf_value=6.9789437432053327e-05 0.0010674257775665156 -0.00011926961177745527 -4.9238419263876172e-05 -0.0023425831057725839 -0.0025957080807226403 0.00063990908643146141 6.0208851178426167e-05 6.5404976307227594e-05 -0.0026609179394488985 -0.0015105674603815985 0.00098959534304038452 0.0019822172833872695 0.00074137273274928975 -0.00099762031711768092 -1.4039146228005059e-05 -0.0016162103406437067 -5.8905266649676155e-05 0.0015368350216054493 -0.0018526990162208677 -0.00022521148023840331 0.00065278774979464233 0.00065950666543185005 8.829893753315525e-05 0.0023631340145532573 -0.0012602751434314997 0.00094299874946553652 -0.00051085327751934531 -0.0013484524423256518 -0.00096356332049921708 0.00044255428011124226
leaf_weight=3298 27 251 1086 28 21 55 35 95 22 27 85 35 23 136 46 23 3745 21 25 52 66 21 1991 35 28 77 20 20 79 23
leaf_count=3298 27 251 1086 28 21 55 35 95 22 27 85 35 23 136 46 23 3745 21 25 52 66 21 1991 35 28 77 20 20 79 23
internal_value=-6.92525e-13 -2.80758e-05 -3.16958e-05 -0.000199797 -0.000127598 0.000357329 -0.00093576 -0.000230954 -0.00061939 3.11682e-05 0.000140139 0.00116192 -0.000442564 -0.000560445 0.000637174 -1.19475e-05 -6.97309e-05 5.45009e-05 -6.05825e-05 -0.000753617 -4.658e-05 4.52911e-05 6.29957e-05 0.000132784 0.000686349 0.000216849 0.000643235 -7.27323e-05 -0.000423521 -0.000646498
internal_weight=11496 8198 8171 859 831 146 56 685 276 409 382 90 254 231 131 7312 3911 3401 3888 77 3811 3380 3257 2151 160 125 97 1106 123 102
internal_count=11496 8198 8171 859 831 146 56 685 276 409 382 90 254 231 131 7312 3911 3401 3888 77 3811 3380 3257 2151 160 125 97 1106 123 102
is_linear=0
shrinkage=0.05


Tree=103
num_leaves=31
num_cat=0
split_feature=6 1 0 6 0 5 3 5 4 1 4 6 4 1 3 1 4 4 1 4 3 4 5 3 3 4 5 1 6 1
split_gain=0.00862627 0.0216208 0.0114779 0.00983061 0.0133564 0.0172711 0.0100679 0.0226558 0.0264969 0.052421 0.0277286 0.020677 0.028116 0.0155326 0.0168373 0.0153169 0.0600706 0.0318979 0.0281357 0.0196076 0.0187176 0.0183231 0.0180592 0.0162354 0.0150866 0.0210757 0.0142549 0.0138352 0.0161434 0.0137345
threshold=-16.731352277925691 -13.376818390780587 0.8045422603626935 -14.884846775426412 0.73257502649410011 0.94426710218322341 0.13510148952138687 1.0168023613842128 0.45884624049025874 -5.3436807981752592 0.3475257122736598 -3.4516164605104853 0.61298926391831932 -2.6003313150603664 0.089559984439443852 -6.6036533644670872 0.51002693179406744 0.045820338327908376 -7.377739911321445 0.62961089712756557 0.18464230881975094 0.57812411504816696 0.84532915444545942 0.16067922637616791 0.13268414432826339 1.9813479809607275 1.3019098316617019 29.24857398931643 44.590586333132194 0.84171963927291993
decision_type=2 2 2 2 2 2 2 2 2 2 2 2 2 2 2 2 2 2 2 2 2 2 2 2 2 2 2 2 2 2
left_child=2 -2 -1 4 -3 -6 7 24 10 -10 -9 12 -11 -13 -15 17 22 -8 19 20 26 -18 -17 -21 25 -5 -19 -23 -29 -26
right_child=1 3 -4 6 5 -7 15 8 9 11 -12 13 -14 14 -16 16 21 18 -20 23 -22 27 -24 -25 29 -27 -28 28 -30 -31
leaf_value=0.00018787266708891872 -0.0011791375281180268 0.0014608275162538997 0.0015418583185237368 5.7510094246407963e-05 0.001087164269252257 -0.00083370660484069969 -0.001781921909765943 -0.00025788720963256699 0.0013648708368528566 9.6924919316301221e-05 -0.0023485834501555253 0.001053784722656322 -0.002342433600135876 -0.0016006255458871075 -0.00018094446556628522 0.00054877813596880705 -0.00076770351657255015 -0.00028449147233552583 -0.0011866058415762382 0.0014284698094275815 -0.0010690446689124286 -4.008973155219253e-05 0.0018126741240848789 0.00011773195239208966 0.001328578361361805 0.0014582587841518776 0.00095697747698674602 -0.0017600640412420033 -0.00021395091453786544 0.00019223440160203611
leaf_weight=72 39 27 20 4950 22 25 34 35 53 21 29 24 27 22 412 242 91 161 64 27 69 4568 32 189 45 27 27 25 52 65
leaf_count=72 39 27 20 4950 22 25 34 35 53 21 29 24 27 22 412 242 91 161 64 27 69 4568 32 189 45 27 27 25 52 65
internal_value=-1.32362e-13 -3.89021e-06 0.000482217 1.42751e-07 0.000574558 6.54244e-05 -3.6219e-06 4.30561e-05 -0.00024154 -0.000131206 -0.00120523 -0.00028791 -0.00127521 -0.000184437 -0.00025291 -5.13788e-05 -2.34148e-05 -0.000296737 -0.000202703 -6.95746e-05 -0.000364704 -6.50587e-05 0.000696386 0.000281574 7.79102e-05 6.51091e-05 -0.000106195 -5.12932e-05 -0.000715936 0.000657102
internal_weight=11496 11404 92 11365 74 47 11291 5710 623 559 64 506 48 458 434 5581 5010 571 537 473 257 4736 274 216 5087 4977 188 4645 77 110
internal_count=11496 11404 92 11365 74 47 11291 5710 623 559 64 506 48 458 434 5581 5010 571 537 473 257 4736 274 216 5087 4977 188 4645 77 110
is_linear=0
shrinkage=0.05


Tree=104
num_leaves=31
num_cat=0
split_feature=1 6 3 2 5 0 4 2 6 4 3 6 5 5 2 6 1 2 3 2 1 6 3 4 3 4 0 2 6 3
split_gain=0.00805285 0.0273828 0.0255282 0.0127899 0.0116762 0.0109596 0.0128775 0.0133634 0.0102994 0.0181409 0.0207368 0.0184661 0.0171199 0.0180454 0.0163008 0.0134764 0.0287643 0.0165332 0.0163966 0.0191712 0.0159952 0.0136201 0.0132351 0.0120042 0.0119432 0.0115274 0.010825 0.0108079 0.0102058 0.0128577
threshold=23.742394834092266 39.546696592768726 0.27315599561754372 45.983328748793419 0.79207194601813391 0.68639237868873326 2.6068974574722499 26.753810608180505 36.660612827665794 2.4011669387515977 0.17749288015636175 28.528319707861709 1.1403752458480974 1.3441135311835699 38.571458916430196 29.082027869420475 16.628345199773779 25.572578354680044 0.24995396247014587 17.130581116710903 20.062699863120972 24.666723263584373 0.1812596643925338 2.6936095028548626 0.2406949827442707 2.5395356087630785 0.70242546810784734 29.542168905606744 26.238467842814035 0.2107150798414176
decision_type=2 2 2 2 2 2 2 2 2 2 2 2 2 2 2 2 2 2 2 2 2 2 2 2 2 2 2 2 2 2
left_child=8 2 4 5 -2 -3 7 -7 9 15 -11 -12 24 25 27 16 28 26 19 -18 21 -21 -23 -16 -13 -14 -17 -10 29 -1
right_child=1 3 -4 -5 -6 6 -8 -9 14 10 11 12 13 -15 23 17 18 -19 -20 20 -22 22 -24 -25 -26 -27 -28 -29 -30 -31
leaf_value=2.7204375902568935e-05 -0.0015872653271071615 0.0015439177630469205 -0.0024155469325792401 -0.00035337159075798133 -0.00024145297875841068 0.00082902397177046316 0.0012915011636902242 -0.00065652583841101003 0.00028707606927779172 -0.001740242982766806 -0.0010993155597064357 -0.0010893622570081938 0.001308334805071354 -0.00097126268526716612 0.0015018497871879359 0.00044099280441349206 0.00061409890353609099 0.00017559666153156391 -0.0019770107039948927 -0.001390468095009315 -0.0018720122668892147 -0.00068926480089430702 0.00068715831467641459 4.34272129842568e-05 8.3215767144559867e-05 0.00018871211255567946 0.0019764806881236536 -0.00092097774225597588 0.00040184933001044472 -0.00015490261880909056
leaf_weight=9088 20 20 21 78 83 24 22 41 81 26 52 49 39 21 43 22 33 173 20 28 25 40 31 21 39 56 24 24 167 1085
leaf_count=9088 20 20 21 78 83 24 22 41 81 26 52 49 39 21 43 22 33 173 20 28 25 40 31 21 39 56 24 24 167 1085
internal_value=5.35169e-13 -0.000251796 -0.000826713 0.000133554 -0.000502776 0.000488508 0.000245886 -0.000108015 6.95495e-06 1.01323e-06 -0.00039485 -0.000258208 -4.38084e-05 0.000355142 0.000394327 1.14113e-05 3.32755e-06 0.000399615 -0.000628684 -0.000456923 -0.000741952 -0.000456584 -8.82913e-05 0.0010233 -0.000569697 0.000648347 0.00124212 1.09495e-05 1.41463e-05 7.78178e-06
internal_weight=11496 309 124 185 103 107 87 65 11187 11018 282 256 204 116 169 10736 10517 219 177 157 124 99 71 64 88 95 46 105 10340 10173
internal_count=11496 309 124 185 103 107 87 65 11187 11018 282 256 204 116 169 10736 10517 219 177 157 124 99 71 64 88 95 46 105 10340 10173
is_linear=0
shrinkage=0.05


Tree=105
num_leaves=31
num_cat=0
split_feature=4 1 3 3 5 3 1 0 3 3 0 2 5 2 4 2 2 4 3 2 3 2 3 0 3 3 5 0 4 5
split_gain=0.007424 0.0110323 0.0120678 0.0112564 0.0107517 0.0106408 0.0105826 0.0103941 0.0101911 0.0100066 0.0136625 0.00873307 0.00871908 0.0144322 0.0189705 0.0203789 0.0138699 0.0225927 0.0101709 0.00974372 0.00863105 0.0082048 0.00932071 0.00933249 0.00789528 0.00728033 0.0322023 0.0189918 0.0179261 0.0299046
threshold=0.12735603467380779 -10.158473793392979 0.16662241514071494 0.15984425864271765 0.55219860524464315 0.059980107793122628 3.6520305817616565 0.69849335195316808 0.06197886682266246 0.099456199375624207 0.70160605380681906 -2.2709563821327468 0.39978595509242076 -3.9533034671757776 1.0000000180025095e-35 -3.4610990022684298 -2.9754157257631468 0.11058594279603688 0.085717628904103102 -3.7566744941796384 0.12736430867555323 -3.0252986020786676 0.12183844310241297 0.75513722591423438 0.039385424041718041 0.11909386665347002 1.0128599513291017 0.77287125458909622 0.4474637760666309 0.89043848178473983
decision_type=2 2 2 2 2 2 2 2 2 2 2 2 2 2 2 2 2 2 2 2 2 2 2 2 2 2 2 2 2 2
left_child=1 7 3 9 -4 6 -2 -1 -7 12 -11 21 24 -14 15 18 -16 -18 -15 -20 -13 22 23 -12 -3 26 27 28 29 -10
right_child=5 2 4 -5 -6 8 -8 -9 25 10 11 20 13 14 16 -17 17 -19 19 -21 -22 -23 -24 -25 -26 -27 -28 -29 -30 -31
leaf_value=-0.0013511137571185828 -0.00015799944867626555 2.3835240059038082e-05 9.3356570085653901e-05 -0.0010583027387924848 0.0014825280952209142 0.00087211304544876898 -0.00091659104340942581 -0.00015966515601484465 -0.00015009718520203656 -0.00033399077847057982 0.00064605382798178183 0.0017768711813611544 0.00075147379140712723 0.0001873881231213725 0.00032235773955982799 -0.0019468333766174814 -0.0018768332277735074 0.00047129100421443586 -0.0016063279084240396 -0.00036354050370510267 0.00040578812106766482 -6.5314954473554587e-05 0.001252525983268003 -0.00026248398012617921 0.00029483326040833534 -3.3900415092426723e-05 -0.00044446298091768856 -0.00017959909816744071 0.00035567490511769531 0.00099563447095883575
leaf_weight=22 571 799 26 21 30 33 50 109 460 61 91 24 38 43 131 27 21 20 24 46 22 75 38 41 405 6630 263 358 952 65
leaf_count=22 571 799 26 21 30 33 50 109 460 61 91 24 38 43 131 27 21 20 24 46 22 75 38 41 405 6630 263 358 952 65
internal_value=-2.67791e-14 8.46469e-05 0.000114005 9.29779e-05 0.000837556 -1.90731e-05 -0.000219078 -0.000359756 -4.89627e-06 0.000105662 0.000346378 0.000488999 5.11374e-05 -0.000168527 -0.000280578 -0.000712725 7.11697e-05 -0.000731407 -0.00041785 -0.000789639 0.00112114 0.000370312 0.0005625 0.000363856 0.000114993 -8.21218e-06 7.29665e-05 0.000147127 0.00022632 -8.24469e-06
internal_weight=11496 2114 1983 1927 56 9382 621 131 8761 1906 352 291 1554 350 312 140 172 41 113 70 46 245 170 132 1204 8728 2098 1835 1477 525
internal_count=11496 2114 1983 1927 56 9382 621 131 8761 1906 352 291 1554 350 312 140 172 41 113 70 46 245 170 132 1204 8728 2098 1835 1477 525
is_linear=0
shrinkage=0.05


Tree=106
num_leaves=31
num_cat=0
split_feature=6 1 0 6 1 1 5 0 1 5 6 3 6 2 5 0 3 1 3 1 4 5 4 2 4 6 4 3 0 5
split_gain=0.00808178 0.0190649 0.0103661 0.00874914 0.0126326 0.0128543 0.0269538 0.0249627 0.0176979 0.0146025 0.0295902 0.0438174 0.0224539 0.0479896 0.0361235 0.0210828 0.0536978 0.0281612 0.0177473 0.0178635 0.0237518 0.0198897 0.0164944 0.0214704 0.0262323 0.0258121 0.0182819 0.0156703 0.0151017 0.0167888
threshold=-16.731352277925691 -13.376818390780587 0.8045422603626935 -11.832597164209599 -8.7876883559467913 -7.9252635648271612 0.67591747704908656 0.76174813154087484 -7.7877523636353354 1.3019098316617019 -6.7925424728907782 0.21449912322762435 -6.1443357337291742 -2.8427844645499669 0.99844983425337819 0.75430282044541042 0.13317718502030043 -6.1420975445396868 0.26768244066807728 9.8571545303199581 2.1639041385211319 1.5285439717681457 1.0915175409131892 1.8691429149653762 2.0210855365320275 25.269856758442369 1.5108141485052822 0.24340485538070425 0.82696224696444187 0.84532915444545942
decision_type=2 2 2 2 2 2 2 2 2 2 2 2 2 2 2 2 2 2 2 2 2 2 2 2 2 2 2 2 2 2
left_child=2 -2 -1 -3 -5 6 7 -6 -7 12 11 -11 13 14 -10 16 -15 -17 19 20 -12 -22 -20 -24 26 -26 -25 -21 29 -19
right_child=1 3 -4 4 5 8 -8 -9 9 10 18 -13 -14 15 -16 17 -18 28 22 27 21 -23 23 24 25 -27 -28 -29 -30 -31
leaf_value=0.00018702412561045397 -0.001107363467095778 0.00023461911898721156 0.0014737657236400994 -0.00032546744449362335 0.0001648690397045217 -0.0010845330915272874 0.00071388780532201238 -0.0018443093876571353 4.629016455162787e-05 -0.0020655039896761689 -0.00017093345044775436 0.00020713270088507622 -9.8649565656415422e-06 0.00077825686347557973 -0.0021118174691218887 -0.0010451000921117763 0.0035584057634696371 0.00052704637536352854 0.0014816468406934292 -0.00093228655962100746 0.0014031437225639821 -0.00037247119325343195 -0.00074812589066722366 0.00040738034682969256 -0.0015939046675339343 0.0006958752645005007 0.0024478631554697844 0.00024020657642599751 -0.00051726964576608643 0.0017879397738866057
leaf_weight=72 39 384 20 305 52 38 167 22 636 48 711 38 8171 132 20 30 20 132 28 124 46 24 45 21 20 32 23 37 26 33
leaf_count=72 39 384 20 305 52 38 167 22 636 48 711 38 8171 132 20 30 20 132 28 124 46 24 45 21 20 32 23 37 26 33
internal_value=-3.69646e-13 -3.76544e-06 0.000466751 2.16559e-08 -8.1821e-06 8.82348e-07 0.000361899 -0.000432454 -7.45546e-06 -3.51885e-06 -0.000167796 -0.00106132 1.7855e-05 0.000237971 -1.95058e-05 0.000690799 0.00114407 0.00037905 -9.86301e-05 -0.000183274 -8.44153e-05 0.000794361 0.000373173 0.00015305 0.000575477 -0.000184809 0.001474 -0.000662832 0.000602739 0.000779225
internal_weight=11496 11404 92 11365 10981 10676 241 74 10435 10397 1197 86 9200 1029 656 373 152 221 1111 942 781 70 169 141 96 52 44 161 191 165
internal_count=11496 11404 92 11365 10981 10676 241 74 10435 10397 1197 86 9200 1029 656 373 152 221 1111 942 781 70 169 141 96 52 44 161 191 165
is_linear=0
shrinkage=0.05


Tree=107
num_leaves=31
num_cat=0
split_feature=6 1 0 6 0 1 5 3 5 1 6 4 3 5 1 4 0 4 0 5 4 3 4 1 0 1 1 4 4 1
split_gain=0.00729381 0.0172061 0.00935545 0.00826015 0.0122661 0.0152102 0.00784337 0.00763588 0.0183255 0.0232945 0.0437275 0.0295424 0.0181919 0.014504 0.0142805 0.0158738 0.018298 0.0155115 0.013798 0.0137055 0.0477731 0.0133919 0.0187913 0.0137089 0.0132373 0.0230748 0.0126093 0.0513117 0.0281957 0.0246296
threshold=-16.731352277925691 -13.376818390780587 0.8045422603626935 -14.884846775426412 0.73257502649410011 -9.4489792947946984 1.4408232537173438 0.13510148952138687 1.0168023613842128 -5.2353359899412633 -3.4516164605104853 0.49765504579684766 0.11577778718823031 0.97603990522057815 -2.6003313150603664 0.85044706763914102 0.731361885627141 1.1841511956991959 0.62511277048434277 0.956471183188219 0.74003842680046639 0.13268414432826339 1.9813479809607275 -0.13632689208608048 0.71659916935277324 4.6856444294012602 -6.6036533644670872 0.51002693179406744 0.045820338327908376 -7.2174310914492166
decision_type=2 2 2 2 2 2 2 2 2 2 2 2 2 2 2 2 2 2 2 2 2 2 2 2 2 2 2 2 2 2
left_child=2 -2 6 4 -3 -6 -1 8 13 11 -11 12 -10 19 -12 16 -16 -17 -9 21 -21 22 -5 -23 -15 -26 28 -28 -20 -30
right_child=1 3 -4 7 5 -7 -8 18 9 10 14 -13 -14 24 15 17 -18 -19 26 20 -22 23 -24 -25 25 -27 27 -29 29 -31
leaf_value=0.00093938198659326063 -0.0010519952965319717 0.0013758832847492563 0.0014000774332089351 4.5262660514235457e-05 -0.00080513398372568195 0.00099749197463758969 -0.0001798639959481673 0.0011041325861767223 0.00054218446027295183 -0.0014831430894683105 0.0010488357445549059 0.0013556014230873968 -0.001493273128844088 0.0014697491102197092 -8.578110220176834e-05 0.00019957229974327915 -0.002149190460014242 -0.0004308756390445542 -0.0016692962144802819 -0.0020963790678334509 0.00015264752879177773 0.0017466679202144684 0.0014479625979826475 0.00026696077101015753 0.00055288836272796157 -0.00082143017264300119 0.0006402554204353951 -6.3596674675479783e-05 -7.6048396786474541e-05 -0.0012413448067381979
leaf_weight=23 39 27 20 4635 25 22 49 26 23 73 23 49 21 28 21 187 22 204 34 33 83 23 24 49 175 37 274 4710 487 50
leaf_count=23 39 27 20 4635 25 22 49 26 23 73 23 49 21 28 21 187 22 204 34 33 83 23 24 49 175 37 274 4710 487 50
internal_value=-3.36561e-14 -3.57717e-06 0.000443413 2.05735e-08 0.000526558 3.86484e-05 0.000177673 -3.4303e-06 3.72207e-05 -0.000218736 -0.000346808 0.00051114 -0.000429284 6.85675e-05 -0.000165293 -0.000229636 -0.00114148 -0.000129357 -4.50209e-05 4.97807e-05 -0.000487162 6.29461e-05 5.24884e-05 0.000739645 0.000447981 0.000313031 -5.03995e-05 -2.49018e-05 -0.000272958 -0.000184549
internal_weight=11496 11404 92 11365 74 47 72 11291 5710 623 530 93 44 5087 457 434 43 391 5581 4847 116 4731 4659 72 240 212 5555 4984 571 537
internal_count=11496 11404 92 11365 74 47 72 11291 5710 623 530 93 44 5087 457 434 43 391 5581 4847 116 4731 4659 72 240 212 5555 4984 571 537
is_linear=0
shrinkage=0.05


Tree=108
num_leaves=31
num_cat=0
split_feature=1 6 3 1 6 4 2 2 2 2 3 1 0 2 0 1 3 1 3 6 4 4 2 1 1 6 3 3 6 6
split_gain=0.00743779 0.00674094 0.009951 0.00951016 0.0144916 0.0276461 0.0115884 0.0113968 0.0111774 0.0223458 0.0277485 0.0280223 0.0201701 0.0184044 0.0182653 0.0106421 0.0156741 0.0101196 0.00829389 0.00910247 0.0271683 0.00863833 0.00781307 0.0114932 0.0100314 0.0114358 0.00752952 0.007359 0.00671749 0.00659617
threshold=31.022699478813923 42.01367201014893 0.23223572776312887 18.129357768820558 30.584114907601784 2.5015912564931599 47.404755235365151 23.234804363787493 28.413485432283395 22.78232941286706 0.2213617118221072 21.14152512614417 0.69849335195316808 31.936368311587142 0.7091878911336581 16.628345199773779 0.21998615606190508 15.200904742565582 0.17667213950910429 38.698213648142321 2.5395356087630785 2.2548752784492918 37.660102896243771 21.752192015745354 22.365126338008306 36.660612827665794 0.10456293275060753 0.29422594826573456 24.092204225667956 35.275355900399582
decision_type=2 2 2 2 2 2 2 2 2 2 2 2 2 2 2 2 2 2 2 2 2 2 2 2 2 2 2 2 2 2
left_child=1 3 -3 4 5 6 15 -6 9 10 -5 -12 -11 14 -10 -1 28 -9 21 22 -21 -15 23 -20 25 29 -8 -4 -17 -24
right_child=-2 2 27 8 7 -7 26 17 13 12 11 -13 -14 18 -16 16 -18 -19 19 20 -22 -23 24 -25 -26 -27 -28 -29 -30 -31
leaf_value=8.6681083015144433e-06 -0.00064883300166746437 0.0010767611804314784 -0.00044484219268529809 0.00081218919046383746 0.0016138751279504504 -0.001624918209675413 0.00011624928516146777 0.0012297234730795027 -0.0003516654680984525 0.0013527199881369894 -0.00012794873835186342 -0.0022718362829268531 1.3650977802392323e-05 -1.1653320480373051e-06 -0.0023091859811260789 -0.0017758700228296222 0.00034516199550580499 0.00010613532521356228 -0.001228765757987276 0.0019538348686182873 -0.00027676683642121773 -0.0011372372190552678 0.00019039474607866614 0.00023921738495118915 -0.00047084333179470573 0.001040097242296343 0.0013845474170520902 0.00066567058935246542 -0.00063851716978525791 -0.00078369645004083095
leaf_weight=10384 44 36 35 29 20 26 22 25 26 49 35 27 66 27 22 20 32 101 40 20 43 44 63 20 97 31 25 26 37 24
leaf_count=10384 44 36 35 29 20 26 22 25 26 49 35 27 66 27 22 20 32 101 40 20 43 44 63 20 97 31 25 26 37 24
internal_value=2.74378e-13 2.4929e-06 0.00041754 -1.05264e-06 1.03419e-05 3.49285e-06 7.51744e-06 0.00050507 -0.000184809 0.000120971 -0.000464443 -0.00106158 0.000584211 -0.000322644 -0.00124886 4.00194e-06 -0.00054042 0.000329069 -0.000213944 -0.000110749 0.000431361 -0.00070521 -0.000234942 -0.000739438 -9.41518e-05 0.000215501 0.000790876 2.84911e-05 -0.00103759 -7.83201e-05
internal_weight=11496 11452 97 11355 10692 10546 10520 146 663 206 91 62 115 457 48 10473 89 126 409 338 63 71 275 60 215 118 47 61 57 87
internal_count=11496 11452 97 11355 10692 10546 10520 146 663 206 91 62 115 457 48 10473 89 126 409 338 63 71 275 60 215 118 47 61 57 87
is_linear=0
shrinkage=0.05


Tree=109
num_leaves=31
num_cat=0
split_feature=0 0 5 3 4 1 5 1 3 5 1 1 6 4 4 1 6 5 0 5 5 2 5 6 1 0 2 2 2 3
split_gain=0.00703864 0.0200448 0.0250681 0.0223874 0.0159058 0.0144886 0.028204 0.0126518 0.0125592 0.0167118 0.0125587 0.0119856 0.011858 0.0210077 0.0155196 0.0122998 0.0111398 0.0204181 0.0173175 0.0151953 0.0136721 0.0110009 0.0106406 0.0102635 0.0148606 0.0192262 0.017065 0.0244689 0.0230827 0.0156265
threshold=0.67124621226604397 0.68367624457921272 1.1558303738457092 0.19876114487954619 1.3452362414783019 11.175046217995313 0.88304227208766994 21.14152512614417 0.08369139020916401 0.34789898647570389 6.1102159801713745 18.129357768820558 29.082027869420475 2.1402918958745634 2.4011669387515977 16.975896656698101 34.54153550409557 0.7487855325737538 0.731361885627141 1.1194458603399535 1.2095016237834659 -2.4997444364651678 0.89887318416403039 -11.832597164209599 -8.7876883559467913 0.76520556434261144 -2.008574325735307 -0.84119062157154667 -2.4587377057231268 0.11351297951215973
decision_type=2 2 2 2 2 2 2 2 2 2 2 2 2 2 2 2 2 2 2 2 2 2 2 2 2 2 2 2 2 2
left_child=-1 2 3 5 -4 6 8 -5 9 -2 21 12 14 -14 15 23 17 -13 22 -20 -18 -10 -19 -3 25 29 28 -28 -27 -25
right_child=1 11 4 7 -6 -7 -8 -9 10 -11 -12 16 13 -15 -16 -17 20 18 19 -21 -22 -23 -24 24 -26 26 27 -29 -30 -31
leaf_value=-0.00014959196216849429 2.9301457288966049e-05 0.00023737204762576717 0.00075838705257410773 0.002098998699996931 -0.00086644951456424889 -0.00063140235442136019 0.0015234775249555242 0.00070870336870333022 8.624491041921305e-05 0.0011392367616159997 0.00082330387695470737 -0.0020146030827891083 0.0018605547449128193 0.00021012965865291989 -0.00077995185200716293 -0.0008674746613542084 2.6362555076267054e-05 0.00011897302519409331 -0.00042713026943670663 0.00082224631914868957 -0.0010654537810853894 -0.0011776164937853336 -0.0010113237694335672 0.00013329349027049761 1.1223730008180433e-05 -1.6978944793953436e-05 -0.0019903812253081318 2.4703266315681995e-06 0.0017881870028629368 -0.0012670367933184791
leaf_weight=736 78 476 20 30 61 35 50 36 33 60 21 20 22 156 63 40 382 27 53 45 31 36 91 27 8590 113 24 43 21 76
leaf_count=736 78 476 20 30 61 35 50 36 33 60 21 20 22 156 63 40 382 27 53 45 31 36 91 27 8590 113 24 43 21 76
internal_value=-1.7472e-12 1.02323e-05 0.00033316 0.000503797 -0.000465255 0.000327335 0.000448039 0.00134066 0.000212197 0.000511882 -0.000247319 -4.18968e-06 9.79711e-06 0.000414115 2.19988e-06 7.43639e-06 -0.000212181 -0.000486216 -0.000344699 0.000146563 -5.55898e-05 -0.000573161 -0.000752697 1.11713e-05 -9.34748e-07 -0.000344492 -5.98489e-05 -0.000711387 0.00026592 -0.00089996
internal_weight=11496 10760 460 379 81 313 278 66 228 138 90 10300 9651 178 9473 9410 649 236 216 98 413 69 118 9370 8894 304 201 67 134 103
internal_count=11496 10760 460 379 81 313 278 66 228 138 90 10300 9651 178 9473 9410 649 236 216 98 413 69 118 9370 8894 304 201 67 134 103
is_linear=0
shrinkage=0.05


Tree=110
num_leaves=31
num_cat=0
split_feature=6 3 0 2 4 6 4 3 2 2 2 0 2 4 0 0 0 4 4 0 5 5 5 3 0 2 3 4 5 2
split_gain=0.0066048 0.01256 0.0187015 0.0235823 0.033259 0.0186942 0.0176668 0.0182235 0.0152027 0.0255387 0.0137967 0.013501 0.0130771 0.0190126 0.0137461 0.013137 0.0117564 0.0115708 0.0105343 0.0103986 0.030077 0.0258343 0.0295659 0.0228346 0.0157915 0.0152397 0.0139352 0.0168189 0.0120701 0.0194507
threshold=-7.1262070701104676 0.074448699452127606 0.71087792635696478 -1.6957158584984164 0.86573207726152235 -7.8549736906828853 0.68322729571133223 0.10456293275060753 -1.8844894891708901 -2.6866988777226131 -2.8045885114022986 0.68093827451065159 -3.3082739621290203 0.091455068012205612 0.70484049973660612 0.64493865576939935 0.76842361906040879 0.62961089712756557 0.27006517596052709 0.75475697140647957 1.2659162644672317 1.030603470340292 0.87045901877793297 0.11696682187119188 0.75853936230886798 -3.5101356031268725 0.12630363674760059 0.56484931728799459 0.57743024819706423 -2.4165195405889741
decision_type=2 2 2 2 2 2 2 2 2 2 2 2 2 2 2 2 2 2 2 2 2 2 2 2 2 2 2 2 2 2
left_child=1 -1 8 4 6 -5 7 16 9 10 12 -11 15 -14 -15 -3 18 19 -4 20 21 22 23 -9 -21 -25 -26 28 -28 -30
right_child=-2 2 3 5 -6 -7 -8 17 -10 11 -12 -13 13 14 -16 -17 -18 -19 -20 24 -22 -23 -24 25 26 -27 27 -29 29 -31
leaf_value=0.00057244437164918058 -1.6048679419703203e-05 -0.0011995245490900497 -4.134397037584373e-06 -0.0013277858361581585 0.0019196886041234912 0.0002183579543591751 -0.00083111204488280554 0.0011631856944101552 0.0010041635968567183 -5.4228029694058935e-05 0.00099199756514281047 -0.0015870155327195557 -0.0020581046828911419 0.00036002509509809458 -0.0012323037225186178 7.8677518193865075e-05 -0.00055579656357338696 0.0015550137497484684 0.0010743652842393203 -0.0011548180044406936 0.0020768409587132437 -0.0011596165267595401 0.0016355669052561042 0.00067640373793741073 -0.00026159236713654686 -0.00070002438065397453 3.9447880484850005e-05 -0.00063294139126259278 0.00049265083381662899 0.0017042783983263442
leaf_weight=125 9748 22 240 46 28 34 42 42 24 20 26 51 21 33 23 233 93 20 25 21 30 24 49 30 98 61 76 33 134 44
leaf_count=125 9748 22 240 46 28 34 42 42 24 20 26 51 21 33 23 233 93 20 25 21 30 24 49 30 98 61 76 33 134 44
internal_value=2.37717e-13 8.9498e-05 5.23025e-05 0.000157912 0.000218726 -0.000670675 0.00017388 0.000215262 -0.000220465 -0.000288975 -0.000117173 -0.00115524 -0.000204036 -0.000775096 -0.000293967 -3.15987e-05 -7.21291e-05 0.000370678 9.76109e-05 0.000333783 0.000597719 0.000382313 0.000585644 0.00019883 0.000180363 -0.000246257 0.000253191 0.00042897 0.000566935 0.000792154
internal_weight=11496 1748 1623 1170 1090 80 1062 1020 453 429 358 71 332 77 56 255 358 662 265 642 236 206 182 133 406 91 385 287 254 178
internal_count=11496 1748 1623 1170 1090 80 1062 1020 453 429 358 71 332 77 56 255 358 662 265 642 236 206 182 133 406 91 385 287 254 178
is_linear=0
shrinkage=0.05


Tree=111
num_leaves=31
num_cat=0
split_feature=1 6 3 5 2 4 6 2 4 3 6 5 5 6 1 3 2 1 2 6 2 4 4 4 3 6 2 3 3 1
split_gain=0.00647557 0.0222814 0.0223975 0.0106555 0.0106014 0.00894516 0.00855837 0.0140871 0.0138414 0.0173398 0.0151749 0.0144814 0.0148071 0.0125146 0.022398 0.0149785 0.0165023 0.0138934 0.0132732 0.012041 0.0107749 0.0103915 0.00986368 0.00979484 0.00973946 0.00944655 0.0109808 0.0113834 0.0108413 0.0260368
threshold=23.742394834092266 39.546696592768726 0.27315599561754372 0.79207194601813391 45.983328748793419 2.3540300907080103 36.660612827665794 38.571458916430196 2.4011669387515977 0.2107150798414176 27.010250083209609 1.1403752458480974 1.3441135311835699 29.082027869420475 16.628345199773779 0.24995396247014587 17.130581116710903 20.062699863120972 25.572578354680044 23.711862313581687 41.705881787440426 2.6936095028548626 2.5626520142786098 2.5395356087630785 0.1812596643925338 26.238467842814035 22.485968442455519 0.28259303266915564 0.2107150798414176 12.761416541080363
decision_type=2 2 2 2 2 2 2 2 2 2 2 2 2 2 2 2 2 2 2 2 2 2 2 2 2 2 2 2 2 2
left_child=6 2 3 -2 5 -3 8 -8 13 20 -11 -12 22 14 25 16 -16 19 -15 -18 -10 23 -13 -9 -21 28 27 -27 -1 -30
right_child=1 4 -4 -5 -6 -7 7 21 9 10 11 12 -14 18 15 -17 17 -19 -20 24 -22 -23 -24 -25 -26 26 -28 -29 29 -31
leaf_value=2.3371408525933626e-05 -0.0014769820007495583 0.0012518898010827027 -0.0022326214216826928 -0.00019133598228119854 -0.000321502160304823 0.0001859647752873436 2.9562894598625247e-06 0.00065202447585761554 -0.0016320439618804511 -0.0013347976577832649 -0.00050377698812494661 0.0012263909554230455 -0.00052525425817293578 0.0011388813762966059 0.0006022552618753363 -0.0018442896513442978 -0.0014858378721930878 -0.0017090716499369594 0.00018327666053438813 -0.00059502671627948691 -0.00038122742394493389 3.2380971658442703e-05 0.00011256039441962327 0.0021616941347712697 0.00052623042241012796 0.0016037753604662916 5.2793858019867911e-05 0.00029313807262460124 -8.2524141965647867e-05 -0.0011221460135857342
leaf_weight=9088 20 26 21 83 78 81 105 22 36 23 77 46 32 46 33 20 20 25 173 45 33 21 35 21 34 30 100 37 1021 64
leaf_count=9088 20 26 21 83 78 81 105 22 36 23 77 46 32 46 33 20 20 25 173 45 33 21 35 21 34 30 100 37 1021 64
internal_value=3.7272e-13 -0.000225794 -0.0007444 -0.000440976 0.000121811 0.000444975 6.23675e-06 0.000359352 8.2047e-07 -0.000344964 -0.000121811 2.50244e-05 0.000385358 9.90311e-06 2.11318e-06 -0.000555589 -0.000391424 -0.00065587 0.000383997 -0.00038991 -0.00103383 0.000944064 0.000745106 0.00138931 -0.00011246 1.16599e-05 0.000384663 0.000879991 5.5367e-06 -0.000143847
internal_weight=11496 309 124 103 185 107 11187 169 11018 282 213 190 113 10736 10517 177 157 124 219 99 69 64 81 43 79 10340 167 67 10173 1085
internal_count=11496 309 124 103 185 107 11187 169 11018 282 213 190 113 10736 10517 177 157 124 219 99 69 64 81 43 79 10340 167 67 10173 1085
is_linear=0
shrinkage=0.05


Tree=112
num_leaves=31
num_cat=0
split_feature=1 5 6 1 6 2 1 0 2 0 0 5 5 1 3 5 0 2 1 5 5 0 3 2 0 2 5 5 0 6
split_gain=0.00628975 0.00702285 0.0058534 0.0078668 0.00882969 0.0123968 0.0123607 0.020555 0.00931869 0.00746926 0.014989 0.0181031 0.0214033 0.0100447 0.0167954 0.0110349 0.00967687 0.0357777 0.0161625 0.0321067 0.0313337 0.0242086 0.0129392 0.0245879 0.0105433 0.0102419 0.00956753 0.00952087 0.00933107 0.00930014
threshold=31.022699478813923 0.67591747704908656 48.475345436014223 29.24857398931643 40.849447649465411 57.072811937329895 23.742394834092266 0.76029983529575196 33.872996123039322 0.67124621226604397 0.68367624457921272 1.1558303738457092 0.92841912171303032 13.414382887953126 0.10808323224680533 0.43305413273283538 0.63967138443054894 -2.8045885114022986 2.4788550242725087 1.0582644706873789 0.72661125454634967 0.6491011876661904 0.10878037150417992 22.485968442455519 0.66061952786582157 11.607345145174413 0.42491725005900904 0.89430104717970871 0.67981072696130251 -11.832597164209599
decision_type=2 2 2 2 2 2 2 2 2 2 2 2 2 2 2 2 2 2 2 2 2 2 2 2 2 2 2 2 2 2
left_child=2 -2 3 4 6 8 9 -8 -6 16 11 12 13 14 15 -11 17 26 19 20 -18 -20 -19 -24 -22 27 -1 -23 -13 -12
right_child=1 -3 -4 -5 5 -7 7 -9 -10 10 29 28 -14 -15 -16 -17 18 22 21 -21 24 25 23 -25 -26 -27 -28 -29 -30 -31
leaf_value=5.1739414047915495e-05 6.9345590537009037e-06 -0.0012577420904389806 0.00079913674448819265 -0.00082177798793619042 0.00028189907520200218 -0.00051615829773557682 -0.00022016607854777995 -0.0019546914449892938 0.0014014570234233844 1.1402213602544944e-05 0.00021820586382030138 -0.00074290740176696671 0.0012024832382739987 0.0010216667958711451 -0.00058191978003259328 0.00078091425950167998 5.4303530212822146e-05 0.00018593745883966524 -0.0018641310631210219 0.0016511870682454452 -0.00069507968620638612 -7.2586081223562367e-05 0.0022313024961100572 9.1574097517877821e-05 -0.0021888620663611663 -0.00012604487343755111 -0.0012933422691929035 -0.0014401281957647631 0.00045641995510896263 -8.2430141954692753e-06
leaf_weight=20 23 21 23 29 41 24 117 20 34 99 476 55 75 37 61 88 233 63 32 26 27 20 29 25 21 127 39 35 23 9553
leaf_count=20 23 21 23 29 41 24 117 20 34 99 476 55 75 37 61 88 233 63 32 26 27 20 29 25 21 127 39 35 23 9553
internal_value=6.25357e-14 -0.000596661 2.29245e-06 6.88857e-07 2.7811e-06 0.000472925 -1.3375e-06 -0.000473381 0.000789432 4.45523e-06 1.50089e-05 0.000301319 0.000450945 0.000253171 0.000138517 0.000373526 -0.000154032 0.000166509 -0.000262314 -2.98035e-05 -0.00018534 -0.00059587 0.000672745 0.00124069 -0.00134861 -0.000372879 -0.000837382 -0.00094284 -0.00038926 2.50478e-06
internal_weight=11496 44 11452 11429 11400 99 11301 137 75 11164 10467 438 360 285 248 187 697 176 521 307 281 214 117 54 48 182 59 55 78 10029
internal_count=11496 44 11452 11429 11400 99 11301 137 75 11164 10467 438 360 285 248 187 697 176 521 307 281 214 117 54 48 182 59 55 78 10029
is_linear=0
shrinkage=0.05


Tree=113
num_leaves=31
num_cat=0
split_feature=4 2 6 0 0 5 5 1 1 5 6 3 5 1 5 2 5 6 4 0 5 6 2 2 3 5 1 2 2 1
split_gain=0.00577841 0.0087575 0.00711143 0.00724045 0.00856663 0.00652446 0.0129457 0.00729022 0.00558451 0.00633812 0.00535888 0.00862668 0.00752727 0.00648103 0.0141142 0.0130947 0.0268756 0.0118155 0.0224348 0.0113834 0.0147479 0.0115171 0.0105004 0.00987232 0.0214514 0.0192838 0.0125017 0.0107756 0.00953151 0.00877722
threshold=-0.1011354941912317 -4.0778821232618814 -14.884846775426412 0.78476499893267271 0.80001930524045262 0.44949177700076048 0.36021746842229135 -5.6846508236253799 31.022699478813923 0.67591747704908656 42.01367201014893 0.23223572776312887 0.55871177605110411 18.129357768820558 0.52925241987363736 26.753810608180505 0.92541945609095155 30.584114907601784 2.5015912564931599 0.75153253279790988 1.0901309961159988 33.875168688310112 47.404755235365151 37.660102896243771 0.2213617118221072 1.087135128024171 20.062699863120972 33.872996123039322 23.234804363787493 15.200904742565582
decision_type=2 2 2 2 2 2 2 2 2 2 2 2 2 2 2 2 2 2 2 2 2 2 2 2 2 2 2 2 2 2
left_child=2 -2 -1 5 -5 6 7 -4 10 -10 13 -12 -13 17 -15 16 -16 18 22 20 -18 -22 -3 24 26 -26 -17 -28 -19 -30
right_child=1 8 3 4 -6 -7 -8 -9 9 -11 11 12 -14 14 15 23 19 28 -20 -21 21 -23 -24 -25 25 -27 27 -29 29 -31
leaf_value=0.00081706099575967533 -0.00090624271297538481 -2.0598056438798317e-06 0.00066242119704120232 -0.0011891884515838078 2.1602636934403563e-05 0.00071331106189807716 -0.00058187439036665417 4.4259787903777992e-05 6.5878499299287801e-06 -0.0011948550142170419 0.00098137934142464973 0.00064977626148342662 -0.0004733613507622587 -0.0012358672900831906 0.0011610878515057267 -0.00082852127501567791 0.00027755666120281942 0.0014647038475959562 -0.0014691993773270112 0.00091215287712180905 -0.0017392441882596661 -0.00030866895429105222 0.00074703934064637777 -9.1689586263290961e-05 -0.0024676031471850975 -0.0003928931346828384 0.00084575369816905412 -0.00056640127057273112 0.0011285244366154073 8.2111499875398941e-05
leaf_weight=40 27 10032 81 21 48 55 53 116 23 21 36 26 35 29 56 43 49 20 26 21 24 34 47 305 24 21 35 22 25 101
leaf_count=40 27 10032 81 21 48 55 53 116 23 21 36 26 35 29 56 43 49 20 26 21 24 34 47 305 24 21 35 22 25 101
internal_value=5.87406e-13 -6.8516e-06 0.000183404 0.000115634 -0.000346899 0.000220272 0.000111804 0.000298428 -4.65499e-06 -0.000566828 -2.40854e-06 0.00036759 5.35304e-06 -5.69696e-06 -0.000157202 -0.000107862 0.000247499 4.10186e-06 -2.35055e-06 -0.000152196 -0.000361087 -0.000900631 1.43336e-06 -0.000253165 -0.000592821 -0.00149941 -0.000184859 0.000300711 0.000450688 0.000289733
internal_weight=11496 11082 414 374 69 305 250 197 11055 44 11011 97 61 10914 663 634 184 10251 10105 128 107 58 10079 450 145 45 100 57 146 126
internal_count=11496 11082 414 374 69 305 250 197 11055 44 11011 97 61 10914 663 634 184 10251 10105 128 107 58 10079 450 145 45 100 57 146 126
is_linear=0
shrinkage=0.05


Tree=114
num_leaves=31
num_cat=0
split_feature=0 0 5 3 1 5 4 3 5 1 1 2 1 4 4 2 5 1 2 1 2 3 5 2 2 5 3 1 3 5
split_gain=0.00559045 0.0160959 0.0199026 0.0181923 0.0133936 0.0239563 0.0132198 0.010555 0.0140358 0.0116032 0.0105262 0.00967801 0.00913678 0.00873603 0.00836779 0.00866796 0.0142653 0.00995693 0.0150658 0.0117024 0.00904044 0.00900012 0.0086192 0.0131125 0.00783913 0.010524 0.0115361 0.0381569 0.0188888 0.0108417
threshold=0.67124621226604397 0.68367624457921272 1.1558303738457092 0.19876114487954619 11.175046217995313 0.88304227208766994 1.3452362414783019 0.08369139020916401 0.34789898647570389 6.1102159801713745 21.14152512614417 -2.4997444364651678 18.129357768820558 2.5395356087630785 2.4772476427919945 21.39565861453838 0.97888486710845657 29.24857398931643 25.572578354680044 21.752192015745354 33.872996123039322 0.20250142036994304 1.0440291882829049 31.936368311587142 29.050368300605744 1.1983575341147341 0.170304914153912 11.663762907503974 0.16360520554029315 0.87981137174557078
decision_type=2 2 2 2 2 2 2 2 2 2 2 2 2 2 2 2 2 2 2 2 2 2 2 2 2 2 2 2 2 2
left_child=-1 2 3 4 5 7 -4 8 -2 11 -5 -9 13 24 15 -14 17 18 -17 20 -20 -21 -18 -24 -3 26 28 -28 29 -26
right_child=1 12 6 10 -6 -7 -8 9 -10 -11 -12 -13 14 -15 -16 16 22 -19 19 21 -22 -23 23 -25 25 -27 27 -29 -30 -31
leaf_value=-0.0001333175601446427 2.2636020830992867e-05 1.2308384390181108e-06 0.00070262898632790895 0.0018966360716149212 -0.00063032968568482576 0.001398669628892094 -0.00077867545874514543 7.4190956145299213e-05 0.0010398351232288406 0.00079799214366912139 0.00062850015480459367 -0.0011112483312495493 0.00027643154039545809 -0.00056487009526266991 -1.9975229722416272e-05 0.0011836535390466452 -0.0018825368024408817 -0.001121458615775087 -0.0015822152784537701 0.00098506556193266688 -0.00035960282860927423 -0.00027206534070761077 -0.0014603211699674528 0.0001643019525901131 -9.6235346250637119e-05 0.00070045271436095077 -0.0018780001455211436 0.00011346372948730976 0.0015268594404915349 0.00056340902682517052
leaf_weight=736 78 9038 20 30 35 50 61 33 60 21 36 36 43 66 351 20 23 28 21 24 54 35 27 23 160 87 29 141 28 102
leaf_count=736 78 9038 20 30 35 50 61 33 60 21 36 36 43 66 351 20 23 28 21 24 54 35 27 23 160 87 29 141 28 102
internal_value=4.58038e-13 9.11912e-06 0.000298494 0.000450538 0.000291466 0.000407519 -0.000412921 0.000190162 0.000464897 -0.000231098 0.00120493 -0.000544299 -3.80443e-06 8.4075e-06 -0.000185403 -0.000380252 -0.000490987 -0.00025414 -9.64462e-05 -0.000287506 -0.000701934 0.00023931 -0.00108148 -0.000712995 1.2355e-05 0.000196157 0.000100779 -0.000226257 0.00029249 0.000160573
internal_weight=11496 10760 460 379 313 278 81 228 138 90 66 69 10300 9651 649 298 255 182 154 134 75 59 73 50 9585 547 460 170 290 262
internal_count=11496 10760 460 379 313 278 81 228 138 90 66 69 10300 9651 649 298 255 182 154 134 75 59 73 50 9585 547 460 170 290 262
is_linear=0
shrinkage=0.05


Tree=115
num_leaves=31
num_cat=0
split_feature=1 4 5 0 2 5 3 1 3 5 5 3 4 3 5 0 2 1 3 3 2 1 1 3 1 5 4 2 1 3
split_gain=0.00540999 0.0296546 0.0154627 0.0215949 0.0104632 0.0251564 0.0267347 0.026593 0.0204143 0.020134 0.0181795 0.0193538 0.0174049 0.0457684 0.0194639 0.0385078 0.0362917 0.0255154 0.0209536 0.0208381 0.0300372 0.0309885 0.0247765 0.0393233 0.0368707 0.0197334 0.0171984 0.0198207 0.01419 0.0341102
threshold=-0.61830692977362089 1.5108141485052822 1.7008703771357452 0.71285268178060279 7.6037687969789252 0.71504573822540662 0.10258901098829272 1.7523022436966686 0.086718185450694207 1.5625918901124045 0.6501861057972016 0.14181870050599368 1.2686538246752324 0.16067922637616791 1.020275679730964 0.8190973292106557 0.1849890403810712 7.9174697899248363 0.19276110095626317 0.11756705202862265 2.8036297552730978 3.4165123283943393 2.6580043312449679 0.14747131539467614 3.3157918899795473 1.1700310344335201 0.12056448577176672 -0.95967878883527458 3.1479222427203806 0.12257375534213759
decision_type=2 2 2 2 2 2 2 2 2 2 2 2 2 2 2 2 2 2 2 2 2 2 2 2 2 2 2 2 2 2
left_child=1 -1 4 -4 5 6 -2 26 -7 12 11 -9 14 -14 15 19 -16 18 25 20 -10 -22 -21 -24 -25 -18 -8 -28 29 -6
right_child=2 -3 3 -5 28 8 7 10 9 -11 -12 -13 13 -15 16 -17 17 -19 -20 22 21 -23 23 24 -26 -27 27 -29 -30 -31
leaf_value=3.5485840208279521e-05 -0.00011121672117193177 0.001919059082865715 -0.002020235677912791 -0.00015690244248010762 -1.4539124384620143e-05 0.00095162715162587128 0.00069944044980469963 0.00081514578660062402 -0.0011795926519590331 0.00070286116384594098 0.0015153224764940061 -0.00053185684573171397 -0.0027891826344421133 -0.00037377127676506292 -0.0018589488733559848 0.0013973534107208252 -1.5057897583877397e-05 0.0018440738692879677 -0.0010879985038184552 -0.00099864128193406614 0.00053255407422993283 -0.0015753380412934347 -0.00091512631063530789 0.002378623844124377 -3.0928102881132093e-05 0.0010147047110540034 -0.0018165013432735579 -7.2931794864239123e-06 -3.1603549217762864e-05 0.00051357189717301296
leaf_weight=4228 518 21 23 48 945 35 35 112 47 51 62 35 25 91 25 28 336 20 39 264 136 20 110 20 77 54 24 41 3574 452
leaf_count=4228 518 21 23 48 945 35 35 112 47 51 62 35 25 91 25 28 336 20 39 264 136 20 110 20 77 54 24 41 3574 452
internal_value=-3.63622e-13 4.47951e-05 -2.62639e-05 -0.000760517 -1.89991e-05 -0.000109652 0.000108351 0.000476429 -0.000240485 -0.000271552 0.000797279 0.000494431 -0.000310016 -0.000894334 -0.000252379 -0.000419528 -4.83035e-06 9.84056e-05 1.70225e-05 -0.000495007 -7.15284e-05 0.000262311 -0.000677525 -0.000267985 0.000465887 0.000127525 -0.000194146 -0.000675309 2.12118e-05 0.000156331
internal_weight=11496 4249 7247 71 7176 2205 827 309 1378 1343 209 147 1292 116 1176 702 474 449 429 674 203 156 471 207 97 390 100 65 4971 1397
internal_count=11496 4249 7247 71 7176 2205 827 309 1378 1343 209 147 1292 116 1176 702 474 449 429 674 203 156 471 207 97 390 100 65 4971 1397
is_linear=0
shrinkage=0.05


Tree=116
num_leaves=31
num_cat=0
split_feature=6 2 2 6 0 2 5 5 6 6 1 1 5 3 0 0 5 1 6 3 1 2 5 0 3 2 6 2 1 0
split_gain=0.00552908 0.0339169 0.0271282 0.020795 0.0150435 0.0141849 0.0186078 0.0373445 0.0178442 0.016768 0.0165958 0.0251663 0.0265159 0.0193977 0.0154732 0.0149521 0.0279236 0.0134861 0.0134618 0.0133792 0.0115993 0.0115418 0.0303715 0.0198935 0.0186934 0.0175921 0.0135202 0.014457 0.0130695 0.011481
threshold=0.93874316179933248 0.67005934370052145 1.3161993054624397 1.4938995645924127 0.85327293420382011 4.2719694927344607 0.58504138994689803 0.71504573822540662 6.8937405552264499 3.4285312392930387 -2.804405432755019 0.78441139235097002 0.92841912171303032 0.22270978164923813 0.76227904849760464 0.71285268178060279 1.109860018098733 1.4478451607408018 5.8538689815347125 0.26768244066807728 3.8337084469320941 1.8691429149653762 0.63727805436289919 0.80272281177559746 0.10381578892221938 2.3553606142569765 -2.8647982552747169 -0.20254539745381719 -2.9165684154094147 0.73816534628813069
decision_type=2 2 2 2 2 2 2 2 2 2 2 2 2 2 2 2 2 2 2 2 2 2 2 2 2 2 2 2 2 2
left_child=20 3 -3 -2 5 6 -4 -8 9 15 -7 12 -12 14 18 17 -17 -9 -14 -11 21 26 24 25 -23 29 27 -1 -27 -24
right_child=1 2 4 -5 -6 10 7 8 -10 19 11 -13 13 -15 -16 16 -18 -19 -20 -21 -22 22 23 -25 -26 28 -28 -29 -30 -31
leaf_value=7.3193837664559233e-05 -0.00037330683829168271 0.0013120373000243778 -0.0012407544378220338 -0.0022014361047435422 0.0013410787779139354 -0.00097648560873825449 0.0010913137661512284 -0.00034785478686292972 0.00076041679062387527 -0.0011668515377677977 3.3977583492802235e-05 -3.3495842166381049e-05 0.00014103059184577193 -0.00044153890900175885 0.0015410756465752383 -0.00079817590672064402 0.00041977582563497667 0.0011589283561051795 0.0014346792267557855 0.00019507622174304827 0.00093256932466627212 9.2440758484245412e-05 0.00049803845645130982 0.0021815401597202501 -0.0013901899409988388 0.00015173272695392372 -0.00015428243405326709 -0.00043103251668340182 0.0012727517068598015 -0.0011189736758491823
leaf_weight=3095 35 38 46 28 20 44 51 27 34 100 273 5140 61 27 74 148 69 33 30 22 36 632 23 22 22 39 1079 149 78 21
leaf_count=3095 35 38 46 28 20 44 51 27 34 100 273 5140 61 27 74 148 69 33 30 22 36 632 23 22 22 39 1079 149 78 21
internal_value=5.88209e-13 -3.14911e-05 -1.98313e-05 -0.00118581 -2.79957e-05 -3.24271e-05 -0.000279755 -0.00018842 -0.000339151 -0.000432848 -9.22231e-06 -1.62916e-06 0.000350618 0.00080084 0.00100414 -0.000217736 -0.000410901 0.000480876 0.000567508 -0.000921258 3.8182e-05 3.19421e-05 0.000201889 0.000771271 4.25663e-05 0.000578563 -9.62217e-07 5.00342e-05 0.000899079 -0.000273717
internal_weight=11496 6300 6237 63 6199 6179 530 484 433 399 5649 5605 465 192 165 277 217 60 91 122 5196 5160 837 183 654 161 4323 3244 117 44
internal_count=11496 6300 6237 63 6199 6179 530 484 433 399 5649 5605 465 192 165 277 217 60 91 122 5196 5160 837 183 654 161 4323 3244 117 44
is_linear=0
shrinkage=0.05


Tree=117
num_leaves=31
num_cat=0
split_feature=2 6 4 4 2 1 4 4 1 0 7 3 1 3 0 3 4 0 1 0 1 4 2 6 1 3 1 4 4 1
split_gain=0.00542209 0.00752916 0.0120256 0.0139071 0.0102103 0.00960633 0.00887138 0.0112384 0.00927237 0.00678513 0.00512951 0.00522752 0.013194 0.0125125 0.0118878 0.00961197 0.0254461 0.0184033 0.0159358 0.0104517 0.0112103 0.0124349 0.01012 0.00963568 0.00925826 0.0140639 0.00978121 0.0419344 0.0207009 0.02249
threshold=-4.0778821232618814 -13.924238603290497 -0.13739828278119789 -0.034407879252367289 -3.4610990022684298 -12.752118354854934 0.62199215924589579 0.37037846449690448 -9.9889946680254003 0.77982216449742336 0.18395841789426978 0.13510148952138687 21.752192015745354 0.13268414432826339 0.62511277048434277 0.13038447852173088 1.2255537836684245 0.77595654532627212 8.7107179001681985 0.65535110986993717 2.1012715643712214 0.89436688786593022 -1.7506257341193889 16.545062406924007 29.24857398931643 0.28259303266915564 -6.6036533644670872 0.51002693179406744 0.053045917802620537 -7.377739911321445
decision_type=2 2 2 2 2 2 2 2 2 2 2 2 2 2 2 2 2 2 2 2 2 2 2 2 2 2 2 2 2 2
left_child=-1 2 4 -4 -2 -3 7 8 9 -5 11 12 13 15 -13 19 17 18 -17 20 22 -22 -7 -18 26 -26 28 -28 -16 -30
right_child=1 5 3 6 -6 10 -8 -9 -10 -11 -12 14 -14 -15 24 16 23 -19 -20 -21 21 -23 -24 -25 25 -27 27 -29 29 -31
leaf_value=-0.00054175634336981761 0.00034623463940806686 -0.00086862607276998465 -0.001137119801278459 -0.00064735323501129952 0.0018619238003157079 -0.00040770327812675409 -0.00045428713475463589 0.0013002739318956932 0.0011467660055495799 0.00032340872846867169 -0.00078178894937515168 0.0010325238860857029 0.0012852460079427277 0.00044824141170223908 -0.0017020048949432196 -0.00067690344220852551 -0.0022237943660002204 0.0010102403769975134 0.00087274703463273396 4.3373882261876789e-05 -0.001937418186571449 -0.00027910035613995906 0.00036781904559437395 -0.00069031344513253621 -0.0012004153326242455 0.00015667810670233199 0.00059762385540311209 -4.452340769078986e-05 -4.3070833949333993e-05 -0.0010452181119035232
leaf_weight=46 25 32 20 30 20 116 34 30 20 45 21 26 21 173 23 79 20 33 21 5038 20 26 66 21 42 35 269 4633 447 64
leaf_count=46 25 32 20 30 20 116 34 30 20 45 21 26 21 173 23 79 20 33 21 5038 20 26 66 21 42 35 269 4633 447 64
internal_value=1.94957e-14 2.17649e-06 0.000289208 0.000105521 0.00101987 -3.55084e-06 0.000261827 0.000456611 0.000190191 -6.48961e-05 -1.07787e-06 3.89499e-07 3.43005e-05 2.96203e-05 -3.41031e-05 1.63075e-05 -0.000349323 -1.36072e-05 -0.000351477 2.83887e-05 -0.00030273 -0.00100011 -0.00012647 -0.00143835 -3.91334e-05 -0.000583555 -3.14218e-05 -9.28522e-06 -0.000234631 -0.000168584
internal_weight=11496 11450 224 179 45 11226 159 125 95 75 11194 11173 5634 5613 5539 5440 174 133 100 5266 228 46 182 41 5513 77 5436 4902 534 511
internal_count=11496 11450 224 179 45 11226 159 125 95 75 11194 11173 5634 5613 5539 5440 174 133 100 5266 228 46 182 41 5513 77 5436 4902 534 511
is_linear=0
shrinkage=0.05


Tree=118
num_leaves=31
num_cat=0
split_feature=6 1 6 4 1 3 5 7 3 5 4 1 6 5 3 4 5 1 6 2 1 1 4 5 1 6 4 6 5 4
split_gain=0.00490981 0.0143366 0.00549362 0.0115009 0.0151991 0.00523731 0.00515746 0.00458826 0.0048472 0.0160849 0.0260442 0.0399974 0.0190192 0.0166284 0.0116985 0.0147354 0.0115294 0.018148 0.0419021 0.033243 0.0275973 0.022249 0.0492671 0.0237765 0.0234519 0.019167 0.0192767 0.0199682 0.0188115 0.0176244
threshold=-16.731352277925691 -13.376818390780587 -12.79835494464972 0.37037846449690448 -11.563225137424297 0.14974068336076612 0.62900615938043425 0.18395841789426978 0.13510148952138687 1.0168023613842128 0.45884624049025874 -5.3436807981752592 -8.1904604671296166 1.3441135311835699 0.13268414432826339 1.9813479809607275 1.020275679730964 1.2033805964936752 2.4744544179856152 3.3906181577272592 -0.61830692977362089 -6.6036533644670872 0.4474637760666309 0.5945166880706757 -3.3739585404041756 2.4744544179856152 0.85044706763914102 0.095732160437343325 0.57743024819706423 0.63785984842305909
decision_type=2 2 2 2 2 2 2 2 2 2 2 2 2 2 2 2 2 2 2 2 2 2 2 2 2 2 2 2 2 2
left_child=5 -2 3 4 -3 -1 -6 8 9 14 12 -12 -11 -13 15 -4 17 20 -19 -20 21 29 23 -23 -25 26 27 -24 -22 -10
right_child=1 2 7 -5 6 -7 -8 -9 16 10 11 13 -14 -15 -16 -17 -18 18 19 -21 28 22 25 24 -26 -27 -28 -29 -30 -31
leaf_value=-0.0003091259227155454 -0.0009599462086230349 -0.0010531490030116402 4.1353244121219837e-05 0.0010689160941789548 0.00087881178010791009 0.00057529218365743879 0.00013066038778301195 -0.00074269949608216329 -0.00077675134822198695 -0.00051212505661555263 0.0011960286565810302 -0.00017700289036901435 -0.0024369721167853903 -0.0014101408937833562 0.000569173243195771 0.0012126506077712058 2.3238567501786029e-05 0.00085495552735458081 -0.0014002772445868082 -6.1872649051257665e-05 0.00051329000641337852 0.00014660809527547962 -0.00097382348030805588 0.00072711812196454666 0.0026565021103514093 0.00040457105004371939 -0.0019493966793211607 0.00049844572125506167 -0.0010437674813502094 0.00056422223931114227
leaf_weight=22 39 25 4881 36 29 70 112 21 158 33 53 477 21 29 110 27 3286 123 48 1387 22 54 61 36 28 52 26 37 164 29
leaf_count=22 39 25 4881 36 29 70 112 21 158 33 53 477 21 29 110 27 3286 123 48 1387 22 54 61 36 28 52 26 37 164 29
internal_value=-3.72621e-13 -2.93491e-06 3.49161e-07 0.000258771 8.3077e-05 0.000363801 0.000284535 -4.32711e-06 -2.93546e-06 2.969e-05 -0.000212091 -0.000110796 -0.00126068 -0.000247677 5.92259e-05 4.77968e-05 -3.62713e-05 -0.000124159 -3.0726e-05 -0.000106642 -0.000342402 -0.000142404 0.000128802 0.000919281 0.00157122 -0.000401178 -0.000739073 -0.000417967 -0.000859599 -0.000568793
internal_weight=11496 11404 11365 202 166 92 141 11163 11142 5631 613 559 54 506 5018 4908 5511 2225 1558 1435 667 481 294 118 64 176 124 98 186 187
internal_count=11496 11404 11365 202 166 92 141 11163 11142 5631 613 559 54 506 5018 4908 5511 2225 1558 1435 667 481 294 118 64 176 124 98 186 187
is_linear=0
shrinkage=0.05


Tree=119
num_leaves=31
num_cat=0
split_feature=2 5 1 4 5 0 2 5 1 3 3 5 0 2 4 3 0 5 0 0 2 3 1 1 0 5 3 1 5 5
split_gain=0.00486954 0.00898479 0.00517322 0.0257773 0.0134663 0.0193033 0.00953865 0.018988 0.0211274 0.0327893 0.0181396 0.0174751 0.0176955 0.0413703 0.0234314 0.0275582 0.0213476 0.0298616 0.0244592 0.026347 0.0296533 0.0228231 0.0266217 0.0202384 0.0201029 0.0191501 0.0513329 0.0208906 0.0168651 0.022737
threshold=-4.0778821232618814 0.70262474737725733 -0.68728169287121654 1.5108141485052822 1.7008703771357452 0.71285268178060279 7.6037687969789252 0.71504573822540662 2.0393225700970912 0.064242178195626151 0.086718185450694207 1.5625918901124045 0.71389837314934979 1.6935638741886783 1.2255537836684245 0.19058469337496928 0.76062429238623885 1.0390923170928674 0.77698967280807218 0.81794931663302306 4.8920659194460399 0.19521303426352413 2.6010087743194359 1.8232826986013808 0.731361885627141 0.85922110140762287 0.16278826479747782 1.2033805964936752 0.6501861057972016 0.61612453979571857
decision_type=2 2 2 2 2 2 2 2 2 2 2 2 2 2 2 2 2 2 2 2 2 2 2 2 2 2 2 2 2 2
left_child=1 -1 3 -2 6 -6 7 8 -4 -10 -9 12 13 -12 16 -16 17 24 25 20 -20 22 23 -19 -14 -18 27 -27 29 -11
right_child=2 -3 4 -5 5 -7 -8 10 9 28 11 -13 14 -15 15 -17 18 21 19 -21 -22 -23 -24 -25 -26 26 -28 -29 -30 -31
leaf_value=0.00021644916903989562 3.7699891586242829e-05 -0.0011824482547429702 -8.3258584747550465e-05 0.0017939181998372078 -0.001899556075627713 -0.00013786101141401258 2.2046134754862968e-05 0.00090800796976379526 -0.0014923004314186983 0.00056959797779376048 -0.0012805319503347231 0.00066314422214881969 -0.0001382759944309773 0.00049200763794855632 -0.0019966588839371172 -0.00043917373457754203 -0.00050305782973737224 -7.5359871073193117e-05 -0.0009781866594147069 0.00080269677593605606 0.00062478018320492792 -0.0015110854134642675 0.00058767120626582734 -0.0017058869080266541 -0.00099369409545176372 0.0012633619859862405 0.0030790949659422039 -0.00017001722438567102 0.0012825160132064518 -0.0011480967106763274
leaf_weight=22 4137 24 589 21 23 48 4974 35 20 155 41 51 94 167 45 77 40 71 131 40 37 24 127 26 255 39 20 73 68 22
leaf_count=22 4137 24 589 21 23 48 4974 35 20 155 41 51 94 167 45 77 40 71 131 40 37 24 127 26 255 39 20 73 68 22
internal_value=-4.17924e-13 -0.00051341 2.06261e-06 4.65697e-05 -2.33159e-05 -0.000708551 -1.65784e-05 -0.000102078 8.35543e-05 0.000454319 -0.000215883 -0.00024485 -0.00028028 0.000142613 -0.000360318 -0.00101366 -0.000278735 -0.000465202 1.42151e-05 -0.000350566 -0.000625152 -4.57073e-05 0.000111297 -0.000512408 -0.000763295 0.000455346 0.000745771 0.000329106 0.000613227 0.000356099
internal_weight=11496 46 11450 4158 7292 71 7221 2247 854 265 1393 1358 1307 208 1099 122 977 597 380 208 168 248 224 97 349 172 132 112 245 177
internal_count=11496 46 11450 4158 7292 71 7221 2247 854 265 1393 1358 1307 208 1099 122 977 597 380 208 168 248 224 97 349 172 132 112 245 177
is_linear=0
shrinkage=0.05


Tree=120
num_leaves=31
num_cat=0
split_feature=1 3 6 3 5 4 3 5 4 2 6 1 6 2 1 4 4 1 3 3 1 6 5 4 2 4 6 5 3 3
split_gain=0.0047071 0.00586709 0.00512342 0.00762152 0.00693546 0.00568474 0.0189346 0.0164563 0.0115175 0.0112283 0.0125641 0.0164098 0.0093947 0.0256686 0.0218003 0.0121196 0.0178526 0.0161418 0.0148547 0.0232465 0.0105065 0.00882247 0.0161131 0.0145101 0.014301 0.0119754 0.0137671 0.0144115 0.0113079 0.00949327
threshold=31.022699478813923 0.27315599561754372 42.01367201014893 0.23223572776312887 0.55871177605110411 2.2918937972104483 0.17749288015636175 0.84817409723181958 2.4531815844234073 37.660102896243771 35.98182466434384 23.130802125662644 29.082027869420475 25.572578354680044 14.734974920872858 1.8155794690418863 1.6738073841418732 18.535857562644924 0.23354519576207242 0.18192736242823929 16.975896656698101 29.858547158712678 1.1983575341147341 2.4011669387515977 25.572578354680044 2.5863319756327132 36.660612827665794 0.956471183188219 0.2213617118221072 0.22462171056106517
decision_type=2 2 2 2 2 2 2 2 2 2 2 2 2 2 2 2 2 2 2 2 2 2 2 2 2 2 2 2 2 2
left_child=2 -2 5 -4 -5 9 8 -8 -7 10 11 12 14 -14 -1 16 17 -16 19 -17 -21 22 28 24 -24 26 27 -23 -9 -29
right_child=1 -3 3 4 -6 6 7 21 -10 -11 -12 -13 13 -15 15 18 -18 -19 -20 20 -22 25 23 -25 -26 -27 -28 29 -30 -31
leaf_value=8.2642573688619527e-06 -0.0010935352744788609 6.1207349856638098e-05 0.00094074758882116936 0.00064191512244108782 -0.00043616669524843541 -0.00038306260636697214 -0.00066504498420443426 -0.00024844885945482097 -0.0016478366094330949 0.00036324442138754149 0.0011942912200042471 -0.0010529595584926397 0.0017080195558567841 -3.6365129419440132e-05 -0.0010352889839850832 -0.0013314014819043223 0.00090433675213716933 0.00060026059138842611 -0.0019253555520360049 0.00091450935276225212 -0.00046315025951292727 -0.00090637691318988804 0.0015819428670827463 -0.00055871784485740747 -5.2594924636650833e-05 -9.3535788230427928e-05 0.0010922505558205481 -0.0001484165211392489 -0.0017999061810163161 0.00078241604413571112
leaf_weight=10024 22 22 36 26 35 45 93 23 30 218 22 37 30 71 48 50 32 22 24 25 31 25 23 48 32 204 59 45 24 70
leaf_count=10024 22 22 36 26 35 45 93 23 30 218 22 37 30 71 48 50 32 22 24 25 31 25 23 48 32 204 59 45 24 70
internal_value=-9.77208e-13 -0.000516164 1.98316e-06 0.000363823 2.33436e-05 -1.10785e-06 -0.000136974 -4.96682e-05 -0.000888972 8.10409e-06 6.71235e-07 -1.85519e-06 1.89984e-06 0.000481769 -2.82586e-06 -0.000481995 -7.40134e-05 -0.000521259 -0.000802104 -0.000547783 0.000151876 5.3822e-05 -0.000273526 7.65358e-05 0.000630939 0.000175664 0.000451627 0.00018165 -0.00104068 0.000418177
internal_weight=11496 44 11452 97 61 11355 721 646 75 10634 10416 10394 10357 101 10256 232 102 70 130 106 56 553 150 103 55 403 199 140 47 115
internal_count=11496 44 11452 97 61 11355 721 646 75 10634 10416 10394 10357 101 10256 232 102 70 130 106 56 553 150 103 55 403 199 140 47 115
is_linear=0
shrinkage=0.05


Tree=121
num_leaves=31
num_cat=0
split_feature=1 4 6 2 4 1 3 6 2 1 1 1 6 0 0 5 0 2 1 5 5 0 3 2 0 5 4 6 6 2
split_gain=0.00457783 0.0111087 0.00926397 0.00827472 0.0101463 0.00722106 0.0112765 0.0164579 0.00607127 0.00817871 0.0100181 0.00825517 0.007211 0.00590153 0.00948568 0.0132315 0.00883161 0.03171 0.015322 0.0282917 0.0267219 0.0187299 0.0106012 0.0216875 0.0097822 0.00867588 0.00860952 0.014688 0.00862195 0.0262844
threshold=27.538023022653359 2.3361687186777904 40.849447649465411 43.256881240856153 2.5395356087630785 23.742394834092266 0.19397545506697819 35.275355900399582 47.404755235365151 21.752192015745354 16.975896656698101 3.8337084469320941 36.660612827665794 0.67124621226604397 0.68367624457921272 1.4747593526478606 0.63967138443054894 -2.8045885114022986 2.4788550242725087 1.0582644706873789 0.72661125454634967 0.6491011876661904 0.10878037150417992 22.485968442455519 0.66061952786582157 0.42491725005900904 2.5395356087630785 31.112012552659035 29.082027869420475 28.413485432283395
decision_type=2 2 2 2 2 2 2 2 2 2 2 2 2 2 2 2 2 2 2 2 2 2 2 2 2 2 2 2 2 2
left_child=2 -2 5 4 -3 8 -7 -8 13 10 11 -10 -12 16 15 -15 17 25 19 20 -18 -20 -19 -24 -22 -1 28 -28 -16 -30
right_child=1 3 -4 -5 -6 6 7 -9 9 -11 12 -13 -14 14 26 -17 18 22 21 -21 24 -23 23 -25 -26 -27 27 -29 29 -31
leaf_value=6.4682300508138733e-05 -0.0013184071751311422 -0.00019398386163326604 0.00052970590172279409 -0.00054562211253841484 0.0011689544200304558 0.00028981695591937749 -0.0019387305204180026 -0.00029739005091999264 9.3343470334297134e-05 0.0010531309743722279 -0.00039644426863690436 0.0015127289039082827 0.00068008276415639553 0.00030179634199043072 -3.0894955906121254e-06 -0.00098516020724283802 5.3055999978823826e-05 0.00019905986162715609 -0.001691835421115684 0.0015551040495315998 -0.00061348387928403638 -0.00037622135372034142 0.0020841269625415065 7.4560714885592459e-05 -0.002052339720761492 -0.0012161892337294727 -0.0014318202837818751 -0.00014674003681330573 0.0013073433441676055 3.2419978304413888e-05
leaf_weight=20 22 36 83 52 22 40 21 56 21 30 70 20 20 408 9486 21 232 63 32 26 27 175 29 25 21 39 27 126 51 195
leaf_count=20 22 36 83 52 22 40 21 56 21 30 70 20 20 408 9486 21 232 63 32 26 27 175 29 25 21 39 27 126 51 195
internal_value=-1.30247e-13 -0.000292756 3.40054e-06 -8.76252e-05 0.000322993 -4.71754e-07 -0.000391235 -0.000745028 3.62349e-06 0.000308443 0.000137903 0.000785727 -0.000157216 -8.36738e-07 8.62765e-06 0.000238798 -0.000142514 0.000163106 -0.000247366 -2.26193e-05 -0.000169122 -0.000579601 0.000639696 0.00115377 -0.00124298 -0.000781995 -1.36155e-06 -0.000373519 4.48926e-06 0.000296733
internal_weight=11496 132 11364 110 58 11281 117 77 11164 161 131 41 90 11003 10314 429 689 176 513 306 280 207 117 54 48 59 9885 153 9732 246
internal_count=11496 132 11364 110 58 11281 117 77 11164 161 131 41 90 11003 10314 429 689 176 513 306 280 207 117 54 48 59 9885 153 9732 246
is_linear=0
shrinkage=0.05


Tree=122
num_leaves=31
num_cat=0
split_feature=6 0 5 2 5 4 3 3 5 6 2 6 6 5 2 0 0 5 2 4 6 0 3 0 2 4 5 4 2 6
split_gain=0.00440355 0.00781232 0.00646903 0.00431455 0.00801763 0.00474419 0.0101352 0.00874211 0.00640041 0.00628959 0.00546253 0.00883934 0.00748899 0.00960004 0.00637131 0.00605338 0.00900668 0.00519964 0.0106687 0.0133363 0.00592037 0.0181874 0.00600266 0.0257371 0.0312494 0.0204854 0.0178997 0.0111893 0.00586236 0.025553
threshold=-16.731352277925691 0.8045422603626935 1.4528990075563233 -4.0778821232618814 0.70262474737725733 0.13521465303118832 0.059980107793122628 0.06197886682266246 0.14501332188968113 8.4556446198126629 0.94661851252573659 -0.18313700728796631 0.77666980675844965 0.45738867038362868 5.2130149235641348 0.75817963880811956 0.73403139186257305 0.38138189239244574 2.1952416067535605 0.77049223523160648 44.590586333132194 0.7114284365669582 0.074448699452127606 0.75001897022501884 10.81513172418458 0.28172998214585854 0.70262474737725733 0.37037846449690448 8.9694742829480791 5.9387959486374537
decision_type=2 2 2 2 2 2 2 2 2 2 2 2 2 2 2 2 2 2 2 2 2 2 2 2 2 2 2 2 2 2
left_child=1 2 -1 4 -2 -5 9 -8 -9 10 11 15 -12 14 -14 16 -7 18 -10 -20 22 -22 23 24 25 -19 27 -25 -24 -30
right_child=3 -3 -4 5 -6 6 7 8 17 -11 12 -13 13 -15 -16 -17 -18 20 19 -21 21 -23 28 26 -26 -27 -28 -29 29 -31
leaf_value=0.00073209671379747588 0.0002034188533963805 0.0012187475292012096 -0.00025461484923574104 6.6110309333925624e-05 -0.0011180436442373321 -0.00023526136702089605 0.00080963014056165291 0.00086609104681493988 0.00038142080327439735 -0.0010873507824726402 0.00034756635188064658 -0.0013658075873867017 -0.0008271479047327248 0.00084264768250120288 -0.00017282684164561892 0.00032837308409075527 -0.0013929657037113517 7.2848905581346854e-05 -0.0017962387861362437 -0.00020242261550655323 0.0013341384197701701 -0.00027419827723254765 -5.3160076267913093e-05 -0.0009357404930051416 -0.00089919578629256848 0.0013709824942515995 -0.0017826734770399828 0.00061271460373453534 0.00054822996650748083 -1.7342295772939474e-06
leaf_weight=26 22 20 46 2147 24 84 33 21 29 20 79 22 43 21 276 31 21 47 21 35 32 39 4502 20 29 86 21 28 225 3446
leaf_count=26 22 20 46 2147 24 84 33 21 29 20 79 22 43 21 276 31 21 47 21 35 32 39 4502 20 29 86 21 28 225 3446
internal_value=2.30672e-13 0.000344535 0.000101698 -2.77948e-06 -0.00048604 -8.2227e-07 -1.64236e-05 -2.61603e-06 -5.73969e-06 -0.000215651 -0.000185436 -0.000435965 -9.09647e-05 -0.000192859 -0.000261027 -0.000285549 -0.000466802 -7.87853e-06 -0.000396995 -0.000800104 -3.97588e-06 0.000450686 -7.81703e-06 0.000243536 0.000587974 0.000912244 -0.000565144 -3.2475e-05 -1.49212e-05 3.19737e-05
internal_weight=11496 92 72 11404 46 11358 9211 8614 8581 597 577 158 419 340 319 136 105 8560 85 56 8475 71 8404 231 162 133 69 48 8173 3671
internal_count=11496 92 72 11404 46 11358 9211 8614 8581 597 577 158 419 340 319 136 105 8560 85 56 8475 71 8404 231 162 133 69 48 8173 3671
is_linear=0
shrinkage=0.05


Tree=123
num_leaves=31
num_cat=0
split_feature=7 1 6 5 5 6 1 3 6 4 0 0 5 5 5 4 3 1 4 3 3 3 0 1 3 4 4 0 6 5
split_gain=0.00454364 0.00439565 0.0102883 0.0141377 0.0237197 0.0081315 0.00655992 0.0101868 0.0148509 0.00557084 0.00511726 0.0104534 0.0130438 0.0180563 0.0129683 0.010706 0.00926007 0.0212239 0.0123688 0.0131589 0.00811631 0.00831215 0.00684426 0.0253165 0.00726195 0.0076129 0.0162932 0.00934074 0.00704114 0.0123357
threshold=0.18395841789426978 27.538023022653359 48.475345436014223 0.5945166880706757 0.77492952417856376 40.849447649465411 23.742394834092266 0.19397545506697819 35.275355900399582 2.5863319756327132 0.67124621226604397 0.68367624457921272 1.1558303738457092 0.76733154353184874 0.70875302688808395 1.3452362414783019 0.19876114487954619 11.175046217995313 1.4016515176490945 0.13587903221614248 0.26237910899735317 0.24995396247014587 0.68700197322809775 14.46314875195335 0.22761411907576456 1.0452070918021399 1.6947058709584319 0.68550861728276935 -11.832597164209599 1.1463448927070827
decision_type=2 2 2 2 2 2 2 2 2 2 2 2 2 2 2 2 2 2 2 2 2 2 2 2 2 2 2 2 2 2
left_child=1 5 3 -3 -5 6 10 -8 -9 -10 20 12 13 14 -12 -14 17 18 19 -15 21 -1 23 24 25 27 -27 -13 29 -24
right_child=-2 2 -4 4 -6 -7 7 8 9 -11 11 22 15 16 -16 -17 -18 -19 -20 -21 -22 -23 28 -25 -26 26 -28 -29 -30 -31
leaf_value=-0.00012675580414115022 -0.00073479314506541766 0.00051467429888858035 0.00036065252095882202 -0.0022938423578373413 -0.00029771327626013262 0.00049776768874254637 0.00027591455582296479 -0.0018415848303231456 0.000386637959163636 -0.00065414039563620467 0.00023243684560293331 -0.00041752799988052874 0.0006641613185638562 0.0011895805878405711 -0.00090915039683499461 -0.00067737405870816323 0.0014635786778710196 -0.00069525117444125227 0.001988618907385639 -0.00018843980816503369 -0.001094261740910865 0.00090798855759203437 0.0003949175246693273 -0.0019349873964009539 0.00075641241591339089 -0.0017712017565610864 2.116095001838403e-05 0.0006660760559670225 -7.0073244152701666e-07 -0.00013495364769395177
leaf_weight=656 21 22 42 22 46 83 40 21 20 36 175 43 20 41 29 58 38 26 21 30 21 20 295 21 22 21 32 37 9362 175
leaf_count=656 21 22 42 22 46 83 40 21 20 36 175 43 20 41 29 58 38 26 21 30 21 20 295 21 22 21 32 37 9362 175
internal_value=1.83445e-13 1.34472e-06 -0.000285524 -0.000587072 -0.00094352 4.68304e-06 1.04841e-06 -0.000371393 -0.000707657 -0.000282434 4.95899e-06 1.37114e-05 0.000252801 0.000379809 7.01524e-05 -0.000333391 0.000784744 0.000566136 0.000922615 0.000607318 -0.000126215 -9.61421e-05 3.24769e-06 -0.000305799 -8.50703e-05 -0.000224263 -0.00068902 8.36389e-05 8.77985e-06 0.000197625
internal_weight=11496 11475 132 90 68 11343 11260 117 77 56 11143 10446 438 360 204 78 156 118 92 71 697 676 10008 176 155 133 53 80 9832 470
internal_count=11496 11475 132 90 68 11343 11260 117 77 56 11143 10446 438 360 204 78 156 118 92 71 697 676 10008 176 155 133 53 80 9832 470
is_linear=0
shrinkage=0.05


Tree=124
num_leaves=31
num_cat=0
split_feature=7 6 2 2 2 0 2 5 4 1 0 0 6 1 1 5 0 6 4 2 5 4 1 0 1 1 6 2 0 5
split_gain=0.00410063 0.00411937 0.0308686 0.0242871 0.0191243 0.0135273 0.0120304 0.0159786 0.033617 0.0167859 0.028858 0.0224925 0.0217854 0.0153206 0.0231727 0.0213762 0.0113823 0.0161359 0.0144861 0.010376 0.0264245 0.0228853 0.0322291 0.0159002 0.0127972 0.0108932 0.011136 0.0122515 0.0106768 0.0308779
threshold=0.18395841789426978 0.93874316179933248 0.67005934370052145 1.3161993054624397 0.3586554600596028 0.85327293420382011 4.2719694927344607 0.58504138994689803 0.64731121288010962 4.4216294638092855 0.74553121292180469 0.78566925523892983 4.4725669136228312 -2.804405432755019 0.78441139235097002 0.92841912171303032 0.76227904849760464 4.7052148169847081 1.2372799198486011 1.8691429149653762 0.63727805436289919 0.83541913209124097 -3.9781549084291483 0.74663197115473767 -1.6904037729682517 3.8337084469320941 -2.8647982552747169 -0.20254539745381719 0.83462287581430072 0.75914155551963891
decision_type=2 2 2 2 2 2 2 2 2 2 2 2 2 2 2 2 2 2 2 2 2 2 2 2 2 2 2 2 2 2
left_child=1 19 4 -4 -3 6 7 -5 -9 12 -11 -12 -10 -8 15 -15 18 -18 -17 25 24 -22 -23 -24 -21 26 27 -1 -28 -30
right_child=-2 2 3 5 -6 -7 13 8 9 10 11 -13 -14 14 -16 16 17 -19 -20 20 21 22 23 -25 -26 -27 28 -29 29 -31
leaf_value=6.3832804091535063e-05 -0.00069805348646782698 -0.00046656057841573786 0.00124540909585592 -0.0011450076802208534 -0.002275978948455304 0.0012757278227945789 -0.00093467415506231848 0.00093788289406802514 -0.00036595185016424547 -0.00082728016911254787 0.0024050549324601891 0.00015543180960230529 -0.0019271727544643608 5.3466346120086516e-05 -2.8473500366165334e-05 -0.00021008722699251866 0.0015999807382843668 9.5245928503572951e-05 0.00096496645559522294 -0.0010192833556276228 0.0012140593522837243 0.0011889229064561532 0.00014523570730705701 -0.0017782329295931215 9.2670614247542511e-05 0.00086952398075178889 -0.00010347625988189635 -0.00040035517653230632 0.00047597525772289376 -0.0017379016608982866
leaf_weight=3091 21 40 38 46 23 20 44 60 324 31 20 25 24 268 5134 51 62 25 54 27 104 36 21 22 621 36 1015 149 28 36
leaf_count=3091 21 40 38 46 23 20 44 60 324 31 20 25 24 268 5134 51 62 25 54 27 104 36 21 22 621 36 1015 149 28 36
internal_value=-7.78211e-13 1.27748e-06 -2.59266e-05 -1.47836e-05 -0.00112714 -2.25223e-05 -2.67319e-05 -0.000254484 -0.000169848 -0.000326602 0.000346595 0.00115526 -0.000473622 -5.32209e-06 1.98779e-06 0.000341962 0.000744655 0.00116759 0.000394226 3.42676e-05 0.000196173 0.000726733 8.51905e-05 -0.000838865 4.63392e-05 3.3735e-06 -3.84609e-06 4.24859e-05 -0.000142971 -0.000769331
internal_weight=11496 11475 6289 6226 63 6188 6168 530 484 424 76 45 348 5638 5594 460 192 87 105 5186 831 183 79 43 648 4355 4319 3240 1079 64
internal_count=11496 11475 6289 6226 63 6188 6168 530 484 424 76 45 348 5638 5594 460 192 87 105 5186 831 183 79 43 648 4355 4319 3240 1079 64
is_linear=0
shrinkage=0.05


Tree=125
num_leaves=31
num_cat=0
split_feature=1 3 6 3 5 4 1 0 0 6 4 6 1 5 5 3 4 3 5 3 3 4 0 1 4 4 4 0 6 5
split_gain=0.00403538 0.00496045 0.00408425 0.00662368 0.00612525 0.00519928 0.00977568 0.00422564 0.0105383 0.0149326 0.0118515 0.018513 0.0241502 0.00756788 0.0137181 0.0108227 0.0096706 0.0118359 0.00954945 0.00738155 0.0074542 0.00689644 0.00673918 0.0251207 0.00671295 0.00714764 0.0108642 0.00836358 0.00638802 0.0111304
threshold=31.022699478813923 0.27315599561754372 42.01367201014893 0.23223572776312887 0.55871177605110411 2.6936095028548626 25.151941537787049 0.67124621226604397 0.68367624457921272 36.660612827665794 2.11344804665455 23.321926906456152 11.784686335769702 0.76733154353184874 1.1558303738457092 0.08369139020916401 1.4016515176490945 0.13587903221614248 0.34789898647570389 0.26237910899735317 0.24995396247014587 1.3452362414783019 0.68700197322809775 14.46314875195335 1.754436655724894 1.0452070918021399 1.6947058709584319 0.68550861728276935 -11.832597164209599 1.1463448927070827
decision_type=2 2 2 2 2 2 2 2 2 2 2 2 2 2 2 2 2 2 2 2 2 2 2 2 2 2 2 2 2 2
left_child=2 -2 5 -4 -5 7 -7 19 9 10 11 12 13 15 16 18 17 -15 -9 20 -1 -16 23 24 25 27 -27 -10 29 -24
right_child=1 -3 3 4 -6 6 -8 8 22 -11 -12 -13 -14 14 21 -17 -18 -19 -20 -21 -22 -23 28 -25 -26 26 -28 -29 -30 -31
leaf_value=-0.00011538510085095547 -0.0010088070719079538 5.2972058289345695e-05 0.00086273648234459375 0.00058881270591742713 -0.00042434263167836307 -9.9460959630221993e-05 -0.0013549097068607807 -9.6118053009447011e-06 -0.00039679765008216681 0.0015488513590147098 -0.00068497959889807843 0.001608466715939964 -0.0012096466151355156 0.0011280647946788544 0.00062268609821330761 -0.00048716968700193383 0.0016465461968133849 -0.00017885181897630295 0.00087556871026754374 -0.0010387596252950885 0.00086401282344013459 -0.00056088433120748959 0.00037160492574697413 -0.0018873412056233396 0.00070643620326692419 -0.0014266313500702382 1.9870314200589847e-05 0.00062856124367917311 -3.9568340195841578e-06 -0.00013139758784590024
leaf_weight=679 22 22 36 26 35 69 20 78 43 21 36 24 29 41 20 58 30 30 50 21 20 32 296 22 23 25 27 37 9449 175
leaf_count=679 22 22 36 26 35 69 20 78 43 21 36 24 29 41 20 58 30 30 50 21 20 32 296 22 23 25 27 37 9449 175
internal_value=1.01946e-12 -0.000477918 1.83622e-06 0.000324904 7.49407e-06 -9.23582e-07 -0.000381584 2.08359e-06 1.00848e-05 0.000247104 0.000183234 0.000262967 0.000175217 0.000293687 0.000554163 7.9424e-05 0.000893876 0.000575847 0.000336162 -0.000115111 -8.73623e-05 -0.000105665 -4.55178e-07 -0.000306262 -8.18502e-05 -0.000219203 -0.000675563 7.74308e-05 5.00125e-06 0.000184714
internal_weight=11496 44 11452 97 61 11355 89 11266 10546 449 428 392 368 339 153 186 101 71 128 720 699 52 10097 177 155 132 52 80 9920 471
internal_count=11496 44 11452 97 61 11355 89 11266 10546 449 428 392 368 339 153 186 101 71 128 720 699 52 10097 177 155 132 52 80 9920 471
is_linear=0
shrinkage=0.05


Tree=126
num_leaves=31
num_cat=0
split_feature=2 5 6 5 2 3 1 4 1 4 3 1 4 6 1 3 2 4 3 2 1 1 2 3 2 2 4 6 2 5
split_gain=0.00401687 0.00719768 0.00528474 0.00999774 0.0200537 0.0169896 0.00912719 0.0166348 0.00788033 0.00572157 0.00554616 0.00372799 0.00986555 0.0072994 0.00964531 0.0160795 0.00681958 0.00866534 0.00675792 0.0049947 0.00480331 0.00466586 0.00636254 0.0139219 0.00730197 0.0135132 0.00389616 0.0149147 0.023357 0.0144106
threshold=-4.0778821232618814 0.70262474737725733 -13.924238603290497 1.5625918901124045 -3.075992537193355 0.31818925641440099 -13.376818390780587 0.14601262017944674 -12.752118354854934 -0.13739828278119789 0.10381578892221938 27.538023022653359 2.3361687186777904 38.698213648142321 23.130802125662644 0.27315599561754372 43.256881240856153 2.5395356087630785 0.18803065479776199 49.279194797589987 25.151941537787049 20.062699863120972 45.983328748793419 0.2213617118221072 32.553190804964508 25.803812155104243 2.2918937972104483 29.082027869420475 23.84683517010825 1.1403752458480974
decision_type=2 2 2 2 2 2 2 2 2 2 2 2 2 2 2 2 2 2 2 2 2 2 2 2 2 2 2 2 2 2
left_child=1 -1 3 4 6 -5 -2 9 -4 -8 -11 13 -13 14 26 18 17 -14 -16 20 -20 -15 24 -24 25 -23 27 -10 -29 -28
right_child=2 -3 8 5 -6 -7 7 -9 11 10 -12 12 16 21 15 -17 -18 -19 19 -21 -22 22 23 -25 -26 -27 29 28 -30 -31
leaf_value=0.00018695432994387704 -0.00042065956120834107 -0.0010651142181207736 -0.00078644018103659621 -0.0015103139868006109 0.0016987390088615941 0.00039772977808232626 0.00058899132332631025 0.0014642732454752871 1.6026574926749172e-06 0.0003182745139513697 -0.00077421915663692818 -0.0012313915077935566 -0.00017650924467792114 -0.00019344118614257738 0.00062904588273903807 -0.0016340754850281648 -0.00048730099535112875 0.0010830371788787571 -0.0010288764540746342 0.00028343756150986469 -0.00012333228390801836 0.0012696519680321216 -0.00090819311444647612 0.00077260111198224231 0.0012918050636212034 -0.00050741635597027518 -0.00040792857541623105 0.0020849290551268498 0.00025986908732564604 0.00012750098784205995
leaf_weight=22 43 24 32 20 26 28 31 29 10112 21 26 22 36 33 21 23 52 22 32 21 27 20 22 28 35 23 245 20 142 258
leaf_count=22 43 24 32 20 26 28 31 29 10112 21 26 22 36 33 21 23 52 22 32 21 27 20 22 28 35 23 245 20 142 258
internal_value=-2.39504e-13 -0.000466299 1.87334e-06 0.000242347 0.000416793 -0.000397288 0.000194589 0.000441839 -2.92499e-06 6.17025e-05 -0.000286084 -6.8518e-07 -0.000264832 2.46681e-06 -2.4692e-06 -0.000440932 -7.15197e-05 0.00030125 -0.000169226 -0.000378773 -0.000614475 0.000336675 0.000473345 3.30517e-05 0.000755585 0.000319127 2.57575e-06 9.22777e-06 0.000485185 -0.000133295
internal_weight=11496 46 11450 224 176 48 150 107 11226 78 47 11194 132 11062 10901 124 110 58 101 80 59 161 128 50 78 43 10777 10274 162 503
internal_count=11496 46 11450 224 176 48 150 107 11226 78 47 11194 132 11062 10901 124 110 58 101 80 59 161 128 50 78 43 10777 10274 162 503
is_linear=0
shrinkage=0.05


Tree=127
num_leaves=31
num_cat=0
split_feature=6 1 0 5 6 2 0 1 0 6 1 5 5 1 1 5 0 1 6 6 3 5 2 0 2 6 3 0 3 5
split_gain=0.00373013 0.0123682 0.00714832 0.00543451 0.00409518 0.0167055 0.0177067 0.00447501 0.0160771 0.00608442 0.0171485 0.0118629 0.0143248 0.00912148 0.00999319 0.0233676 0.0210338 0.0165228 0.0123791 0.0105959 0.0224876 0.00976199 0.013482 0.00994186 0.0206774 0.0271811 0.0179997 0.0122788 0.0113972 0.00877929
threshold=-16.731352277925691 -13.376818390780587 0.8045422603626935 1.4408232537173438 -14.884846775426412 -3.4332233748838261 0.74361827779903933 -11.193174242400747 0.77876188123591994 -11.832597164209599 -10.490649088426911 1.0839374361428302 0.956471183188219 -8.7876883559467913 -7.9252635648271612 0.67591747704908656 0.76174813154087484 -7.7877523636353354 -10.371447684052635 -9.8975354348962821 0.12183844310241297 1.5828570869599587 -2.3788265746064532 0.77042293193047218 -1.9488887788371994 -5.2858941762699478 0.11351297951215973 0.71571180240649512 0.11577778718823031 1.3019098316617019
decision_type=2 2 2 2 2 2 2 2 2 2 2 2 2 2 2 2 2 2 2 2 2 2 2 2 2 2 2 2 2 2
left_child=2 -2 3 -1 5 6 -3 8 -6 10 -9 12 -12 21 15 16 18 -16 -15 -17 -21 23 -23 26 28 -26 -11 -28 -25 -19
right_child=1 4 -4 -5 7 -7 -8 9 -10 13 11 -13 -14 14 17 19 -18 29 -20 20 -22 22 -24 24 25 -27 27 -29 -30 -31
leaf_value=0.00071885213141997719 -0.00089144543011431009 0.00063709870274006222 0.0011533350922400133 -0.00021280168106646409 -0.00081598015929236739 0.0013624110438050358 -0.00132576996460557 0.001255857140899429 0.0003337375655246433 0.00015297149433396185 7.0895918951445854e-05 -0.00072474904591217641 0.0014127831055742244 -0.00077106030763719573 -0.0010452441888015817 0.0012495198675120871 -0.001714491989167238 1.5838754958080785e-05 0.00079044762213015924 -0.00097823267569765462 0.00074035343601755585 -0.00029861878910406427 0.0012727624093670223 -0.00022814177976436661 -0.002208729004684815 0.00031160802216618328 -0.00053624377164634919 -0.0021126275897646943 0.0010715548268044291 -0.00012811156645457
leaf_weight=23 39 27 20 49 68 27 20 36 55 26 147 38 23 22 38 51 22 9200 30 24 92 39 21 37 23 20 21 30 31 1197
leaf_count=23 39 27 20 49 68 27 20 36 55 26 147 38 23 22 38 51 22 9200 30 24 92 39 21 37 23 20 21 30 31 1197
internal_value=1.06638e-12 -2.55814e-06 0.000317098 8.481e-05 4.92157e-07 0.000371235 -0.000198165 -1.93765e-06 -0.000301879 1.36578e-06 0.000248304 7.39195e-05 0.000252445 -4.14986e-06 2.81374e-06 0.000321127 -0.000418496 -4.53783e-06 0.00012981 0.000648865 0.000384784 -0.000303921 0.000251365 -0.00048114 -0.000178303 -0.00103648 -0.000917697 -0.00146353 0.000364367 -7.34154e-07
internal_weight=11496 11404 92 72 11365 74 47 11291 123 11168 244 208 170 10924 10676 241 74 10435 52 167 116 248 60 188 111 43 77 51 68 10397
internal_count=11496 11404 92 72 11365 74 47 11291 123 11168 244 208 170 10924 10676 241 74 10435 52 167 116 248 60 188 111 43 77 51 68 10397
is_linear=0
shrinkage=0.05


Tree=128
num_leaves=31
num_cat=0
split_feature=7 2 1 4 2 0 0 2 4 6 1 2 1 0 2 3 4 3 0 4 2 3 6 2 3 6 6 3 3 2
split_gain=0.00375565 0.00360416 0.00419031 0.0228868 0.00877413 0.0158691 0.0317467 0.0288616 0.0342828 0.0254693 0.0269538 0.0289239 0.0397284 0.0235948 0.0377287 0.0194406 0.0309572 0.0471679 0.0217406 0.0210228 0.0192279 0.0181945 0.0167206 0.0148553 0.0146687 0.029748 0.0215269 0.0146319 0.0237771 0.020698
threshold=0.18395841789426978 -4.0778821232618814 -0.68728169287121654 1.5108141485052822 8.9694742829480791 0.72686700238905222 0.75430282044541042 0.94661851252573659 0.59427119054185351 4.5760053366667854 4.3117151752316349 0.58322183354084534 5.3554669662560732 0.77876188123591994 4.5053777199945566 0.092968748935527909 0.83541913209124097 0.1406931829883977 0.74619680209617545 0.59427119054185351 6.8149265859313575 0.10957879588589095 5.6822309193492817 3.3906181577272592 0.18605005104068253 9.175342042590847 6.2655280121551895 0.21847320376086932 0.17352074645322579 -1.4358014370100138
decision_type=2 2 2 2 2 2 2 2 2 2 2 2 2 2 2 2 2 2 2 2 2 2 2 2 2 2 2 2 2 2
left_child=1 -1 3 -3 5 7 15 8 -4 10 27 12 -12 14 -11 19 17 18 21 -7 22 -17 -16 -15 -18 26 -26 28 29 -8
right_child=-2 2 4 -5 -6 6 9 -9 -10 13 11 -13 -14 23 20 16 24 -19 -20 -21 -22 -23 -24 -25 25 -27 -28 -29 -30 -31
leaf_value=-0.00044047061848054319 -0.00066804530243167565 3.475025765334851e-05 -0.00016691958033290401 0.0016895905769030964 2.3501130555220163e-05 -0.00025425091643618158 0.00085988557897508143 0.00024844853349040324 -0.0020301744341850282 0.0019266917243261229 0.0019356219004839658 0.0026169721947305585 -0.0012159023480489851 -0.0019806546983697141 -0.0016932861857847977 -0.0015650431276299061 -0.00024636977532839711 7.7903372655827098e-05 -0.00074257232911844294 0.001176251079339315 3.3210146560355332e-05 -0.0034261574968695641 -0.00026838101312750949 -0.00061506244732548567 -0.00079754278154319359 0.00067043514223769313 -0.0027558102226897105 0.0013429236766982783 -0.0011346254696524361 6.7887797125260068e-07
leaf_weight=46 21 4124 166 21 4486 105 80 659 29 22 20 22 20 24 35 24 375 41 23 34 215 29 50 117 36 20 23 22 41 566
leaf_count=46 21 4124 166 21 4486 105 80 659 29 22 20 22 20 24 35 24 375 41 23 34 215 29 50 117 36 20 23 22 41 566
internal_value=-3.35665e-13 1.22257e-06 3.00031e-06 4.31342e-05 -1.98381e-05 -8.93234e-05 -0.000168246 9.03324e-05 -0.000444019 -1.49815e-05 0.000161047 0.00116077 0.00035986 -0.000308109 -7.19151e-05 -0.000434625 -0.000563713 -0.00128893 -0.0020263 9.5656e-05 -0.00021848 -0.00258339 -0.000855107 -0.000847504 -0.000376817 -0.000996031 -0.00156094 7.36245e-05 3.29774e-05 0.000107082
internal_weight=11496 11475 11429 4145 7284 2798 1944 854 195 1234 771 62 40 463 322 710 571 117 76 139 300 53 85 141 454 79 59 709 687 646
internal_count=11496 11475 11429 4145 7284 2798 1944 854 195 1234 771 62 40 463 322 710 571 117 76 139 300 53 85 141 454 79 59 709 687 646
is_linear=0
shrinkage=0.05


Tree=129
num_leaves=31
num_cat=0
split_feature=1 6 0 2 5 4 5 5 2 5 1 4 4 2 1 0 6 1 6 5 2 5 0 5 6 6 6 0 4 0
split_gain=0.00348669 0.00507367 0.0109374 0.0110132 0.00798486 0.0216654 0.00959262 0.00782506 0.00486506 0.00432909 0.00426136 0.0186009 0.0252978 0.0389282 0.0167668 0.023566 0.0157031 0.0181589 0.014993 0.0276006 0.0425596 0.0359726 0.0262592 0.0200358 0.0132292 0.0132035 0.012528 0.0306507 0.0141258 0.0261493
threshold=-14.660329570207091 -12.79835494464972 0.69849335195316808 -3.8551145659415904 1.7548308607764493 0.32200514846366296 1.069991406016171 1.3019098316617019 -3.260694136725244 0.90810582064583356 -6.460922150304226 0.96138007902877864 0.62961089712756557 -2.4997444364651678 -8.7876883559467913 0.78566925523892983 -9.1119271767827072 -8.0496791439889517 -6.1443357337291742 1.2929947604068508 -2.4997444364651678 1.7548308607764493 0.77809342977469642 0.83765626876099708 -5.2858941762699478 -5.9917388170847294 -8.3185803314207067 0.870498890507173 0.28172998214585854 0.75543565844731042
decision_type=2 2 2 2 2 2 2 2 2 2 2 2 2 2 2 2 2 2 2 2 2 2 2 2 2 2 2 2 2 2
left_child=8 2 -2 -4 5 6 9 -8 -1 -5 11 12 13 26 15 -14 -16 -18 19 20 -12 -21 23 -22 -17 -20 28 -28 -3 -30
right_child=1 10 3 4 -6 -7 7 -9 -10 -11 18 -13 14 -15 16 24 17 -19 25 21 22 -23 -24 -25 -26 -27 27 -29 29 -31
leaf_value=7.9766102135181438e-05 -0.00072553077479824428 -2.7974049078999735e-05 -0.00044483036963356427 0.00045779382108270916 -0.00025495901284033825 0.0019567300491034989 -0.00092529718055051166 0.00044121026992797855 -0.00094864096646905772 0.0012402226894416592 8.5901105746035995e-05 -0.00093692144352732409 0.0010429243905946352 -0.000776887376761608 -0.00021682838642250163 -0.0016471424428302619 0.0020208172187890991 0.00060037414807574978 -0.00096724000177346176 -0.001542373037769489 0.00079698045592522257 0.00080511281301733116 0.0004944856909430052 0.0024950516238612564 -0.00012183410526631633 -7.8024597551918581e-06 -0.001530787739260958 0.00068550960280005645 0.0012522318465926219 -0.00031065446282414283
leaf_weight=23 28 493 40 90 33 25 22 20 23 22 583 62 32 202 29 21 35 63 36 47 32 25 117 38 44 9136 39 26 64 46
leaf_count=23 28 493 40 90 33 25 22 20 23 22 583 62 32 202 29 21 35 63 36 47 32 25 117 38 44 9136 39 26 64 46
internal_value=1.05836e-12 1.74534e-06 0.000211966 0.000316133 0.00045971 0.000591465 0.000369831 -0.000274579 -0.000434437 0.000611485 -3.5243e-06 -9.44198e-05 -4.66729e-05 -0.000168675 0.000427174 -6.78053e-05 0.00080523 0.00110768 6.96853e-06 0.000208892 0.000296429 -0.000727274 0.000952782 0.00171879 -0.000614626 -1.15682e-05 1.52456e-05 -0.000644269 8.63375e-05 0.000598661
internal_weight=11496 11450 280 252 212 179 154 42 46 112 11170 1156 1094 870 224 97 127 98 10014 842 770 72 187 70 65 9172 668 65 603 110
internal_count=11496 11450 280 252 212 179 154 42 46 112 11170 1156 1094 870 224 97 127 98 10014 842 770 72 187 70 65 9172 668 65 603 110
is_linear=0
shrinkage=0.05


Tree=130
num_leaves=31
num_cat=0
split_feature=6 0 5 3 7 3 5 4 3 0 6 5 5 0 6 2 4 2 5 3 5 4 3 0 4 3 2 5 0 0
split_gain=0.00335739 0.00676572 0.00490049 0.00684689 0.00332526 0.00355917 0.0140316 0.0182747 0.0258118 0.0214023 0.0165524 0.0187789 0.0139339 0.0136711 0.0147827 0.0186045 0.0129098 0.0327433 0.0226748 0.0238184 0.0124884 0.0425889 0.0111864 0.0139528 0.0153894 0.0109981 0.0160304 0.0104774 0.0231316 0.0271725
threshold=-16.731352277925691 0.8045422603626935 1.9945432096172035 0.15420827790992855 0.18395841789426978 0.13587903221614248 1.0168023613842128 0.45884624049025874 0.1054242427701135 0.77342937371379861 -8.3185803314207067 1.4408232537173438 0.97603990522057815 0.71659916935277324 7.1356101105973506 9.6520292065973816 0.85044706763914102 3.9681412510540732 1.0414550756779846 0.1054242427701135 0.956471183188219 0.80901782888188556 0.11756705202862265 0.70422884677967013 1.6947058709584319 0.13673780106961272 1.8691429149653762 1.020275679730964 0.79424564334901782 0.70756600698876071
decision_type=2 2 2 2 2 2 2 2 2 2 2 2 2 2 2 2 2 2 2 2 2 2 2 2 2 2 2 2 2 2
left_child=1 2 3 -1 5 6 12 8 -8 -10 -9 16 20 -14 15 -15 18 -18 -12 -20 -2 -22 -19 -24 -25 26 -7 28 29 -27
right_child=4 -3 -4 -5 -6 25 7 10 9 -11 11 -13 13 14 -16 -17 17 22 19 -21 21 -23 23 24 -26 27 -28 -29 -30 -31
leaf_value=-0.00028903668838514327 4.8161338377410647e-05 0.0011143882625037804 -0.00059028425086580681 0.0008618528125225567 -0.00063102493295446043 -0.0017290335308011299 7.6258478220552216e-05 0.00098217004732064467 -0.0027442520443835983 -0.00063082707862486143 -0.0020527483828897989 -0.0016211037036208882 0.0014199173282152819 0.00031470813298403451 -0.00046378664065188933 0.0019394646538421511 0.0014746556022954692 -0.0005090780055715552 0.0010834409472445261 -0.00073258056648997953 -0.0019071478656971725 0.00014835392423611624 0.001285642787644809 0.00015018447802075388 -0.00095158161137461376 0.00010058854535675371 0.00018167647923248646 3.28771699421873e-05 0.00033315352102778232 -0.00029553787917429528
leaf_weight=24 4764 20 20 28 21 23 40 34 23 25 21 21 30 148 51 20 36 117 25 65 36 84 22 191 38 643 21 3317 263 1325
leaf_count=24 4764 20 20 28 21 23 40 34 23 25 21 21 30 148 51 20 36 117 25 65 36 84 22 191 38 643 21 3317 263 1325
internal_value=-5.33449e-13 0.000300838 7.48516e-05 0.000330673 -2.42696e-06 -1.26729e-06 2.62068e-05 -0.000191174 -0.000861797 -0.00164351 -8.76387e-05 -0.0001555 5.40728e-05 0.000418918 0.000281794 0.000508132 -9.57372e-05 3.54821e-05 -0.000573328 -0.00022813 3.5472e-05 -0.000468297 -0.000105307 8.29055e-05 -3.26413e-05 -2.9719e-05 -0.000817104 -2.34745e-05 -0.000107257 -0.000166112
internal_weight=11496 92 72 52 11404 11383 5791 658 88 48 570 536 5133 249 219 168 515 404 111 90 4884 120 368 251 229 5592 44 5548 2231 1968
internal_count=11496 92 72 52 11404 11383 5791 658 88 48 570 536 5133 249 219 168 515 404 111 90 4884 120 368 251 229 5592 44 5548 2231 1968
is_linear=0
shrinkage=0.05


Tree=131
num_leaves=31
num_cat=0
split_feature=1 5 6 1 6 0 0 6 1 1 1 6 6 1 2 2 2 6 2 2 5 5 3 2 0 5 1 3 3 1
split_gain=0.00343784 0.0048206 0.0036041 0.00484962 0.00804513 0.00443375 0.00996419 0.0166033 0.0143775 0.016893 0.0361703 0.00694797 0.00654066 0.00683948 0.0373522 0.025275 0.0198973 0.0109935 0.0107926 0.0178179 0.0168506 0.00949383 0.00674496 0.00781352 0.007832 0.00729398 0.00673072 0.0360227 0.00930479 0.00851365
threshold=31.022699478813923 0.67591747704908656 48.475345436014223 29.24857398931643 44.590586333132194 0.67124621226604397 0.68367624457921272 37.352031179024387 21.14152512614417 13.723247650299776 11.175046217995313 13.883163633330684 -11.542485110244892 0.14934622710118808 4.2719694927344607 8.2418553387845268 -1.0481077263902956 -1.4597246942050994 12.773524750609491 17.685855130294122 0.85922110140762287 1.0168023613842128 0.088829805668022441 -3.384238066406779 0.66275918439140213 0.67591747704908656 17.314324341504264 0.20577646134321195 0.2406949827442707 11.998161745214643
decision_type=2 2 2 2 2 2 2 2 2 2 2 2 2 2 2 2 2 2 2 2 2 2 2 2 2 2 2 2 2 2
left_child=2 -2 3 4 5 12 7 8 9 10 11 -7 -1 16 -15 -16 21 -18 20 -20 -17 22 25 -24 -25 -14 27 29 -28 -21
right_child=1 -3 -4 -5 -6 6 -8 -9 -10 -11 -12 -13 13 14 15 18 17 -19 19 26 -22 -23 23 24 -26 -27 28 -29 -30 -31
leaf_value=-0.00098893437978057647 5.8963423725799657e-05 -0.00098882475452098466 0.00062696493190267811 -0.00064532673021513521 0.0010040156194008887 0.00018477523854200029 -1.7461413237698725e-06 0.0016461917746346444 -0.0011365969167673028 0.0011993469556839003 -0.0015656873487449926 0.00084499915104496053 -5.2329142311161072e-05 -0.0015901165828108789 0.00094589204121082321 0.00013580186026350324 0.0018540874941390941 0.00041837105400190924 0.0010443580843760478 -0.00038730283840171374 -0.0016168334630492611 -0.0011588590382598343 -0.00032833904479048217 0.001402164604223799 6.2450310215353961e-05 -0.0009450414759258921 -0.00022846536118810982 -0.0022404888101542992 0.00095259235961185325 0.00079522735645498512
leaf_weight=21 23 21 23 29 20 298 10202 20 20 41 29 46 150 45 53 24 20 40 30 45 32 20 24 24 20 27 81 24 21 23
leaf_count=21 23 21 23 29 20 298 10202 20 20 41 29 46 150 45 53 24 20 40 30 45 32 20 24 24 20 27 81 24 21 23
internal_value=-1.00923e-12 -0.000441117 1.69483e-06 4.36517e-07 2.07925e-06 3.18376e-07 8.45336e-06 0.00023765 0.00017274 0.000235993 0.000130102 0.000273061 -0.000119414 -9.344e-05 -0.00023805 -5.53387e-05 7.4753e-05 0.000896943 -0.000244857 -8.96457e-05 -0.000865704 -0.000111403 -2.58966e-05 0.000397365 0.000793204 -0.000188506 -0.000265007 -0.00057511 1.46936e-05 1.26706e-05
internal_weight=11496 44 11452 11429 11400 11380 10656 454 434 414 373 344 724 703 378 333 325 60 280 224 56 265 245 68 44 177 194 92 102 68
internal_count=11496 44 11452 11429 11400 11380 10656 454 434 414 373 344 724 703 378 333 325 60 280 224 56 265 245 68 44 177 194 92 102 68
is_linear=0
shrinkage=0.05


Tree=132
num_leaves=31
num_cat=0
split_feature=1 6 0 2 3 5 5 5 2 3 6 2 1 3 6 5 2 5 0 3 6 6 1 1 6 5 5 0 3 5
split_gain=0.00323767 0.00458812 0.00929718 0.00989077 0.0123735 0.00619865 0.0139905 0.00989259 0.00450354 0.00414591 0.00413224 0.00381662 0.00376002 0.0138778 0.0137878 0.0242987 0.0382876 0.0318329 0.0238732 0.0305813 0.0124122 0.0116888 0.0120922 0.0187582 0.0213786 0.0306964 0.0269256 0.0159505 0.0116163 0.0133652
threshold=-14.660329570207091 -12.79835494464972 0.69849335195316808 -3.8551145659415904 0.22270978164923813 1.3545594759052471 1.069991406016171 0.90810582064583356 -3.260694136725244 0.10381578892221938 -14.884846775426412 -3.260694136725244 -6.460922150304226 0.27315599561754372 -6.1443357337291742 1.2929947604068508 -2.4997444364651678 1.7548308607764493 0.77809342977469642 0.1414163964131481 -7.0231112226651833 -5.9917388170847294 -5.7931638154499971 -4.2830838270807625 -4.8373083970807071 0.88675428871836559 1.5285439717681457 0.76565821530287514 0.06964201623046791 0.89430104717970871
decision_type=2 2 2 2 2 2 2 2 2 2 2 2 2 2 2 2 2 2 2 2 2 2 2 2 2 2 2 2 2 2
left_child=8 2 -2 9 5 6 7 10 -1 -4 -5 -12 13 28 15 16 -14 -17 19 -18 -15 -16 -23 24 -24 27 -27 -26 -3 -30
right_child=1 12 3 4 -6 -7 -8 -9 -10 -11 11 -13 14 20 21 17 18 -19 -20 -21 -22 22 23 -25 25 26 -28 -29 29 -31
leaf_value=7.6093599605171576e-05 -0.00066275565061784747 0.00080368598210043283 8.5522076260531322e-05 0.00081620449913316412 -0.00048931662880814623 0.0011690234521174224 -0.00055966512154554955 0.0015446670926534214 -0.00091336640350915413 -0.00093255383893847471 0.00050612159539014105 -0.00037896488460579088 8.2616785932484169e-05 -0.00014314675046036776 -0.00091043526222670662 -0.0014449843372703788 0.00092769832311508571 0.00076330061629414567 0.00046786043144221232 0.0031789018502670595 -0.0018835970200598241 0.00064227258356970183 0.00017428528084716772 -2.1872244012163856e-07 -0.0029318749066442255 -4.9157211695619141e-05 -0.0020463997102342546 -0.0010374456970021128 -0.00024794077952708897 0.000105542186285034
leaf_weight=23 28 38 20 40 31 37 28 26 23 20 29 21 583 21 36 47 48 25 117 22 20 71 96 8796 20 108 20 25 583 494
leaf_count=23 28 38 20 40 31 37 28 26 23 20 29 21 583 21 36 47 48 25 117 22 20 71 96 8796 20 108 20 25 583 494
internal_value=2.47801e-13 1.68186e-06 0.000201591 0.000297629 0.000433694 0.000591779 0.000443459 0.000685593 -0.000418636 -0.000423516 0.000437416 0.000134385 -3.32929e-06 -8.87107e-05 6.52701e-06 0.000200165 0.0002823 -0.000678219 0.00090484 0.00163522 -0.000992147 -1.12492e-05 -7.70597e-06 -1.27968e-05 -0.000424086 -0.000756131 -0.000361226 -0.00187941 -5.54902e-05 -8.58047e-05
internal_weight=11496 11450 280 252 212 181 144 116 46 40 90 50 11170 1156 10014 842 770 72 187 70 41 9172 9136 9065 269 173 128 45 1115 1077
internal_count=11496 11450 280 252 212 181 144 116 46 40 90 50 11170 1156 10014 842 770 72 187 70 41 9172 9136 9065 269 173 128 45 1115 1077
is_linear=0
shrinkage=0.05


Tree=133
num_leaves=31
num_cat=0
split_feature=1 6 0 6 2 5 0 0 0 3 3 3 1 6 1 2 2 2 3 6 2 2 5 5 1 5 0 0 3 3
split_gain=0.00322125 0.0087959 0.00765047 0.00629982 0.00547221 0.00506786 0.00494309 0.00328405 0.00810827 0.0109068 0.00622729 0.00691276 0.00522839 0.00492457 0.00480163 0.0334552 0.0198849 0.0168862 0.00996011 0.00983367 0.00702176 0.014929 0.0147324 0.0130142 0.00800092 0.00678526 0.0193794 0.0158168 0.00617274 0.00600127
threshold=27.538023022653359 42.01367201014893 0.7114284365669582 42.01367201014893 38.571458916430196 0.43305413273283538 0.71442647357981326 0.67124621226604397 0.67319060109905549 0.097185814663782524 0.26237910899735317 0.24659523319887847 25.151941537787049 38.140547968162473 0.14934622710118808 4.2719694927344607 -1.0481077263902956 6.0961279943216429 0.21449912322762435 -1.4597246942050994 13.077886368347203 23.583513377571464 0.91540965257065599 1.020275679730964 11.998161745214643 0.70262474737725733 0.65826204313371062 0.62511277048434277 0.10200126935642487 0.082270092263549324
decision_type=2 2 2 2 2 2 2 2 2 2 2 2 2 2 2 2 2 2 2 2 2 2 2 2 2 2 2 2 2 2
left_child=3 6 5 7 -5 -3 -2 10 9 -9 11 14 -10 -14 16 28 25 -17 20 -18 23 22 -22 29 -23 -1 27 -27 -16 -19
right_child=1 2 -4 4 -6 -7 -8 8 12 -11 -12 -13 13 -15 15 17 19 18 -20 -21 21 24 -24 -25 -26 26 -28 -29 -30 -31
leaf_value=5.347193577497693e-06 -0.0013989833845698741 -0.00013729026075452567 -0.00047220207140922772 9.5659724544160644e-05 0.0011808451913869554 0.0009048085069350367 -0.0003443763693794608 -0.00017019960962768113 7.1366258661050228e-06 0.0013754716161638498 -0.00095147894074519481 0.0007562400297805046 -0.00012779409298673274 -0.0011063421005383133 -0.00098682115040719508 0.0011465141532459745 0.0017553341115126389 -0.00059455071261089131 -0.0011608928396447521 0.00039746344402374233 -0.00010503266724939481 -0.0010089919593435927 0.001492529838616329 -0.0015359824599554053 -5.2781716086818573e-06 -0.0010253680531274189 -0.0016028123807960322 0.00070541658082440718 -0.002165323025546968 0.00058714283319811036
leaf_weight=201 20 20 39 26 21 28 25 21 10499 25 21 24 36 20 25 27 20 22 23 40 27 26 31 21 84 22 28 33 20 21
leaf_count=201 20 20 39 26 21 28 25 21 10499 25 21 24 36 20 25 27 20 22 23 40 27 26 31 21 84 22 28 33 20 21
internal_value=-9.68031e-13 -0.000245577 4.7965e-05 2.85253e-06 0.00058053 0.000470601 -0.000813091 4.53407e-07 7.45332e-06 0.000669839 -0.000103186 -7.75544e-05 4.56656e-06 -0.000477276 -0.000107377 -0.000244563 2.30288e-05 -4.25355e-05 -0.000168435 0.000850087 -7.00447e-05 9.97344e-05 0.000748837 -0.000515715 -0.00024252 -0.000151702 -0.000532025 1.31027e-05 -0.0015106 -1.74446e-05
internal_weight=11496 132 87 11364 47 48 45 11317 10601 46 716 695 10555 56 671 327 344 282 255 60 232 168 58 64 110 284 83 55 45 43
internal_count=11496 132 87 11364 47 48 45 11317 10601 46 716 695 10555 56 671 327 344 282 255 60 232 168 58 64 110 284 83 55 45 43
is_linear=0
shrinkage=0.05


Tree=134
num_leaves=31
num_cat=0
split_feature=6 2 2 2 0 4 4 4 1 4 1 1 0 0 0 3 3 3 3 2 0 1 6 3 1 0 1 1 1 2
split_gain=0.00303948 0.0262569 0.0211503 0.0175031 0.0122396 0.0117025 0.00992597 0.0147662 0.0187053 0.0270829 0.0101374 0.010043 0.0185176 0.0102594 0.00983598 0.00929675 0.0196308 0.0192014 0.00920336 0.00907315 0.0373425 0.0214104 0.0205508 0.0200513 0.036233 0.0188018 0.0177503 0.0217982 0.0174039 0.0261983
threshold=0.93874316179933248 0.67005934370052145 1.3161993054624397 0.3586554600596028 0.85327293420382011 0.4474637760666309 1.4224562715186628 1.1184401504530173 -4.4441665277083038 1.2372799198486011 -6.460922150304226 2.9860031809065051 0.75817963880811956 0.80350803626494793 0.62511277048434277 0.28259303266915564 0.27315599561754372 0.3084506407717289 0.32831792398238074 8.9694742829480791 0.71342941992866904 -0.20372094279070271 8.4556446198126629 0.17949676844036197 4.7875147700392038 0.77876188123591994 8.1019574958003169 6.8284655487974026 2.4788550242725087 17.888977381523507
decision_type=2 2 2 2 2 2 2 2 2 2 2 2 2 2 2 2 2 2 2 2 2 2 2 2 2 2 2 2 2 2
left_child=6 3 -3 -2 5 -4 7 11 10 -10 -9 15 -13 -14 -7 16 -1 -17 -19 20 21 -16 26 -23 -25 -24 27 -22 29 -21
right_child=1 2 4 -5 -6 14 -8 8 9 -11 -12 12 13 -15 19 17 -18 18 -20 28 22 23 25 24 -26 -27 -28 -29 -30 -31
leaf_value=2.4686666476643196e-05 -0.00040702511509152825 0.0011629152123963362 -0.00032837142515506951 -0.0021380510238130862 0.0012146135421062356 0.00083924371069502642 0.00092033266255091273 -0.00062531549856066713 -0.0025015906358960465 -0.00029290737151833516 0.00073795976835147787 -0.00059467022438184367 0.0020237427996471526 0.00057122564448359157 -0.00078072870748915847 0.0014868011421089195 -0.0015450000384589658 -0.00077230028315777117 0.00061238961415407793 0.00025724242997809819 -0.0001378497203708829 0.00035772627361292837 -0.0004307787945169655 0.0030790222296491268 0.00013852571243081583 -0.0016397985140793028 0.00078453912089268367 -0.0015993729038410284 -1.2724110983868888e-06 0.0020080243480270327
leaf_weight=4878 40 38 301 23 20 34 31 25 23 35 30 22 20 31 35 33 20 24 24 301 1360 249 164 20 22 40 51 26 3553 23
leaf_count=4878 40 38 301 23 20 34 31 25 23 35 30 22 20 31 35 33 20 24 24 301 1360 249 164 20 22 40 51 26 3553 23
internal_value=-9.13114e-14 -2.33486e-05 -1.30896e-05 -0.00103899 -2.02986e-05 -2.42957e-05 2.83095e-05 2.29556e-05 -0.000542322 -0.00116876 0.000118289 3.55994e-05 0.00061781 0.00114084 -8.7246e-06 2.70633e-05 1.82772e-05 0.000558353 -7.99553e-05 -1.3658e-05 -0.000101124 0.000387658 -0.000198225 0.000528185 0.00153876 -0.000667841 -0.000131557 -0.000165266 3.0718e-05 0.000381526
internal_weight=11496 6300 6237 63 6199 6179 5196 5165 113 58 55 5052 73 51 5878 4979 4898 81 48 5844 1967 326 1641 291 42 204 1437 1386 3877 324
internal_count=11496 6300 6237 63 6199 6179 5196 5165 113 58 55 5052 73 51 5878 4979 4898 81 48 5844 1967 326 1641 291 42 204 1437 1386 3877 324
is_linear=0
shrinkage=0.05


Tree=135
num_leaves=31
num_cat=0
split_feature=1 3 6 1 6 4 3 5 2 6 1 4 6 6 5 4 2 3 2 1 4 6 5 6 3 1 4 4 3 6
split_gain=0.00295172 0.00433896 0.00315223 0.00409102 0.00697795 0.00295365 0.0174637 0.0108531 0.0102964 0.0111557 0.0113996 0.0101482 0.00906209 0.00873415 0.0143453 0.0128501 0.0126517 0.00977429 0.00883444 0.00873487 0.00720487 0.00789779 0.00869024 0.00718312 0.0217096 0.0177426 0.0103894 0.0162865 0.014946 0.0124302
threshold=31.022699478813923 0.27315599561754372 48.475345436014223 29.24857398931643 44.590586333132194 2.2918937972104483 0.17749288015636175 0.84817409723181958 37.660102896243771 35.98182466434384 23.130802125662644 2.4531815844234073 38.698213648142321 29.858547158712678 1.1983575341147341 2.4011669387515977 25.572578354680044 0.2213617118221072 31.316898323232135 15.200904742565582 2.5626520142786098 36.660612827665794 1.0582644706873789 29.082027869420475 0.23354519576207242 14.734974920872858 1.8155794690418863 1.5316808725242068 0.17847990356406632 24.666723263584373
decision_type=2 2 2 2 2 2 2 2 2 2 2 2 2 2 2 2 2 2 2 2 2 2 2 2 2 2 2 2 2 2
left_child=2 -2 3 4 5 8 11 12 9 10 23 -7 -8 14 17 16 -16 -9 -17 -15 21 22 -21 25 -25 -1 27 -27 -29 -28
right_child=1 -3 -4 -5 -6 6 7 13 -10 -11 -12 -13 -14 19 15 18 -18 -19 -20 20 -22 -23 -24 24 -26 26 29 28 -30 -31
leaf_value=6.5721771778674016e-06 -0.00090526149248365659 8.7778191895763899e-05 0.00058633175719043486 -0.00059271592943897029 0.00093502304051071403 -0.0003446129340833674 -0.00086789541922870192 -0.00023779654571705539 0.00034709875105422018 0.0011511478373514754 -0.00087850050154343455 -0.0015318269655108453 2.7137634102613307e-05 0.001101209401153028 0.0014960129360627869 -0.0013206203456502408 -4.1385577787877992e-05 -0.0016802175598665298 5.527700081334583e-05 -0.00053303210045366233 -3.081303569615557e-05 0.0010036167123893748 0.00047985070749897817 -3.369512071925509e-05 0.0016039370164630134 -0.00068977874964498459 -0.0015375933167524637 -0.00044922092610726223 0.0012899716180982069 -0.0004353319365289185
leaf_weight=10024 22 22 23 29 20 45 62 23 218 21 37 30 52 25 23 20 32 24 28 30 240 41 72 73 28 51 35 21 30 95
leaf_count=10024 22 22 23 29 20 45 62 23 218 21 37 30 52 25 23 20 32 24 28 30 240 41 72 73 28 51 35 21 30 95
internal_value=-3.79135e-13 -0.000408742 1.57044e-06 3.93648e-07 1.90244e-06 2.62504e-07 -9.58424e-05 -1.50773e-05 7.01416e-06 -1.04265e-07 -2.43025e-06 -0.000819499 -0.000459635 7.57463e-05 -0.000250502 7.97991e-05 0.000601527 -0.000974352 -0.000518014 0.00019569 0.000136583 0.000417528 0.000181944 6.99478e-07 0.000420302 -3.43272e-06 -0.000435713 -5.79726e-05 0.000573834 -0.000732095
internal_weight=11496 44 11452 11429 11400 11380 747 672 10633 10415 10394 75 114 558 150 103 55 47 48 408 383 143 102 10357 101 10256 232 102 51 130
internal_count=11496 44 11452 11429 11400 11380 747 672 10633 10415 10394 75 114 558 150 103 55 47 48 408 383 143 102 10357 101 10256 232 102 51 130
is_linear=0
shrinkage=0.05


Tree=136
num_leaves=31
num_cat=0
split_feature=7 6 2 2 1 1 6 3 6 3 3 1 1 5 6 2 5 4 1 4 3 5 6 5 3 3 5 4 4 6
split_gain=0.00292577 0.00307298 0.0302726 0.0128173 0.0210159 0.0176388 0.0173663 0.0159442 0.014157 0.0195655 0.0426855 0.0202244 0.0300747 0.0135311 0.013994 0.0157603 0.0346323 0.0236745 0.0169516 0.0140456 0.0191866 0.0154754 0.0136416 0.0134791 0.0422607 0.0133138 0.0151652 0.013982 0.0130424 0.0126992
threshold=0.18395841789426978 2.2154348347596238 0.94661851252573659 6.5697647894316686 4.0691524372502021 1.2033805964936752 4.5760053366667854 0.08369139020916401 11.107137050582834 0.27315599561754372 0.20017370005091376 7.9174697899248363 9.2801282904756999 0.31136858916989318 6.0579935318665372 11.607345145174413 0.75914155551963891 0.99003597784623343 6.2335655144804329 1.2037859138402742 0.14316195246993216 1.030603470340292 9.175342042590847 0.94426710218322341 0.16432911850652038 0.19397545506697819 0.97603990522057815 1.3563279707118736 0.99003597784623343 5.6261185419984718
decision_type=2 2 2 2 2 2 2 2 2 2 2 2 2 2 2 2 2 2 2 2 2 2 2 2 2 2 2 2 2 2
left_child=1 -1 -3 4 6 25 -4 -7 9 10 11 -6 -13 -9 -15 16 -16 -18 23 20 -20 -21 -17 24 -19 26 28 -27 -5 -8
right_child=-2 2 3 5 8 7 29 13 -10 -11 -12 12 -14 14 15 22 17 18 19 21 -22 -23 -24 -25 -26 27 -28 -29 -30 -31
leaf_value=2.7028174550091919e-05 -0.00058963532459789091 -0.0018350660436503266 -0.00018447268969983661 0.00057400282525834527 1.6648936877105813e-05 -0.00040855393791558925 -0.001129259265787998 0.001250345372086899 -0.0011292704055085778 0.0017544992313196417 -0.001675671775391775 0.0026287194906866977 0.000420405637023264 0.00025724356348456981 0.0014038026131944913 0.00043735647715096855 -0.0017556303646415472 -0.0012573715900991863 -0.00035694685997441413 0.00087371953297406442 -0.0025208414110931615 -0.00061951947362603836 -2.2684784312094998e-06 3.0667922199674294e-05 0.0013616898236796262 0.00038279710197224259 0.0011483874838044751 -0.0011141039722133428 -0.00057203950572704129 -0.00028215647775637498
leaf_weight=5721 21 23 427 92 148 236 104 22 20 20 29 21 58 495 31 188 27 67 20 20 21 131 2874 405 20 39 79 26 34 77
leaf_count=5721 21 23 427 92 148 236 104 22 20 20 29 21 58 495 31 188 27 67 20 20 21 131 2874 405 20 39 79 26 34 77
internal_value=5.45171e-13 1.07907e-06 -2.47212e-05 -1.74558e-05 -0.000190241 1.49034e-05 -0.000358452 -8.36189e-06 0.000155273 0.000248356 0.000130688 0.000361457 0.00100743 1.34954e-05 7.16585e-06 -2.53758e-05 -0.00023212 -0.000303447 -0.000246124 -0.00064458 -0.00146528 -0.000421739 2.47235e-05 -9.06293e-05 -0.000655289 0.00040757 0.000605276 -0.000215963 0.000264753 -0.00076889
internal_weight=11496 11475 5754 5731 904 4827 608 4557 296 276 256 227 79 4321 4299 3804 742 711 684 192 41 151 3062 492 87 270 205 65 126 181
internal_count=11496 11475 5754 5731 904 4827 608 4557 296 276 256 227 79 4321 4299 3804 742 711 684 192 41 151 3062 492 87 270 205 65 126 181
is_linear=0
shrinkage=0.05


Tree=137
num_leaves=31
num_cat=0
split_feature=1 6 2 6 0 0 5 1 3 2 3 2 5 0 1 0 0 2 1 5 5 0 3 2 2 1 5 1 5 5
split_gain=0.00298268 0.00768708 0.00677306 0.0056813 0.00865351 0.0135683 0.0132426 0.00744188 0.0138163 0.00741873 0.00636398 0.00483752 0.00449679 0.00428243 0.00403764 0.00373026 0.00682675 0.0255656 0.0115053 0.0251815 0.0217611 0.0159562 0.00893208 0.0194749 0.0082744 0.00820566 0.00752395 0.00728656 0.0162899 0.00695915
threshold=27.538023022653359 42.01367201014893 43.256881240856153 38.698213648142321 0.73448319781880278 0.69849335195316808 0.60007698336242421 23.130802125662644 0.27315599561754372 30.101595167583678 0.18803065479776199 49.279194797589987 0.43305413273283538 0.71442647357981326 25.151941537787049 0.67124621226604397 0.63967138443054894 -2.8045885114022986 2.4788550242725087 1.0582644706873789 0.79667486825442124 0.6491011876661904 0.14004229618183839 22.109430311974865 11.607345145174413 1.7523022436966686 0.89430104717970871 10.76642325761399 0.76733154353184874 0.42491725005900904
decision_type=2 2 2 2 2 2 2 2 2 2 2 2 2 2 2 2 2 2 2 2 2 2 2 2 2 2 2 2 2 2
left_child=3 13 12 7 5 6 -5 15 10 -7 -9 14 -3 -2 -12 16 17 29 19 20 -18 -20 25 -24 26 -19 -23 -26 -29 -1
right_child=1 2 -4 4 -6 9 -8 8 -10 -11 11 -13 -14 -15 -16 -17 18 22 21 -21 -22 24 23 -25 27 -27 -28 28 -30 -31
leaf_value=7.322345960346866e-05 -0.0013121826143469662 -0.00017576106125488878 -0.00048698509857179791 -0.00018509625036629938 0.0010061107260887238 0.00012962423809637717 0.0012074462677303115 0.00063982538884461287 -0.0014926843687451607 -0.0010020180618933712 -0.00095008179559954444 0.0003135289797293289 0.00078587484275621756 -0.00033057835604995492 -0.00011984293211113523 1.0294998873932735e-05 2.1939506635734269e-05 0.00058568209095448355 -0.0015147147330935697 0.0014824204290142427 -0.0013105442498012312 -3.7005110061727468e-05 0.0023064836207777263 0.00017313101409893969 0.00047118964025796194 -0.00060604399512158129 -0.0012527019557143962 -0.0014728518850777462 9.9661667752962821e-05 -0.0010739441495388746
leaf_weight=20 20 20 36 31 34 28 38 21 23 30 32 21 31 25 27 10389 246 52 32 26 35 20 20 23 41 20 35 23 58 39
leaf_count=20 20 20 36 31 34 28 38 21 23 30 32 21 31 25 27 10389 246 52 32 26 35 20 20 23 41 20 35 23 58 39
internal_value=6.51612e-13 -0.000236308 3.81085e-05 2.74487e-06 0.00029765 0.000107984 0.000581811 -1.49326e-06 -0.000386691 -0.000455708 -0.000134831 -0.000338178 0.000408763 -0.000766847 -0.000570142 2.81801e-06 -0.00010976 0.000161074 -0.000201087 -6.28338e-06 -0.000144028 -0.000487234 0.000595185 0.00116539 -0.000301475 0.000254647 -0.00081063 -7.1938e-05 -0.000346855 -0.000685074
internal_weight=11496 132 87 11364 161 127 69 11203 124 58 101 80 51 45 59 11079 690 174 516 307 281 209 115 43 177 72 55 122 81 59
internal_count=11496 132 87 11364 161 127 69 11203 124 58 101 80 51 45 59 11079 690 174 516 307 281 209 115 43 177 72 55 122 81 59
is_linear=0
shrinkage=0.05


Tree=138
num_leaves=31
num_cat=0
split_feature=1 6 4 5 0 5 5 0 0 5 1 1 5 0 5 0 6 0 0 3 6 4 1 4 0 1 0 4 3 4
split_gain=0.00293896 0.00412198 0.00812671 0.0293981 0.0147757 0.00839133 0.00967933 0.00564911 0.0103501 0.0151294 0.0120665 0.00376768 0.0110942 0.0167957 0.00960551 0.0090054 0.0119019 0.0170231 0.0261635 0.0128711 0.0123863 0.00701721 0.006851 0.0166933 0.0417735 0.0140896 0.00730423 0.00699214 0.0159028 0.00668747
threshold=-14.660329570207091 -12.79835494464972 0.37037846449690448 1.7548308607764493 0.69754107592874837 1.1877676887413888 1.3774019063936966 0.80136451664945041 0.74315799767088497 0.6501861057972016 -9.9889946680254003 -8.7876883559467913 0.76382356194983714 0.71701369600808351 1.0168023613842128 0.870498890507173 -11.399992824082259 0.76565821530287514 0.78566925523892983 0.13587903221614248 -8.7933464124944027 0.304129856836658 -7.9252635648271612 0.60395718671759968 0.76608705103466868 -7.7877523636353354 0.73960490039057614 0.27006517596052709 0.097956672080560275 0.053045917802620537
decision_type=2 2 2 2 2 2 2 2 2 2 2 2 2 2 2 2 2 2 2 2 2 2 2 2 2 2 2 2 2 2
left_child=-1 2 4 -4 -2 7 -7 8 -6 -10 -11 12 21 14 -14 16 19 -18 -19 -15 -20 -3 23 24 27 -24 -25 28 -13 -30
right_child=1 11 3 -5 5 6 -8 -9 9 10 -12 22 13 15 -16 -17 17 18 20 -21 -22 -23 25 26 -26 -27 -28 -29 29 -31
leaf_value=-0.00039885717067037423 -0.0011511541012188663 -0.00071435027922104515 0.0021139475689067144 -0.00013992635968651694 0.00069758646069934254 -0.0011609406443312765 0.000358874818921322 0.0010481146065867506 0.00087195179353743285 4.3425858020782477e-06 -0.0016433737892657518 -8.9035017425395874e-05 0.00015425473403442525 0.00068181911902502178 0.0014525983653064553 0.00048694248406617492 -0.001582056560800993 0.0012677844402126293 -0.0015511341587019466 -0.0006571197217064245 -0.00024350709519984032 0.00020315093117040728 -0.0009646233021110101 0.00020084834322915414 -0.0014276627516487568 -8.7595748375470341e-08 0.0011418477792929105 -0.00042089442299170926 0.00037852345655361812 0.0014803828363073989
leaf_weight=46 23 105 23 39 61 22 20 25 22 25 20 52 29 50 28 45 32 22 27 28 55 26 38 32 41 10419 58 22 21 40
leaf_count=46 23 105 23 39 61 22 20 25 22 25 20 52 29 50 28 45 32 22 27 28 55 26 38 32 41 10419 58 22 21 40
internal_value=5.59216e-13 1.6024e-06 0.000191084 0.000696188 4.74309e-05 0.000188802 -0.000437219 0.000360651 0.000226381 -0.000202626 -0.000727976 -3.14737e-06 -0.000145375 1.50066e-05 0.000792038 -0.000156 -0.000291198 -0.000573589 -0.000263291 0.000201174 -0.000674067 -0.000532251 2.78155e-06 0.000253364 -2.98828e-05 -3.59265e-06 0.00080727 0.000394628 0.000553403 0.00110105
internal_weight=11496 11450 280 62 218 195 42 153 128 67 45 11170 447 316 57 259 214 136 104 78 82 131 10723 266 176 10457 90 135 113 61
internal_count=11496 11450 280 62 218 195 42 153 128 67 45 11170 447 316 57 259 214 136 104 78 82 131 10723 266 176 10457 90 135 113 61
is_linear=0
shrinkage=0.05


Tree=139
num_leaves=31
num_cat=0
split_feature=6 0 5 5 4 0 0 5 5 6 6 3 3 3 6 3 3 4 5 4 3 6 6 2 0 2 3 3 3 4
split_gain=0.00297496 0.00652823 0.00398509 0.00268233 0.0278148 0.0117696 0.0151151 0.0202736 0.0112488 0.021211 0.0388299 0.0332803 0.0317369 0.0374243 0.0107533 0.0167476 0.0370364 0.016081 0.0172014 0.0139178 0.0114129 0.0106769 0.0106632 0.0297768 0.0163108 0.0162294 0.0209003 0.0155061 0.0152311 0.0132274
threshold=-16.731352277925691 0.8045422603626935 1.4408232537173438 1.1609936897169277 0.33369100010818215 0.82476192633230194 0.7091878911336581 1.7548308607764493 1.1139858813742987 20.130478517210648 23.008172181684841 0.16278826479747782 0.20017370005091376 0.17949676844036197 11.648159130425309 0.15984425864271765 0.18285040497137908 1.3208263393944235 1.3623951081403589 1.8705579079865207 0.14316195246993216 -8.7933464124944027 3.11476383838083 3.5371433769437393 0.77545911891298169 5.9525276592013361 0.26768244066807728 0.19652410853518612 0.16432911850652038 1.3452362414783019
decision_type=2 2 2 2 2 2 2 2 2 2 2 2 2 2 2 2 2 2 2 2 2 2 2 2 2 2 2 2 2 2
left_child=1 2 -1 8 -5 6 7 14 -2 11 -11 -10 13 -13 17 -16 -17 18 -6 -18 -20 -7 23 24 -8 26 27 28 -24 -27
right_child=3 -3 -4 4 5 21 22 -9 9 10 -12 12 -14 -15 15 16 19 -19 20 -21 -22 -23 25 -25 -26 29 -28 -29 -30 -31
leaf_value=0.00060414741392773776 -1.8622890234392787e-06 0.0010823301429627463 -0.00019365087551816441 -0.0017428879014914857 0.00053589032977470203 -0.0011730467383612823 0.00040398091557003902 -0.0013574948701529932 8.449190249021658e-05 -0.00188070020060344 0.00021752813609055011 0.00085744401934262956 9.4613604305777697e-05 0.0032665063061618378 0.00075833586230874064 -0.0024833377693658292 -0.0010069994793990521 0.00084845082685274485 -0.0017011206969618797 0.00010514749901164741 -0.00029566141221529018 -0.00022429867664617759 -0.0011761000961996615 0.0017800823591339093 -0.00014831235304095075 0.00083767697246466758 0.00073410091734129115 -0.0015630044273187427 0.0002874124882509932 1.1375097974280734e-05
leaf_weight=23 8601 20 49 24 48 34 305 39 176 29 92 38 40 28 25 23 44 53 20 78 52 232 32 30 238 51 27 43 40 962
leaf_count=23 8601 20 49 24 48 34 305 39 176 29 92 38 40 28 25 23 44 53 20 78 52 232 32 30 238 51 27 43 40 962
internal_value=5.32694e-14 0.000283186 6.12014e-05 -2.28456e-06 -4.92533e-05 -3.21459e-05 7.36597e-06 -0.00027726 1.02349e-05 0.000268418 -0.000285353 0.000506029 0.00120594 0.00187947 -0.000154434 -0.000436852 -0.000642919 0.000123086 -0.000197284 -0.000295955 -0.000686067 -0.000345567 7.02868e-05 0.000246629 0.000161908 -1.71972e-05 -0.000517797 -0.000811721 -0.000363038 5.29757e-05
internal_weight=11496 92 72 11404 2400 2376 2110 382 9004 403 121 282 106 66 343 170 145 173 120 122 72 266 1728 573 543 1155 142 115 72 1013
internal_count=11496 92 72 11404 2400 2376 2110 382 9004 403 121 282 106 66 343 170 145 173 120 122 72 266 1728 573 543 1155 142 115 72 1013
is_linear=0
shrinkage=0.05


Tree=140
num_leaves=31
num_cat=0
split_feature=1 2 6 4 5 0 2 5 0 5 6 3 1 5 0 2 2 5 0 3 2 0 1 4 2 1 3 6 4 2
split_gain=0.00272739 0.00405075 0.00377797 0.00721485 0.0261367 0.0133186 0.00828566 0.00501975 0.00820337 0.00368361 0.00344221 0.00337969 0.00334621 0.0100655 0.0150896 0.0174631 0.0233054 0.00866054 0.00724271 0.0202142 0.016372 0.00663705 0.0062817 0.0147328 0.045675 0.0125418 0.0093092 0.0100804 0.0113933 0.0081692
threshold=-14.660329570207091 -3.260694136725244 -12.79835494464972 0.37037846449690448 1.7548308607764493 0.69849335195316808 -3.8551145659415904 1.069991406016171 0.78137308596253507 0.90810582064583356 -14.884846775426412 0.13673780106961272 -8.7876883559467913 0.76382356194983714 0.71701369600808351 -1.9488887788371994 -0.84119062157154667 1.0168023613842128 0.76227904849760464 0.14620850957637757 -2.4587377057231268 0.7258238903827926 -7.9252635648271612 0.60395718671759968 -2.6130115377791405 -7.7877523636353354 0.094374004940958031 -11.832597164209599 0.053045917802620537 -0.84119062157154667
decision_type=2 2 2 2 2 2 2 2 2 2 2 2 2 2 2 2 2 2 2 2 2 2 2 2 2 2 2 2 2 2
left_child=1 -1 3 5 -5 -2 -7 9 -9 10 -8 -12 13 21 17 18 -17 -15 19 -16 -20 -4 23 24 26 -24 -14 -28 -29 -25
right_child=2 -3 12 4 -6 6 7 8 -10 -11 11 -13 22 14 15 16 -18 -19 20 -21 -22 -23 25 29 -26 -27 27 28 -30 -31
leaf_value=8.4968314204952154e-05 -0.0010144350512956198 -0.00085343357814251619 -0.0008696860555119202 0.0019956743344664574 -0.00012950169381535187 -0.00051665469954434017 0.0007283376059058355 -0.0008572858702973464 0.00048963920517752953 0.0011043639514933933 0.00045585624215289445 -0.00037702799951754669 -0.0002201866678215269 0.00014663511999593728 0.00025225585761844463 -0.0021076423707806196 -1.7244323195579152e-05 0.0013794612754801554 3.5047846880556071e-05 -0.0015631759012846845 0.0015248408911495725 -0.00015770905590772546 -0.00091022704482862822 0.0011253509923750372 -0.0018004880037672897 -2.1282702389308315e-07 -0.00034434027703745027 0.00013519056354804586 0.0013876471896250935 0.0001368283505805514
leaf_weight=23 26 23 64 23 39 34 40 20 26 22 29 21 49 29 46 24 30 28 114 23 22 67 38 57 30 10419 21 30 46 33
leaf_count=23 26 23 64 23 39 34 40 20 26 22 29 21 49 29 46 24 30 28 114 23 22 67 38 57 30 10419 21 30 46 33
internal_value=2.94925e-13 -0.000384233 1.54364e-06 0.000182947 0.00065887 4.75921e-05 0.000191408 0.000343776 -9.59804e-05 0.000524391 0.000382619 0.000106045 -3.00361e-06 -0.000137041 1.57255e-05 -0.000146363 -0.00094631 0.000752234 6.43545e-05 -0.000352888 0.000276044 -0.000505545 2.58387e-06 0.00024253 -2.3565e-05 -3.51975e-06 0.000341556 0.000625323 0.000893256 0.000762893
internal_weight=11496 46 11450 280 62 218 192 158 46 112 90 50 11170 447 316 259 54 57 205 69 136 131 10723 266 176 10457 146 97 76 90
internal_count=11496 46 11450 280 62 218 192 158 46 112 90 50 11170 447 316 259 54 57 205 69 136 131 10723 266 176 10457 146 97 76 90
is_linear=0
shrinkage=0.05


Tree=141
num_leaves=31
num_cat=0
split_feature=1 6 5 5 6 2 5 0 0 5 6 2 5 3 5 6 1 6 1 3 0 1 3 2 2 6 3 3 0 2
split_gain=0.002698 0.00733646 0.0108706 0.0220284 0.00518516 0.00456365 0.00436555 0.0027815 0.00780407 0.0124263 0.00954978 0.00584704 0.00869655 0.0137908 0.0086749 0.00858446 0.0110043 0.012467 0.0104323 0.00759046 0.00541739 0.0201659 0.00617289 0.0103618 0.01115 0.0110065 0.00521259 0.00618924 0.0050835 0.0106797
threshold=27.538023022653359 48.475345436014223 0.5945166880706757 0.77492952417856376 42.01367201014893 38.571458916430196 0.9508451245931232 0.67124621226604397 0.68367624457921272 1.4747593526478606 36.660612827665794 33.872996123039322 0.76733154353184874 0.11217528131678541 1.087135128024171 23.321926906456152 2.3262146815707379 15.355454767423824 -0.8216247582310986 0.18924697652009234 0.68700197322809775 14.46314875195335 0.22761411907576456 9.5216673653054311 -0.95967878883527458 18.492840088428515 0.26237910899735317 0.24659523319887847 0.70357233266669306 -0.89220875886496498
decision_type=2 2 2 2 2 2 2 2 2 2 2 2 2 2 2 2 2 2 2 2 2 2 2 2 2 2 2 2 2 2
left_child=4 2 -2 -4 7 -6 -5 26 9 10 11 12 13 -9 15 16 18 -18 -14 -16 21 22 23 24 -10 -25 27 -1 29 -22
right_child=1 -3 3 6 5 -7 -8 8 20 -11 -12 -13 14 -15 19 -17 17 -19 -20 -21 28 -23 -24 25 -26 -27 -28 -29 -30 -31
leaf_value=-9.9714770141097285e-05 0.00048670410178601746 0.00032091281585139986 -0.0020932418228105897 0.00038577748928219084 8.3903699781400916e-05 0.0010749149934521742 -0.00059680003234042003 0.00017086486919423355 -0.00032720610885540161 -0.00097752402798505504 0.0012372408372660479 -0.00046094244578853255 0.00041214416016136174 -0.0012184852930840864 0.00063649460680608176 0.0016146631410304945 -0.0005903214607256345 0.00085194658022373919 0.0019535373408524764 -0.00046799420345840714 -0.00012248377613205877 -0.0016929688006216152 0.00070051738981750206 -0.0014344053062679317 0.00094127308654909337 -9.0788822152327553e-05 -0.00087105647793837967 0.00071745843160897493 -8.7459470314430326e-06 0.00023572704724550246
leaf_weight=671 22 42 22 20 26 21 26 167 41 21 24 30 23 20 28 23 31 29 21 35 315 22 22 27 30 35 21 24 9044 613
leaf_count=671 22 42 22 20 26 21 26 167 41 21 24 30 23 20 28 23 31 29 21 35 315 22 22 27 30 35 21 24 9044 613
internal_value=-2.20393e-13 -0.000224748 -0.00047939 -0.00079195 2.61059e-06 0.000526696 -0.000169592 4.3404e-07 6.87613e-06 0.000210158 0.000268027 0.000210874 0.000264335 2.22713e-05 0.000502576 0.00074053 0.000547212 0.000106775 0.00114781 2.28897e-05 -2.17734e-06 -0.000276371 -7.5306e-05 -0.000203638 0.000208771 -0.000675912 -9.49466e-05 -7.14958e-05 2.68953e-06 0.000114136
internal_weight=11496 132 90 68 11364 47 46 11317 10601 452 431 407 377 187 190 127 104 60 44 63 10149 177 155 133 71 62 716 695 9972 928
internal_count=11496 132 90 68 11364 47 46 11317 10601 452 431 407 377 187 190 127 104 60 44 63 10149 177 155 133 71 62 716 695 9972 928
is_linear=0
shrinkage=0.05


Tree=142
num_leaves=31
num_cat=0
split_feature=6 1 4 3 4 3 5 6 3 4 6 3 1 5 5 5 1 3 0 4 0 3 5 0 6 6 6 4 0 4
split_gain=0.00286247 0.0119963 0.0160889 0.01149 0.0395767 0.013894 0.0116707 0.0103614 0.00993336 0.0091698 0.00807229 0.0557597 0.00804824 0.00765699 0.00750551 0.0142466 0.0137677 0.0276686 0.0199447 0.014846 0.0145924 0.0203535 0.0258591 0.019336 0.0169434 0.0159368 0.0176119 0.0129425 0.0119648 0.0212566
threshold=-7.1262070701104676 -6.2857415941815979 0.012240966091344901 0.1414163964131481 0.54117925925939192 0.21847320376086932 0.84185797759705061 -7.4136259502948105 0.078132238362344758 -0.18395108453835979 -6.9326581115423336 0.11518914229349021 -5.3436807981752592 0.58504138994689803 0.36021746842229135 0.77113341922442957 -7.9252635648271612 0.12630363674760059 0.73816534628813069 0.28172998214585854 0.74315799767088497 0.23851863684096888 1.5285439717681457 0.77042293193047218 -9.591425843350736 -9.9950619960462159 -12.17577471367578 0.12735603467380779 0.78778955849787813 0.56484931728799459
decision_type=2 2 2 2 2 2 2 2 2 2 2 2 2 2 2 2 2 2 2 2 2 2 2 2 2 2 2 2 2 2
left_child=1 7 9 6 -5 -6 12 8 -1 -3 11 13 -4 -2 -10 -16 20 19 -19 -18 21 22 25 -22 -24 26 -17 -28 -25 -30
right_child=10 2 3 4 5 -7 -8 -9 14 -11 -12 -13 -14 -15 15 16 17 18 -20 -21 23 -23 24 28 -26 -27 27 -29 29 -31
leaf_value=0.00052781112970760533 0.00082164679202833223 0.0007143492051964683 0.00093822110917244576 0.0022871745660501932 -0.00089384610555065427 0.0008672160535449317 -0.0002949399846589326 0.00087944493214074041 0.00041643467849213957 -0.00019041510418385253 -6.1240012092833933e-06 -0.0021622364836787256 0.00018001637608644421 -0.00037655450694728648 -0.00036588051971304253 0.0003548528858671714 -0.00022914878097183715 -0.0024501179522346886 -0.00057726023410809425 0.0013202994418117504 -0.00088002632237187345 0.0019060666927890409 -0.0014120960418949836 0.00059201204021957837 0.00044306691619567574 -0.00071533359587192544 0.00048462933191331106 0.0020965571811592037 0.00020478137658610373 -0.00099840278914116952
leaf_weight=71 40 33 70 35 21 24 56 31 71 185 9656 32 70 20 370 97 52 21 44 22 63 21 32 83 20 21 20 33 131 51
leaf_count=71 40 33 70 35 21 24 56 31 71 185 9656 32 70 20 370 97 52 21 44 22 63 21 32 83 20 21 20 33 131 51
internal_value=-8.10286e-14 5.89188e-05 0.000267612 0.000521208 0.00102617 4.5387e-05 0.000315102 -2.32935e-05 -4.61757e-05 -5.34554e-05 -1.05653e-05 -0.000476704 0.000559119 0.000422246 -8.15516e-05 -0.000114259 1.66828e-05 -0.000429648 -0.00118234 0.000231498 0.000125144 0.000417948 0.000277811 -9.26733e-05 -0.000698572 0.000574723 0.000755331 0.00148828 9.45087e-05 -0.000132375
internal_weight=11496 1748 494 276 80 45 196 1254 1223 218 9748 92 140 60 1152 1081 711 139 65 74 572 244 223 328 52 171 150 53 265 182
internal_count=11496 1748 494 276 80 45 196 1254 1223 218 9748 92 140 60 1152 1081 711 139 65 74 572 244 223 328 52 171 150 53 265 182
is_linear=0
shrinkage=0.05


Tree=143
num_leaves=31
num_cat=0
split_feature=4 0 0 5 5 0 0 2 4 6 5 5 2 6 6 0 3 0 0 4 2 4 4 4 0 4 4 2 2 5
split_gain=0.00274855 0.00480442 0.00607895 0.00549806 0.00854223 0.00431306 0.00381765 0.00369545 0.00347896 0.0120884 0.0153506 0.0120856 0.0161257 0.00426614 0.0153773 0.0441665 0.0118934 0.0145075 0.018473 0.0598988 0.0157826 0.0242256 0.0172446 0.0132165 0.0151803 0.0121061 0.0116628 0.0177187 0.0158559 0.024565
threshold=-0.1011354941912317 0.78476499893267271 0.80001930524045262 0.45738867038362868 0.36021746842229135 0.72186690152070665 0.77112189758342009 -4.0778821232618814 -0.046034554147186477 -12.345472868815905 0.52925241987363736 0.39978595509242076 -3.4610990022684298 -7.1262070701104676 -6.9326581115423336 0.74242687712383548 0.078132238362344758 0.71087792635696478 0.70484049973660612 0.17267666462342476 -1.6957158584984164 0.86573207726152235 0.56484931728799459 0.0052482925792944621 0.65826204313371062 0.68322729571133223 0.49765504579684766 -2.2307488363570207 -2.6522581620433257 1.3685839560705475
decision_type=2 2 2 2 2 2 2 2 2 2 2 2 2 2 2 2 2 2 2 2 2 2 2 2 2 2 2 2 2 2
left_child=1 3 -3 4 -1 -6 -5 -2 9 -9 11 -11 -13 16 15 -15 -10 18 23 -20 21 25 -22 -18 -25 26 27 -19 -28 -30
right_child=7 2 -4 6 5 -7 -8 8 13 10 -12 12 -14 14 -16 -17 17 20 19 -21 22 -23 -24 24 -26 -27 28 -29 29 -31
leaf_value=0.00025224465133839017 -0.00058896654162607679 -0.00091531691116118893 7.0028500622542269e-05 0.00076873161713592714 -0.00074095246285044896 0.00012234855448300748 1.10837154194166e-05 -0.0011757502781360278 0.00061209140050888175 0.00014935768942243296 0.0012099442310586927 0.00014482834667433055 -0.001594015442339393 0.00054591608059126882 -5.9669517610408224e-06 -0.0020610854340096314 -0.0010963395945369624 4.0153073853756952e-05 -8.4675118321849211e-05 -0.0032799890637397766 0.00066568195523524832 0.0016549393083031255 -0.00097837049528105391 0.0012548964433372022 -5.9525213142096722e-05 -0.00066763485982456979 0.0014435542391895849 0.00097939013619907189 0.00094495656802643865 -0.0010018903421811186
leaf_weight=197 27 23 49 60 39 23 23 28 99 79 21 24 30 32 9509 33 26 577 55 20 22 28 58 25 181 42 42 55 43 26
leaf_count=197 27 23 49 60 39 23 23 28 99 79 21 24 30 32 9509 33 26 577 55 20 22 28 58 25 181 42 42 55 43 26
internal_value=-4.87971e-13 0.00012649 -0.000244735 0.000204643 9.11547e-05 -0.000420696 0.000558781 -4.72541e-06 -3.2985e-06 -0.000220096 -4.63409e-05 -0.000244702 -0.000821196 3.30415e-07 -1.1206e-05 -0.000777639 8.53571e-05 4.19015e-05 -0.000254604 -0.000936759 0.000143836 0.000209773 -0.000526256 -3.40797e-05 9.9992e-05 0.000158226 0.00020491 0.00012189 0.000677597 0.000211362
internal_weight=11496 414 72 342 259 62 83 11082 11055 182 154 133 54 10873 9574 65 1299 1200 307 75 893 813 80 232 206 785 743 632 111 69
internal_count=11496 414 72 342 259 62 83 11082 11055 182 154 133 54 10873 9574 65 1299 1200 307 75 893 813 80 232 206 785 743 632 111 69
is_linear=0
shrinkage=0.05


Tree=144
num_leaves=31
num_cat=0
split_feature=1 2 6 4 5 0 2 5 0 5 6 0 1 5 0 2 2 4 0 3 2 0 1 0 5 2 1 0 0 0
split_gain=0.00256138 0.00354683 0.00349523 0.00655868 0.0223792 0.0115947 0.007196 0.00467397 0.00710221 0.00339678 0.00299734 0.00318627 0.00295703 0.00837971 0.013401 0.014119 0.0197527 0.00788741 0.00685404 0.017297 0.0146004 0.00563551 0.0053428 0.0132989 0.0361806 0.0153319 0.0104101 0.00849266 0.00760648 0.00592242
threshold=-14.660329570207091 -3.260694136725244 -12.79835494464972 0.37037846449690448 1.7548308607764493 0.69849335195316808 -3.8551145659415904 1.069991406016171 0.78137308596253507 0.90810582064583356 -14.884846775426412 0.77112189758342009 -8.7876883559467913 0.76382356194983714 0.71701369600808351 -1.9488887788371994 -0.84119062157154667 0.26039393299010843 0.76227904849760464 0.14620850957637757 -2.4587377057231268 0.7258238903827926 -7.9252635648271612 0.76174813154087484 1.125038629179639 -2.4997444364651678 -7.7877523636353354 0.71087792635696478 0.70484049973660612 0.80786558595759894
decision_type=2 2 2 2 2 2 2 2 2 2 2 2 2 2 2 2 2 2 2 2 2 2 2 2 2 2 2 2 2 2
left_child=1 -1 3 5 -5 -2 -7 9 -9 10 -8 -12 13 21 17 18 -17 -15 19 -16 -20 -4 23 27 25 -25 -24 28 -14 -26
right_child=2 -3 12 4 -6 6 7 8 -10 -11 11 -13 22 14 15 16 -18 -19 20 -21 -22 -23 26 24 29 -27 -28 -29 -30 -31
leaf_value=6.6692159104960683e-05 -0.0009439863322768361 -0.00081140272827922135 -0.0008006542000892126 0.0018667303124422453 -9.9760057398667328e-05 -0.00047875111477504323 0.00068385669146664441 -0.00080960131032043142 0.00044366705898517885 0.0010543263422071257 0.0004715571766374288 -0.00032929120706799237 0.00040155757211751361 0.00010600769684450434 0.00020111324569291398 -0.0019306868838611991 -6.2025090058644614e-06 0.0012825205368150411 2.5574570549667302e-05 -0.001478220815466636 0.0014324598120186818 -0.00014459229337873369 -0.00082931975454190055 -0.00044499304682782778 0.00019360890952297129 -0.0023194442264502868 -2.415743737730939e-07 0.00083701793686914792 -0.00066803266893409523 0.0013225526227394031
leaf_weight=23 26 23 64 23 39 34 40 20 26 22 27 23 68 28 46 24 30 29 114 23 22 67 38 24 26 20 10419 85 22 21
leaf_count=23 26 23 64 23 39 34 40 20 26 22 27 23 68 28 46 24 30 29 114 23 22 67 38 24 26 20 10419 85 22 21
internal_value=9.78109e-13 -0.000372355 1.49593e-06 0.000175979 0.000629744 4.69263e-05 0.000181112 0.000323108 -0.000101232 0.000497391 0.000361251 0.000103167 -2.87786e-06 -0.000128879 1.05079e-05 -0.000142243 -0.000861529 0.000704584 4.7228e-05 -0.000358665 0.000253159 -0.000465111 2.37465e-06 0.000223663 -0.000266607 -0.00129702 -3.25439e-06 0.000478604 0.000140102 0.000698031
internal_weight=11496 46 11450 280 62 218 192 158 46 112 90 50 11170 447 316 259 54 57 205 69 136 131 10723 266 91 44 10457 175 90 47
internal_count=11496 46 11450 280 62 218 192 158 46 112 90 50 11170 447 316 259 54 57 205 69 136 131 10723 266 91 44 10457 175 90 47
is_linear=0
shrinkage=0.05


Tree=145
num_leaves=31
num_cat=0
split_feature=7 6 2 1 3 4 4 2 2 1 6 1 6 3 3 2 6 1 5 4 5 6 2 5 4 6 3 1 3 3
split_gain=0.00266535 0.00267724 0.0272395 0.0127849 0.0204347 0.0231193 0.0223189 0.0221794 0.0112699 0.0195441 0.0156717 0.0153507 0.0125167 0.0167051 0.0369885 0.0182729 0.0185466 0.0152139 0.0145211 0.0123098 0.0126365 0.0123447 0.0168386 0.041082 0.0205106 0.0170262 0.0154336 0.0128768 0.0135354 0.0310816
threshold=0.18395841789426978 2.2154348347596238 0.94661851252573659 2.0393225700970912 0.10878037150417992 0.67117831059377719 0.35868929936904176 0.30002400272304597 6.5697647894316686 4.0691524372502021 3.11476383838083 1.5294519192709191 11.107137050582834 0.27315599561754372 0.20017370005091376 2.4994988971274581 6.8937405552264499 5.4908758716411441 1.1509063515741236 0.77049223523160648 0.31136858916989318 6.0579935318665372 11.607345145174413 0.75914155551963891 0.99003597784623343 9.175342042590847 0.13789241459898124 6.2335655144804329 0.17596427431355419 0.15629010319487011
decision_type=2 2 2 2 2 2 2 2 2 2 2 2 2 2 2 2 2 2 2 2 2 2 2 2 2 2 2 2 2 2
left_child=1 3 -3 -1 6 7 -5 -6 9 10 -4 -10 13 14 15 -11 17 -17 -18 -13 -21 -22 23 -23 -25 26 -24 -26 29 -29
right_child=-2 2 8 4 5 -7 -8 -9 11 12 -12 19 -14 -15 -16 16 18 -19 -20 20 21 22 25 24 27 -27 -28 28 -30 -31
leaf_value=9.6098251750954787e-06 -0.00056278272143875558 -0.0017403109363563684 1.8160924984052148e-05 0.00068765151208145141 0.00055429674703989069 -0.00051053909604282426 -0.0013825819940151028 0.0019631954652534144 0.00033606779414893997 0.0013819298040794415 -0.00052011386679095954 -0.00038997717547228569 -0.0010528203945432324 0.0016342370343045331 -0.0015476872389814976 3.7596485285297495e-06 0.00027225870111653087 -0.0015789820241149178 0.0016937234629453583 0.0011516534257680177 0.00025382023466984885 0.0016345553216524423 0.00018826132949190932 -0.0016965653290613913 -0.00012752835213456293 -6.2658726012798288e-06 0.0011811349581616274 -0.00043647989460816574 -0.00019842876223562174 -0.0024003493864538858
leaf_weight=5481 21 23 203 23 114 36 30 37 344 36 405 204 20 20 29 49 98 22 22 24 434 28 130 26 483 2905 56 66 98 29
leaf_count=5481 21 23 203 23 114 36 30 37 344 36 405 204 20 20 29 49 98 22 22 24 434 28 130 26 483 2905 56 66 98 29
internal_value=9.64968e-14 1.02993e-06 -2.30518e-05 2.52506e-05 0.000382447 0.000628068 -0.000484179 0.000899524 -1.616e-05 -0.00017818 -0.000340394 1.41831e-05 0.000155016 0.00024254 0.000133814 0.000348632 0.000153874 -0.000486667 0.000532861 -1.05165e-05 7.57412e-06 1.12103e-06 -2.75813e-05 -0.000243566 -0.000318477 2.34277e-05 0.000487191 -0.000265473 -0.000610693 -0.00103598
internal_weight=11496 11475 5754 5721 240 187 53 151 5731 904 608 4827 296 276 256 227 191 71 120 4483 4279 4255 3821 730 702 3091 186 676 193 95
internal_count=11496 11475 5754 5721 240 187 53 151 5731 904 608 4827 296 276 256 227 191 71 120 4483 4279 4255 3821 730 702 3091 186 676 193 95
is_linear=0
shrinkage=0.05


Tree=146
num_leaves=31
num_cat=0
split_feature=1 4 2 4 6 2 4 3 2 4 5 6 1 6 3 2 6 1 5 3 1 5 3 5 4 3 5 2 3 3
split_gain=0.002545 0.00849713 0.00513205 0.00798784 0.00469606 0.00411869 0.00315626 0.015652 0.0108717 0.0103202 0.00990554 0.00770823 0.00785081 0.00754659 0.00732746 0.00700664 0.00692297 0.0180182 0.00946806 0.00863571 0.00708638 0.00838336 0.0369777 0.00787271 0.00688144 0.00600297 0.00865354 0.00711671 0.00557758 0.0111024
threshold=27.538023022653359 2.3361687186777904 43.256881240856153 2.5395356087630785 42.01367201014893 38.571458916430196 2.2918937972104483 0.17749288015636175 37.660102896243771 2.4531815844234073 0.84817409723181958 26.238467842814035 10.983586755312571 38.698213648142321 0.082270092263549324 21.39565861453838 31.112012552659035 22.365126338008306 1.0099842151665828 0.25655817950047627 14.734974920872858 0.85922110140762287 0.1812596643925338 0.96035429441834297 2.4011669387515977 0.23354519576207242 1.0582644706873789 30.101595167583678 0.13097718074134898 0.15896992219762571
decision_type=2 2 2 2 2 2 2 2 2 2 2 2 2 2 2 2 2 2 2 2 2 2 2 2 2 2 2 2 2 2
left_child=4 -2 3 -3 6 -6 8 9 16 -8 13 12 -12 24 -10 -13 17 20 19 -18 -1 22 -22 -23 -9 26 -25 -28 -16 -30
right_child=1 2 -4 -5 5 -7 7 10 14 -11 11 15 -14 -15 28 -17 18 -19 -20 -21 21 23 -24 25 -26 -27 27 -29 29 -31
leaf_value=6.4205725650344813e-06 -0.0011153069206722482 -0.00017420451363755598 -0.00039956556944301932 0.0010351009566379203 8.063843085367878e-05 0.0010220991458655113 -0.00032652042023578867 -0.0014103274671705785 -0.0001991642186191672 -0.0015491359318340464 -1.2764565100700692e-05 0.00085982169335087138 -0.0013004543504212052 0.00023363962148626648 0.0010746692924502505 7.0800268449742836e-05 0.00032507590018212798 -0.0013182800310180308 -0.00048840983094123659 0.0015583895062181083 -0.00095771982800215479 -0.00093521829291533405 0.0015461202675741616 0.00057592670939787219 -0.00034792350480399497 -0.00081451514315096377 -0.00064031934870096554 0.00033716957054652827 -0.00048119129322003577 0.00061181849774337178
leaf_weight=10035 22 36 52 22 26 21 45 27 46 28 29 30 20 24 35 453 40 26 20 22 30 52 29 37 35 34 60 27 30 103
leaf_count=10035 22 36 52 22 26 21 45 27 46 28 29 30 20 24 35 453 40 26 20 22 30 52 29 37 35 34 60 27 30 103
internal_value=-3.29773e-13 -0.000218283 -3.88777e-05 0.000284498 2.53549e-06 0.000501291 4.64135e-07 -0.000103083 7.1977e-06 -0.000795469 -2.1296e-05 5.91878e-05 -0.000538352 -0.000519172 0.000359969 0.000119808 -5.28903e-08 -3.68539e-06 0.000457554 0.000762703 -3.68286e-07 -0.000253626 0.000272981 -0.000401577 -0.000810583 -0.000225948 -6.45669e-05 -0.000336961 0.000513065 0.000365275
internal_weight=11496 132 110 58 11364 47 11317 691 10626 73 618 532 49 86 214 483 10412 10330 82 62 10304 269 59 210 62 158 124 87 168 133
internal_count=11496 132 110 58 11364 47 11317 691 10626 73 618 532 49 86 214 483 10412 10330 82 62 10304 269 59 210 62 158 124 87 168 133
is_linear=0
shrinkage=0.05


Tree=147
num_leaves=31
num_cat=0
split_feature=4 1 6 5 4 1 2 4 4 2 6 2 2 6 6 6 5 6 4 1 5 6 3 2 6 5 5 2 1 3
split_gain=0.0024373 0.00345961 0.0290289 0.0128841 0.0136216 0.0217691 0.012906 0.0136589 0.0115331 0.0179473 0.0103025 0.00902101 0.0354802 0.0196825 0.0158113 0.0143073 0.0104119 0.0198132 0.0188297 0.0180284 0.0127463 0.0102567 0.00955269 0.00924975 0.00979295 0.0133856 0.0211383 0.00880658 0.00750088 0.00732515
threshold=-0.1011354941912317 -6.6036533644670872 -10.537616365794618 0.77113341922442957 0.96138007902877864 -8.636905888255523 -3.1260861874433457 0.026896193247534724 0.86573207726152235 -2.3073331753732167 -7.4136259502948105 -2.6522581620433257 -2.8427844645499669 -8.5232347424401045 -4.7311679122715873 -8.7010486494572508 1.3867398117720777 -7.1262070701104676 0.63785984842305909 -10.806651678334982 1.2095016237834659 -10.814444470488271 0.12183844310241297 -3.0252986020786676 -10.179135901836103 1.1463448927070827 1.3545594759052471 -2.2709563821327468 -7.0753495472605277 0.1414163964131481
decision_type=2 2 2 2 2 2 2 2 2 2 2 2 2 2 2 2 2 2 2 2 2 2 2 2 2 2 2 2 2 2
left_child=-1 3 -3 6 8 -6 -2 -8 11 -10 -11 12 13 23 16 -14 17 19 -19 -13 22 -18 -21 24 25 -5 29 -22 -26 -27
right_child=1 2 -4 4 5 -7 7 -9 9 10 -12 14 15 -15 -16 -17 21 18 -20 20 27 -23 -24 -25 28 26 -28 -29 -30 -31
leaf_value=0.00011911315266339127 3.0674994831541084e-05 0.00167398762736971 1.0752982202824785e-06 0.00053915318474108138 0.00031704542298729603 -0.0016596385758991042 -0.0016742797783361033 -0.00044469154153227658 -0.00017665849128596685 0.00052222388420397278 0.0019437958663329484 0.0013362789766688367 0.0023038925758252543 -0.0014313463589844659 0.00075701506043385181 0.00049316192744299772 -0.0018969825655221939 -0.0022609360946808008 -0.00020261307829059659 7.4605745751233331e-05 0.00083610545344916837 -0.0004446595456571349 -0.0013065542259644118 -0.00072166081731933553 -0.00087525114098465761 -0.0016065872060911108 0.00026682263718110589 -0.00036575395993336486 0.00032102979021146898 -0.00032788569161701684
leaf_weight=414 133 26 9809 178 26 30 26 172 42 26 25 24 24 23 35 20 20 20 25 21 35 31 31 34 38 24 116 27 20 21
leaf_count=414 133 26 9809 178 26 30 26 172 42 26 25 24 24 23 35 20 20 20 25 21 35 31 31 34 38 24 116 27 20 21
internal_value=-6.43065e-13 -4.44982e-06 5.49784e-06 -8.29063e-05 1.37056e-05 -0.000741892 -0.000350267 -0.000606153 6.29073e-05 0.000588743 0.00121907 -8.5107e-07 0.000125175 -6.21009e-06 -0.000234164 0.00148083 -0.000382417 -0.000206347 -0.00111742 9.07433e-05 -0.000171475 -0.0010142 -0.000748778 6.98413e-05 0.000137627 0.000240345 -9.00141e-05 0.000312715 -0.00046274 -0.00100986
internal_weight=11496 11082 9835 1247 916 56 331 198 860 93 51 767 498 454 269 44 234 183 45 138 114 51 52 431 397 339 161 62 58 45
internal_count=11496 11082 9835 1247 916 56 331 198 860 93 51 767 498 454 269 44 234 183 45 138 114 51 52 431 397 339 161 62 58 45
is_linear=0
shrinkage=0.05


Tree=148
num_leaves=31
num_cat=0
split_feature=7 1 6 3 6 0 5 0 3 6 3 0 5 4 5 0 0 0 4 5 4 5 4 5 3 0 3 3 1 4
split_gain=0.00242802 0.00248299 0.0112654 0.018962 0.0156159 0.0167289 0.0276478 0.0218925 0.0111091 0.0106346 0.0281927 0.020382 0.0198589 0.0221402 0.0168182 0.0208261 0.0181078 0.0202736 0.0250657 0.0154163 0.0125164 0.0128288 0.0117224 0.0112426 0.0109448 0.0110179 0.0198497 0.0132765 0.0101949 0.00968713
threshold=0.18395841789426978 10.13175115430335 16.107486771313642 0.25655817950047627 17.827325059821757 0.74361827779903933 1.0770838126051014 0.80272281177559746 0.16855241368231369 25.269856758442369 0.23851863684096888 0.80001930524045262 1.0466882977112915 2.0210855365320275 1.3980347563726145 0.69378365125071551 0.72743068703130087 0.75543565844731042 1.8025377811346033 0.75914155551963891 1.4703435836820404 0.87981137174557078 1.7874914831323754 1.2047488504015968 0.21449912322762435 0.70575338934392995 0.16944923032446524 0.18370866485635148 10.983586755312571 1.9813479809607275
decision_type=2 2 2 2 2 2 2 2 2 2 2 2 2 2 2 2 2 2 2 2 2 2 2 2 2 2 2 2 2 2
left_child=1 2 -1 4 -4 6 -6 -7 -8 10 11 14 -12 -14 15 19 24 18 20 -3 21 -18 -11 -20 25 26 -17 -27 -21 -24
right_child=-2 9 3 -5 5 7 8 -9 -10 22 12 -13 13 -15 -16 16 17 -19 23 28 -22 -23 29 -25 -26 27 -28 -29 -30 -31
leaf_value=-5.4581787060673399e-07 -0.00053714265037948887 -0.001709385800252979 0.0007567350670921757 -0.00098476177964616448 0.00023858676200000191 0.00083003429906365871 -0.00033766080530106345 -0.00086753375210758788 -0.0018276531120826459 0.0011331995420429545 -0.0022881841083290055 -0.0015900448795450343 0.00071436999770369209 -0.0013392066273705235 -0.001289521420123772 0.00080093585784197791 -0.0012672564201056957 0.00038069566571488026 -0.0017092010028482902 0.00050076646378275822 0.0010725012873687471 0.00052361058391397813 -0.00054551913086066232 -0.0003139341906221076 -0.00048234112783456635 0.00072003356790165281 -0.0010688922789830197 0.0021348602784746619 -0.00046868128267930453 5.1576581002974392e-05
leaf_weight=8953 21 21 146 29 103 109 22 23 29 24 24 22 21 35 26 40 20 117 42 34 24 20 72 22 23 97 22 20 134 1201
leaf_count=8953 21 21 146 29 103 109 22 23 29 24 24 22 21 35 26 40 20 117 42 34 24 20 72 22 23 97 22 20 134 1201
internal_value=4.49497e-13 9.83007e-07 1.18656e-05 0.000252906 0.00033599 0.000121204 -0.000232831 0.000534246 -0.00118491 -4.87253e-05 -0.000196709 -9.28347e-05 -0.00108484 -0.000569115 -4.30785e-05 7.87673e-06 0.000193924 -9.50387e-05 -0.00052989 -0.000432139 0.000169799 -0.000371823 3.84448e-05 -0.00122958 0.000544398 0.000676326 0.000137448 0.000961884 -0.000272484 1.78053e-05
internal_weight=11496 11475 9414 461 432 286 154 132 51 2061 764 684 80 56 662 636 447 245 128 189 64 40 1297 64 202 179 62 117 168 1273
internal_count=11496 11475 9414 461 432 286 154 132 51 2061 764 684 80 56 662 636 447 245 128 189 64 40 1297 64 202 179 62 117 168 1273
is_linear=0
shrinkage=0.05


Tree=149
num_leaves=31
num_cat=0
split_feature=1 5 2 3 3 6 2 3 1 2 6 1 2 2 2 3 2 6 6 2 5 5 5 5 1 2 5 0 0 3
split_gain=0.00243954 0.003469 0.00241781 0.00571665 0.00775793 0.00492806 0.0183915 0.00530914 0.00232188 0.00304655 0.00301292 0.00898849 0.0139754 0.0133651 0.0103723 0.0248475 0.0185134 0.0183899 0.0168021 0.0166289 0.0127503 0.0092849 0.0128878 0.00892457 0.0220922 0.00871922 0.0340269 0.0123463 0.00988237 0.0370912
threshold=31.022699478813923 0.71504573822540662 57.072811937329895 0.24659523319887847 0.18285040497137908 42.01367201014893 34.779572431216415 0.30133967984551241 -14.660329570207091 -3.260694136725244 -7.1262070701104676 -6.2857415941815979 -3.075992537193355 -3.4839258579309074 -2.6522581620433257 0.2213617118221072 -1.5062738571677288 -9.591425843350736 -12.17577471367578 -2.7674632713111342 0.71504573822540662 0.55219860524464315 0.44949177700076048 1.0733113862971611 -7.6368764551444022 -2.4997444364651678 0.45738867038362868 0.62511277048434277 0.81527461224674902 0.10957879588589095
decision_type=2 2 2 2 2 2 2 2 2 2 2 2 2 2 2 2 2 2 2 2 2 2 2 2 2 2 2 2 2 2
left_child=2 -2 5 4 -4 8 7 -7 9 -1 11 14 13 -13 19 17 -17 18 -16 -10 -21 22 -15 24 -19 26 -12 -27 29 -28
right_child=1 -3 3 -5 -6 6 -8 -9 10 -11 25 12 -14 21 15 16 -18 23 -20 20 -22 -23 -24 -25 -26 27 28 -29 -30 -31
leaf_value=5.312072816709786e-05 3.3689235230364527e-05 -0.00085792707368455019 0.00012908740574494007 0.00039625682098710024 -0.0010386089356016425 -0.00057762884971452883 0.00166170834785416 0.00043355897068977358 2.3093930217527901e-05 -0.00076069409039084121 8.1205887695902902e-05 0.00028294200950055513 0.00050480919455432485 -0.00031313730689362272 0.0002780571159140285 0.0015774572300242967 -0.00027924098866060379 -0.0013656990208854788 -0.0011980350660451224 -4.5963417505845428e-05 0.0015633572966180509 0.00014483595433902291 -0.0018197909770110113 0.00030875227577682285 0.0005128427962611975 0.00075121922069229193 -0.00055782265931373417 -2.4368367276361349e-07 -1.1580240929338579e-05 -0.0026591601291632589
leaf_weight=23 24 20 25 23 33 27 21 25 843 23 435 143 251 40 24 29 25 34 98 20 32 38 22 74 29 55 168 8821 47 24
leaf_count=23 24 20 25 23 33 27 21 25 843 23 435 143 251 40 24 29 25 34 98 20 32 38 22 74 29 55 168 8821 47 24
internal_value=-6.87509e-13 -0.000371591 1.4277e-06 -0.000270778 -0.000535292 3.36672e-06 0.000412861 -9.14809e-05 7.20847e-07 -0.000353787 2.17013e-06 6.34574e-05 0.000243139 -2.71458e-05 -1.00216e-05 -0.000257772 0.000717875 -0.000461188 -0.000907656 7.66216e-05 0.000944388 -0.000470571 -0.000847756 -6.36033e-05 -0.000500973 -8.75249e-06 -0.000182127 4.41274e-06 -0.000661416 -0.00082049
internal_weight=11496 44 11452 81 58 11371 73 52 11298 46 11252 1702 494 243 1208 313 54 259 122 895 52 100 62 137 63 9550 674 8876 239 192
internal_count=11496 44 11452 81 58 11371 73 52 11298 46 11252 1702 494 243 1208 313 54 259 122 895 52 100 62 137 63 9550 674 8876 239 192
is_linear=0
shrinkage=0.05


Tree=150
num_leaves=31
num_cat=0
split_feature=6 2 5 1 3 4 1 1 1 3 1 1 3 3 5 3 5 3 2 5 3 3 3 6 2 6 2 5 1 5
split_gain=0.00236546 0.00887788 0.0309401 0.0363247 0.0327894 0.0304636 0.0367866 0.0125667 0.0114982 0.010353 0.00778764 0.0214656 0.0178592 0.0106971 0.00769829 0.032378 0.0471641 0.030464 0.0188597 0.0307574 0.024312 0.0203393 0.0160344 0.0196545 0.0146308 0.00765895 0.0146176 0.0230341 0.0205208 0.0304488
threshold=-2.7133982069921228 1.0000000180025095e-35 0.92841912171303032 -0.8216247582310986 0.11577778718823031 0.304129856836658 -0.93487410933847925 1.4478451607408018 4.3117151752316349 0.095280971989488095 -3.4776580356750402 -2.804405432755019 0.11909386665347002 0.15984425864271765 0.6501861057972016 0.15110785953113662 1.3371625741699638 0.11217528131678541 -2.4587377057231268 0.39042792657635345 0.13268414432826339 0.10608780373480338 0.10200126935642487 -4.0234189360403336 -1.364631501991685 -1.9771699221738441 0.3586554600596028 0.73298026278980188 3.4165123283943393 0.93792176794214199
decision_type=2 2 2 2 2 2 2 2 2 2 2 2 2 2 2 2 2 2 2 2 2 2 2 2 2 2 2 2 2 2
left_child=10 2 4 -4 5 9 -7 -5 -6 -2 -1 12 -12 -14 18 17 -17 22 19 -13 21 -20 23 -16 -19 -3 27 -27 29 -29
right_child=1 25 3 7 8 6 -8 -9 -10 -11 11 14 13 -15 15 16 -18 24 20 -21 -22 -23 -24 -25 -26 26 -28 28 -30 -31
leaf_value=-4.7373174872262399e-06 -0.00012706402485069442 -0.0003518516638187545 -7.7467694479439948e-05 -0.0030690496364695723 0.00050182001317628248 0.00033923154976218939 -0.0020529137879364296 -0.0012965746782720089 0.0018590770801529288 0.00095500698613856609 0.00031539182240216291 0.00022369875639144865 0.0022068951400401799 0.00081879944174683523 -0.0016338809068111007 0.0022772878815885632 -0.00047588332955326355 -0.00089475038413391363 0.0006037347832492057 -0.0014545784251915907 -0.00016689468567691575 0.0022211608915733033 0.0011414485331624747 0.00034146579038513343 -0.0024665511189959945 -0.00039858828709040571 -2.1773241216227327e-06 0.0029796189595641489 -0.00018219334511820269 0.00057853637300732158
leaf_weight=2581 280 152 42 20 71 25 45 20 20 24 131 91 23 35 20 28 35 57 77 39 76 26 25 34 20 41 7381 23 23 31
leaf_count=2581 280 152 42 20 71 25 45 20 20 24 131 91 23 35 20 28 35 57 77 39 76 26 25 34 20 41 7381 23 23 31
internal_value=1.15743e-12 -1.43855e-05 -0.000208983 -0.00110446 -5.10695e-05 -0.000258177 -0.00119858 -0.00218281 0.000800118 -4.16374e-05 3.57588e-05 0.000181533 0.000638798 0.00136925 1.78534e-05 -0.000208928 0.000747748 -0.000595278 0.000178582 -0.000279784 0.000511474 0.00101202 9.45371e-05 -0.000390144 -0.00130301 -4.73008e-07 6.64922e-06 0.000558757 0.00106851 0.00160122
internal_weight=11496 8198 547 82 465 374 70 40 91 304 3298 717 189 58 528 219 63 156 309 130 179 103 79 54 77 7651 7499 118 77 54
internal_count=11496 8198 547 82 465 374 70 40 91 304 3298 717 189 58 528 219 63 156 309 130 179 103 79 54 77 7651 7499 118 77 54
is_linear=0
shrinkage=0.05


Tree=151
num_leaves=31
num_cat=0
split_feature=6 1 0 5 6 3 2 6 4 6 4 1 3 2 4 5 2 4 5 6 5 0 3 1 2 2 0 2 3 5
split_gain=0.00234205 0.00844725 0.00575069 0.00304412 0.00240894 0.00885804 0.0155531 0.0254894 0.0153716 0.0224513 0.0181865 0.0167619 0.023743 0.018235 0.0155009 0.0201823 0.0117709 0.0105231 0.0156869 0.0165052 0.00992514 0.0157351 0.0128832 0.0103891 0.024318 0.0130127 0.0106253 0.0111699 0.00838354 0.00827659
threshold=-16.731352277925691 -13.376818390780587 0.8045422603626935 1.4528990075563233 -7.1262070701104676 0.21847320376086932 -1.2978965792860679 -10.814444470488271 0.55358946971756418 -9.591425843350736 0.28172998214585854 -5.3436807981752592 0.091035605180477083 -2.6522581620433257 0.23225568498381119 0.81939363042524216 -2.6130115377791405 0.48396305559995556 1.1700310344335201 -8.3185803314207067 0.89887318416403039 0.75475697140647957 0.1101273226823118 -8.3369825491094378 -2.4997444364651678 -2.7441961677608186 0.77698967280807218 -3.260694136725244 0.078132238362344758 0.60007698336242421
decision_type=2 2 2 2 2 2 2 2 2 2 2 2 2 2 2 2 2 2 2 2 2 2 2 2 2 2 2 2 2 2
left_child=2 -2 3 -1 5 8 7 -7 10 16 14 12 -12 17 20 -16 -10 18 19 -14 23 22 -22 24 -3 26 28 -28 -25 -27
right_child=1 4 -4 -5 -6 6 -8 -9 9 -11 11 -13 13 -15 15 -17 -18 -19 -20 -21 21 -23 -24 25 -26 29 27 -29 -30 -31
leaf_value=0.00047535864600481897 -0.00073662813967810233 -9.3052136494715029e-05 0.001001308472477831 -0.00020150581895786278 -8.8816993891038583e-06 0.00021284162833514375 -0.00033695227982077219 0.0022645179948691902 -0.00016615440448125205 8.8710221877720741e-05 0.0015901807755712542 0.0015618635694526377 0.0014749510020919843 -0.00055913783526465076 0.00052310411643702542 -0.0014142711544636547 -0.0015997616605212294 0.0014666883448212916 -0.00070549026773921374 -0.00023969103113631718 0.00049499454436118949 -0.00031143609697156696 0.0020700797473546121 0.00048449880179797056 -0.0015368276599364242 0.00025005427623060923 9.289732674369589e-05 -0.0013611679676257286 -2.8739734682323025e-05 0.0011077821235974423
leaf_weight=26 39 251 20 46 9748 41 35 24 21 84 31 31 32 67 20 41 45 22 29 25 37 34 20 98 33 75 25 28 423 45
leaf_count=26 39 251 20 46 9748 41 35 24 21 84 31 31 32 67 20 41 45 22 29 25 37 34 20 98 33 75 25 28 423 45
internal_value=-1.30627e-13 -2.02703e-06 0.000251263 4.29175e-05 4.9382e-07 5.70137e-05 0.000512816 0.000970384 2.69673e-05 -0.000453512 7.96901e-05 0.000477912 0.000314793 8.88677e-05 -3.83088e-06 -0.000779066 -0.00114361 0.000490871 0.000241243 0.000722915 4.04061e-05 0.000539863 0.00104766 -6.0669e-06 -0.000260815 9.81815e-05 -8.12361e-07 -0.000675288 6.78003e-05 0.000571702
internal_weight=11496 11404 92 72 11365 1617 100 65 1517 150 1367 237 206 175 1130 61 66 108 86 57 1069 91 57 978 284 694 574 53 521 120
internal_count=11496 11404 92 72 11365 1617 100 65 1517 150 1367 237 206 175 1130 61 66 108 86 57 1069 91 57 978 284 694 574 53 521 120
is_linear=0
shrinkage=0.05


Tree=152
num_leaves=31
num_cat=0
split_feature=6 0 1 3 0 0 6 1 1 1 1 1 0 1 4 2 4 1 4 2 4 4 1 0 3 0 6 1 2 6
split_gain=0.00233958 0.012502 0.00909268 0.00509597 0.00287581 0.00770033 0.012568 0.0118795 0.0150564 0.0526312 0.00645887 0.00988142 0.00519865 0.0175071 0.00549202 0.00985614 0.0118374 0.0101273 0.00599661 0.0050364 0.00492097 0.00490364 0.0313319 0.0122972 0.0102461 0.0173676 0.00734571 0.00767116 0.0218575 0.00551866
threshold=44.590586333132194 0.69692855699319212 29.24857398931643 0.28259303266915564 0.67124621226604397 0.68367624457921272 37.352031179024387 21.14152512614417 12.761416541080363 11.175046217995313 5.3554669662560732 3.9605041590205508 0.68700197322809775 14.46314875195335 1.754436655724894 9.5216673653054311 1.5316808725242068 -3.1600453877363708 0.62961089712756557 14.432755818310531 1.8983716467244807 1.8821563074449519 17.314324341504264 0.65290205563768466 0.16791138174953474 0.65826204313371062 -11.399992824082259 -5.4296276153652228 -3.4332233748838261 -4.1488635711895485
decision_type=2 2 2 2 2 2 2 2 2 2 2 2 2 2 2 2 2 2 2 2 2 2 2 2 2 2 2 2 2 2
left_child=2 -2 4 -3 21 6 7 8 9 10 11 -6 13 14 15 17 -17 -7 -19 -12 -10 24 -23 -24 26 -26 -1 28 -28 -29
right_child=1 3 -4 -5 5 12 -8 -9 20 -11 19 -13 -14 -15 -16 16 -18 18 -20 -21 -22 22 23 -25 25 -27 27 29 -30 -31
leaf_value=-0.0010395882141199849 0.0013560779136605561 -0.00045178957332513836 -0.00091846507792878488 0.00041205442394129935 0.00021720513563720282 -0.00048348700656788426 0.0014336927398107945 -0.0010384249687194825 0.00043990710927616989 -0.0023959885397925977 0.0012773683948857388 -0.0009371065231971444 2.577706690952349e-06 -0.0014420307327613789 0.00065061253870068048 -0.0015910605132706803 -0.00011096082494727203 5.8049042127095167e-05 0.0012418485276967936 0.00037441333840066131 0.0014449197534022148 -0.0017830379970837384 -0.00055346231536915235 0.00067443667596142577 0.0011759238327761334 -0.00024516334984624801 -0.00023366090466151948 -0.00045170079612318184 0.0015536696708295496 -5.4174027186476194e-05
leaf_weight=21 20 38 27 31 254 32 20 20 21 20 23 20 10020 27 23 22 35 20 23 47 29 30 38 44 43 43 50 122 26 307
leaf_count=21 20 38 27 31 254 32 20 20 21 20 23 20 10020 27 23 22 35 20 23 47 29 30 38 44 43 43 50 122 26 307
internal_value=-4.89463e-13 0.000255362 -1.99239e-06 -6.36857e-05 1.82013e-07 6.73367e-06 0.000208218 0.000151745 0.000209241 9.74865e-05 0.000242456 0.000132949 -2.23262e-06 -0.000267065 -6.23933e-05 -0.000186629 -0.000682227 0.000190026 0.000691244 0.000671099 0.00102281 -9.62468e-05 -0.000400424 0.00010541 -4.05804e-05 0.00046538 -0.000123304 -8.52011e-05 0.000377794 -0.000167224
internal_weight=11496 89 11407 69 11380 10656 454 434 414 364 344 274 10202 182 155 132 57 75 43 70 50 724 112 82 612 86 526 505 76 429
internal_count=11496 89 11407 69 11380 10656 454 434 414 364 344 274 10202 182 155 132 57 75 43 70 50 724 112 82 612 86 526 505 76 429
is_linear=0
shrinkage=0.05


Tree=153
num_leaves=31
num_cat=0
split_feature=1 6 3 5 6 4 0 6 1 4 4 1 1 5 0 4 5 4 3 0 6 3 5 0 0 5 4 4 6 6
split_gain=0.00220003 0.0095905 0.0134901 0.00828375 0.00766156 0.00637618 0.00549405 0.00495535 0.0150866 0.0108281 0.0102481 0.00910721 0.0108228 0.0103208 0.0140477 0.0139882 0.00982999 0.00966799 0.00873765 0.00676597 0.00652295 0.00723148 0.0363407 0.0198929 0.0581392 0.0233494 0.0405575 0.0212081 0.0173456 0.0184452
threshold=23.742394834092266 39.546696592768726 0.27315599561754372 0.79207194601813391 34.54153550409557 2.3540300907080103 0.72081573326128512 29.082027869420475 16.628345199773779 2.5015912564931599 2.0523998638653826 14.46314875195335 22.365126338008306 0.84185797759705061 0.68550861728276935 2.2670736955530981 0.94426710218322341 2.3540300907080103 0.25317609236450539 0.70045467497746905 26.238467842814035 0.24659523319887847 1.0360701478176269 0.71238894183323542 0.73647539394039552 1.3774019063936966 1.710007333728095 1.2255537836684245 -3.4516164605104853 6.187644831961884
decision_type=2 2 2 2 2 2 2 2 2 2 2 2 2 2 2 2 2 2 2 2 2 2 2 2 2 2 2 2 2 2
left_child=7 2 3 -2 -5 -3 -6 8 9 20 -9 -12 13 15 -15 -13 -14 -17 -10 -16 21 -1 -23 -24 -25 26 27 -26 -27 -30
right_child=1 5 -4 4 6 -7 -8 10 18 -11 11 12 16 14 19 17 -18 -19 -20 -21 -22 22 23 24 25 28 -28 -29 29 -31
leaf_value=9.8433382384451974e-06 -0.0011498280474916101 0.00073829581760946898 -0.0016268318640955148 0.00083634051959961646 -0.00088213835309337212 -3.7800146541116898e-05 7.9360513504630391e-05 0.0010285571146185601 -0.00033332161240823722 -0.0011306024721956678 0.00097446412962329167 0.00015353706426916378 0.0010880414338316768 0.00097242349009507177 -0.00072149607967730844 -0.0019436526694335044 -6.369185030052904e-05 -0.00050430807324508878 -0.0014406692920601928 4.249936644122891e-05 0.00029387529203900466 -0.0013510613236083033 -0.0007772287351481157 0.0016067190230907209 -0.0010277964663691819 -0.00024606219357069709 -0.0028511268540751191 0.0010741913074161858 0.0012768956794752739 -0.00021969153728735235
leaf_weight=9706 20 32 21 20 24 153 39 31 163 21 28 41 44 39 32 20 32 28 20 307 193 59 73 56 30 139 20 20 50 35
leaf_count=9706 20 32 21 20 24 153 39 31 163 21 28 41 44 39 32 20 32 28 20 307 193 59 73 56 30 139 20 20 50 35
internal_value=-6.51668e-13 -0.00013161 -0.000471851 -0.000236369 -1.62584e-05 9.64435e-05 -0.000286925 3.63524e-06 -4.30078e-06 3.61671e-06 0.000143175 9.51068e-05 4.97624e-05 -4.02885e-05 7.37671e-05 -0.000524704 0.000603101 -0.00110403 -0.000454343 -2.96182e-05 5.91115e-06 4.55999e-07 -0.000188576 -2.64329e-05 0.000130162 -0.000151087 -0.00094818 -0.000187001 9.80042e-05 0.000660654
internal_weight=11496 309 124 103 83 185 63 11187 10585 10402 602 571 543 467 378 89 76 48 183 339 10381 10188 482 423 350 294 70 50 224 85
internal_count=11496 309 124 103 83 185 63 11187 10585 10402 602 571 543 467 378 89 76 48 183 339 10381 10188 482 423 350 294 70 50 224 85
is_linear=0
shrinkage=0.05


Tree=154
num_leaves=31
num_cat=0
split_feature=3 1 5 6 6 2 5 3 4 2 4 4 2 4 5 1 4 4 5 5 2 2 1 2 2 6 3 4 5 1
split_gain=0.00217804 0.0127312 0.00760015 0.0137576 0.0181474 0.0117569 0.00731405 0.00440675 0.00777574 0.013112 0.0131848 0.00889435 0.0081508 0.00430118 0.00855945 0.00603639 0.00521212 0.00467245 0.0112153 0.00986203 0.00428984 0.00519388 0.0036811 0.00360363 0.00356044 0.0194255 0.0159135 0.0156656 0.0241161 0.0253182
threshold=0.057678403221613724 3.5257471678935008 0.29849519942357194 10.744869547351355 -1.3341386710520027 -1.4358014370100138 0.40870386666041569 0.067929311352298447 0.23225568498381119 13.528520663909459 0.56484931728799459 0.51002693179406744 -2.9259411386734153 0.10346841408059508 0.34789898647570389 -2.3574501694685441 0.018177705087767188 0.39338913488782162 0.49458407079828376 0.52925241987363736 -1.8844894891708901 1.0000000180025095e-35 0.53161023501618898 -0.76945399926153613 -2.4165195405889741 -6.3950447531246208 0.075426297046158219 0.304129856836658 0.76382356194983714 -7.6368764551444022
decision_type=2 2 2 2 2 2 2 2 2 2 2 2 2 2 2 2 2 2 2 2 2 2 2 2 2 2 2 2 2 2
left_child=1 13 3 4 5 -2 -3 8 12 10 11 20 -4 14 15 16 -1 18 22 -19 -10 -22 23 -15 25 -9 -27 28 29 -26
right_child=2 6 7 -5 -6 -7 -8 24 9 -11 -12 -13 -14 17 -16 -17 -18 19 -20 -21 21 -23 -24 -25 27 26 -28 -29 -30 -31
leaf_value=-0.00012187639871184286 0.00019765031519685847 -0.00024981964062052692 0.00023504614555056307 0.0015119751112069935 -0.00093212400782195955 0.0014000140014104546 -0.0015391152844213968 -7.6394455218642848e-06 0.0012557192853736607 -0.0006942463957308238 0.0018315553257707508 -0.00051782399648800501 -0.00068753103080850387 -0.00030828753380639549 0.00080028282499774333 5.1954513047700397e-05 -0.0011081115708553367 -0.00014642739655553467 -0.0010275243088674162 0.001165800576009566 -0.00021316799393389374 0.00079689471433604412 -0.00028871876922949015 7.3472613408997428e-05 -0.0013840706462202512 -0.0016235820796533394 -0.00035297668976166214 -7.9434146477301885e-06 0.0020052086614305155 0.00032729615268536753
leaf_weight=37 268 22 62 20 34 22 22 1351 22 21 20 20 39 81 36 696 21 45 36 21 20 35 196 261 23 29 164 7494 20 358
leaf_count=37 268 22 62 20 34 22 22 1351 22 21 20 20 39 81 36 696 21 45 36 21 20 35 196 261 23 29 164 7494 20 358
internal_value=5.39443e-13 -5.67489e-05 8.34643e-06 0.000239296 0.000160736 0.000288864 -0.000894467 1.37431e-07 0.000212169 0.000456154 0.000662636 0.000421622 -0.000121197 -3.0973e-05 4.70769e-05 1.11148e-05 -0.000478962 -0.000127316 -0.000173127 0.0002711 0.000665633 0.000429599 -0.000115955 -1.69443e-05 -5.23131e-06 -7.46716e-05 -0.000543897 8.34891e-06 0.000312824 0.000223985
internal_weight=11496 1474 10022 344 324 290 44 9678 239 138 117 97 101 1430 790 754 58 640 574 66 77 55 538 342 9439 1544 193 7895 401 381
internal_count=11496 1474 10022 344 324 290 44 9678 239 138 117 97 101 1430 790 754 58 640 574 66 77 55 538 342 9439 1544 193 7895 401 381
is_linear=0
shrinkage=0.05


Tree=155
num_leaves=31
num_cat=0
split_feature=6 1 0 5 6 1 5 4 5 0 2 4 5 2 1 4 6 2 2 2 1 5 6 1 1 6 4 2 2 5
split_gain=0.00211122 0.00758873 0.00509321 0.0027528 0.00233402 0.00731398 0.0053344 0.020572 0.0131396 0.0101215 0.00684523 0.012223 0.00544227 0.00482422 0.00407543 0.0094103 0.0104742 0.00871333 0.0152862 0.00974258 0.00579048 0.0140608 0.0140336 0.00947101 0.0094182 0.00839751 0.0168484 0.00936585 0.0072768 0.00493416
threshold=-16.731352277925691 -13.376818390780587 0.8045422603626935 1.5285439717681457 -11.832597164209599 -7.377739911321445 1.5625918901124045 0.40180400713297942 1.1463448927070827 0.68454904605622358 -3.0252986020786676 -0.046034554147186477 0.63727805436289919 -3.1961699176008107 -8.7876883559467913 0.304129856836658 -10.179135901836103 -2.008574325735307 -0.95967878883527458 -2.3788265746064532 -7.9252635648271612 0.67591747704908656 -10.371447684052635 -7.7877523636353354 -8.3369825491094378 -9.8975354348962821 0.60395718671759968 -0.27141344016161867 -2.1422070179231558 1.3019098316617019
decision_type=2 2 2 2 2 2 2 2 2 2 2 2 2 2 2 2 2 2 2 2 2 2 2 2 2 2 2 2 2 2
left_child=2 -2 3 -1 5 6 7 8 9 -3 11 12 -11 -8 15 16 -6 19 -19 -17 21 22 -16 -22 -24 -23 -27 28 -28 -25
right_child=1 4 -4 -5 14 -7 13 -9 -10 10 -12 -13 -14 -15 20 17 -18 18 -20 -21 23 25 24 29 -26 26 27 -29 -30 -31
leaf_value=0.00028196495428346681 -0.00069819559665540095 -0.00089464754007918682 0.00094442796631483367 -0.00035664500060698224 -0.00027172522645604191 0.00093135655714342226 6.7735284683294599e-05 0.0015388263079027336 -0.0011888209624365638 0.00031458381206241688 -0.00018708876465471126 0.00077994523272435703 -0.00050227858898180884 -0.0010304705923772418 -0.001163934869861502 4.1187768983388885e-05 -0.0014565807957506668 -0.0012752464424157818 0.00010012693132137367 0.0011299128321787487 -0.00079214368260612617 0.0010326343472115695 -0.00046048919308383995 1.1084132215740817e-05 0.0010040695246841228 -0.00069284322742146985 0.00029723134939558805 -0.00021508595015367737 0.0014212123170081114 -9.6832769542504763e-05
leaf_weight=45 39 23 20 27 66 26 20 24 21 44 78 90 38 20 30 98 26 31 58 26 38 51 23 9200 21 33 24 23 36 1197
leaf_count=45 39 23 20 27 66 26 20 24 21 44 78 90 38 20 30 98 26 31 58 26 38 51 23 9200 21 33 24 23 36 1197
internal_value=-1.79902e-12 -1.92455e-06 0.000238561 4.24862e-05 4.64764e-07 0.000121634 6.28275e-05 0.00013128 1.63779e-05 0.000109086 0.000201429 0.000377617 -6.39622e-05 -0.000481368 -3.77247e-06 -0.000183987 -0.000606576 -1.46076e-06 -0.000378936 0.000269469 1.37604e-06 0.00024368 -0.000330052 -4.22005e-06 0.000238505 0.000497909 0.000262814 0.000642774 0.00097162 -1.34027e-06
internal_weight=11496 11404 92 72 11365 384 358 318 294 273 250 172 82 40 10981 305 92 213 89 124 10676 241 74 10435 44 167 116 83 60 10397
internal_count=11496 11404 92 72 11365 384 358 318 294 273 250 172 82 40 10981 305 92 213 89 124 10676 241 74 10435 44 167 116 83 60 10397
is_linear=0
shrinkage=0.05


Tree=156
num_leaves=31
num_cat=0
split_feature=1 6 4 5 0 5 0 0 5 1 0 5 0 5 3 4 1 6 4 4 1 6 5 6 5 4 4 1 3 5
split_gain=0.00210335 0.00267306 0.00557352 0.0187842 0.00916919 0.00558914 0.00475999 0.00902357 0.011578 0.0102302 0.00238705 0.0179888 0.0109161 0.0101142 0.0143673 0.0143459 0.0111992 0.00805394 0.00732633 0.0239403 0.0217222 0.0174464 0.0158357 0.011026 0.01046 0.014734 0.0120968 0.0119332 0.0103021 0.00987604
threshold=-14.660329570207091 -12.79835494464972 0.37037846449690448 1.7548308607764493 0.69849335195316808 1.2047488504015968 0.74315799767088497 0.80136451664945041 0.6501861057972016 -9.9889946680254003 0.7085861078004011 1.7548308607764493 0.7091878911336581 1.7548308607764493 0.32831792398238074 1.4224562715186628 -2.1711898139720405 -7.4136259502948105 0.43567730272873806 0.38061581145635021 9.1401282431902509 16.107486771313642 0.92541945609095155 -9.4264084320231749 1.0770838126051014 1.7261624798264641 2.6523141673575057 10.76642325761399 0.086718185450694207 0.43305413273283538
decision_type=2 2 2 2 2 2 2 2 2 2 2 2 2 2 2 2 2 2 2 2 2 2 2 2 2 2 2 2 2 2
left_child=-1 2 4 -4 -2 6 -6 8 -8 -10 11 18 -12 14 -14 17 -17 -15 19 -3 23 22 -22 -20 26 -26 27 -23 -21 -29
right_child=1 10 3 -5 5 -7 7 -9 9 -11 12 -13 13 15 -16 16 -18 -19 20 28 21 24 -24 -25 25 -27 -28 29 -30 -31
leaf_value=-0.00033742439954949078 -0.00084621626883745198 -2.541918300773256e-06 0.0017055269416786083 -9.6103419752743764e-05 0.00064742908622567237 -0.00038001947242987511 0.00073121005946384025 0.00088800511974841353 -3.7047237232660077e-05 -0.0015176470833830535 -0.00078371242011401237 -0.001056645718730382 -1.4484498369683784e-05 0.0007066361382603646 -0.0011490127378367884 0.0019384413070621946 0.00048552901910928388 -0.00038889788660990054 -0.00072751015331596139 -0.00046236855809443769 1.3363602993194948e-05 0.00065049241150247968 -0.0018916362559442254 0.00033935984782767418 -0.001575793093070388 -0.00017286708199779158 0.0013053859496721999 -0.00090841453212002921 -0.0020479909241112185 2.5495086640105178e-05
leaf_weight=46 26 977 23 39 58 39 22 25 28 20 46 37 8246 25 28 21 36 51 25 21 20 74 24 774 21 172 20 30 20 502
leaf_count=46 26 977 23 39 58 39 22 25 28 20 46 37 8246 25 28 21 36 51 25 21 20 74 24 774 21 172 20 30 20 502
internal_value=3.10188e-13 1.35559e-06 0.000153943 0.000572243 3.4977e-05 0.000154305 0.000290506 7.25946e-05 -0.000218623 -0.000653964 -2.46934e-06 3.83001e-05 -1.55736e-05 -1.13707e-05 -1.83238e-05 0.000421191 0.00102081 -2.85249e-05 5.34169e-05 -5.22132e-05 0.000118117 -5.58129e-05 -0.00102573 0.000305978 -3.70517e-06 -0.000325517 9.55116e-05 5.55817e-05 -0.00123584 -2.7169e-05
internal_weight=11496 11450 280 62 218 192 153 95 70 48 11170 2717 8453 8407 8274 133 57 76 2680 1018 1662 863 44 799 819 193 626 606 41 532
internal_count=11496 11450 280 62 218 192 153 95 70 48 11170 2717 8453 8407 8274 133 57 76 2680 1018 1662 863 44 799 819 193 626 606 41 532
is_linear=0
shrinkage=0.05


Tree=157
num_leaves=31
num_cat=0
split_feature=6 1 1 3 0 1 2 0 0 4 1 2 0 2 3 1 2 2 4 1 1 0 0 3 3 0 2 4 6 3
split_gain=0.00206754 0.00967549 0.0204508 0.0130315 0.0151468 0.0109135 0.0160832 0.0131729 0.0178199 0.0106781 0.0103057 0.0197737 0.0131807 0.0076821 0.0259546 0.0133621 0.0110894 0.0286819 0.0248343 0.031264 0.0201596 0.024999 0.017988 0.0133172 0.0185651 0.0107645 0.0136881 0.0236649 0.0161251 0.0156009
threshold=-3.5780096753294663 -4.2830838270807625 -5.3436807981752592 0.16186246721924197 0.80350803626494793 -3.3739585404041756 -0.11462873986422674 0.7484084752932213 0.77698967280807218 0.71168017595450961 -2.9165684154094147 -0.44914632991570702 0.77545911891298169 -1.5062738571677288 0.092330020207995814 -0.68728169287121654 0.67005934370052145 0.3586554600596028 0.37037846449690448 1.6234677480219897 1.2672205387892046 0.73208468741278787 0.7900422786588055 0.074448699452127606 0.12630363674760059 0.69464089761126113 4.141174646738083 0.74003842680046639 1.4938995645924127 0.06533126674671047
decision_type=2 2 2 2 2 2 2 2 2 2 2 2 2 2 2 2 2 2 2 2 2 2 2 2 2 2 2 2 2 2
left_child=-1 2 9 -4 -5 6 -3 -8 -9 -2 11 -7 -13 14 -12 25 17 20 -19 -20 23 -22 -23 -17 -25 -15 27 29 -28 -27
right_child=1 5 3 4 -6 10 7 8 -10 -11 13 12 -14 15 -16 16 -18 18 19 -21 21 22 -24 24 -26 26 28 -29 -30 -31
leaf_value=3.5459790563577872e-05 -0.0010158823448277656 -0.00081243257205642304 -0.00023540325647672944 -0.0025777278082568956 -0.00071462908187337846 0.00076077830142042208 0.0016149035123332095 -0.00063612927182543069 0.0010348879756071629 0.00021022565589468606 -8.4975656418122012e-05 -0.00041516722302657326 -0.0019013239680789413 0.00074040848925252187 -0.0015808857180121723 9.649393962807691e-05 7.5092055339417202e-08 0.00051486311611370183 -0.00069345659044895162 -0.0028626243989072885 -0.00045862952606650216 0.0018644691079056691 0.00040742819279309528 -0.0016735547984114277 -0.00029372471168137375 -0.00025686158588519549 0.0011473660359606296 -0.00048573995175340396 0.00015517757100084973 0.00059884446872166864
leaf_weight=3028 21 20 32 20 24 21 30 27 39 115 239 37 25 86 33 71 6672 20 46 26 66 28 87 38 68 82 63 163 117 152
leaf_count=3028 21 20 32 20 24 21 30 27 39 115 239 37 25 86 33 71 6672 20 46 26 66 28 87 38 68 82 63 163 117 152
internal_value=-9.88208e-14 -1.26798e-05 -0.000346208 -0.00100314 -0.00156149 -4.11532e-06 0.000477445 0.000746169 0.00035129 2.09002e-05 -1.09779e-05 -0.000565276 -0.00101442 -5.26769e-06 -0.000266465 3.85827e-06 -1.61281e-05 -0.000256368 -0.0010438 -0.00147677 -5.40096e-05 0.000317027 0.000762186 -0.000433431 -0.000788381 0.000218554 0.000140773 -2.32088e-05 0.000502444 0.000298982
internal_weight=11496 8468 212 76 44 8256 116 96 66 136 8140 83 62 8057 272 7785 7122 450 92 72 358 181 115 177 106 663 577 397 180 234
internal_count=11496 8468 212 76 44 8256 116 96 66 136 8140 83 62 8057 272 7785 7122 450 92 72 358 181 115 177 106 663 577 397 180 234
is_linear=0
shrinkage=0.05


Tree=158
num_leaves=31
num_cat=0
split_feature=7 3 1 5 4 4 2 5 3 0 0 4 2 4 5 1 0 0 4 5 5 1 2 2 5 3 2 1 5 4
split_gain=0.00211641 0.0020197 0.0113882 0.00938356 0.00878929 0.00857224 0.0106379 0.00649922 0.00398957 0.0115517 0.0102872 0.00876926 0.0180705 0.0039669 0.00766164 0.00552659 0.00861209 0.00487784 0.00530542 0.0101708 0.00616482 0.00457059 0.00373449 0.00364867 0.00483887 0.00340676 0.00340301 0.0152268 0.021807 0.0142948
threshold=0.18395841789426978 0.057678403221613724 3.5257471678935008 0.29849519942357194 0.69432591762757134 0.19469307701660113 -1.4358014370100138 0.40870386666041569 0.067929311352298447 0.75001897022501884 0.77545911891298169 0.23225568498381119 10.81513172418458 0.10346841408059508 0.34789898647570389 -2.3574501694685441 0.71659916935277324 0.79106858103291067 0.39338913488782162 0.49458407079828376 0.50648025307754951 0.53161023501618898 0.58322183354084534 -0.76945399926153613 0.34789898647570389 0.028159900766678177 -2.4165195405889741 -4.9766947304452787 1.0168023613842128 0.16584853555044851
decision_type=2 2 2 2 2 2 2 2 2 2 2 2 2 2 2 2 2 2 2 2 2 2 2 2 2 2 2 2 2 2
left_child=1 2 13 4 5 6 -3 -4 9 11 22 -5 -13 14 15 16 -1 18 19 21 -20 23 -11 -15 -25 -17 27 -10 -29 -28
right_child=-2 3 7 8 -6 -7 -8 -9 26 10 -12 12 -14 17 -16 25 -18 -19 20 -21 -22 -23 -24 24 -26 -27 29 28 -30 -31
leaf_value=-0.0012659612289142041 -0.00050149072083600216 0.00019044454243533925 -0.00023837046213553883 3.3585269097545141e-05 0.0012880038865841926 -0.00079463184694759557 0.001359373772339452 -0.0014537287862780928 5.5101609650459193e-06 -0.0012736593283162539 0.00040016490825580374 0.0011828663933719421 -0.00041607380214069662 -0.0002625532744535744 0.00075831738176930237 2.1653160551599265e-05 1.7720455149616544e-06 -0.00058599730624477031 -1.9514240719015816e-05 -0.00098005607618357657 0.0010584558947898802 -0.00027586469622389035 -0.0003414815025670188 6.7565632601516033e-05 0.00087941948262596273 0.0004715281410285065 0.00047453000493078438 -0.0002296467051820838 -0.0015089395069241476 -1.4851367897145878e-06
leaf_weight=21 21 266 22 76 20 20 21 22 1234 22 29 67 24 76 36 649 37 52 36 33 21 179 21 223 20 45 161 270 38 7734
leaf_count=21 21 266 22 76 20 20 21 22 1234 22 29 67 24 76 36 649 37 52 36 33 21 179 21 223 20 45 161 270 38 7734
internal_value=2.38096e-13 9.17761e-07 -5.37647e-05 8.96461e-06 0.000272393 0.00020623 0.000275976 -0.00084605 6.20538e-08 0.000201807 -0.000327595 0.000430052 0.000761168 -2.93526e-05 4.57506e-05 1.16384e-05 -0.000457235 -0.000121823 -8.0774e-05 -0.000129981 0.000377633 -7.36512e-05 -0.00081841 3.98165e-05 0.000134385 5.08237e-05 -5.04731e-06 -7.29862e-05 -0.000387482 8.22208e-06
internal_weight=11496 11475 1472 10003 327 307 287 44 9676 239 72 167 91 1428 788 752 58 640 588 531 57 498 43 319 243 694 9437 1542 308 7895
internal_count=11496 11475 1472 10003 327 307 287 44 9676 239 72 167 91 1428 788 752 58 640 588 531 57 498 43 319 243 694 9437 1542 308 7895
is_linear=0
shrinkage=0.05


Tree=159
num_leaves=31
num_cat=0
split_feature=2 6 6 6 0 6 5 6 0 4 3 4 4 3 2 1 1 4 3 5 5 5 3 2 5 6 0 4 1 5
split_gain=0.00206519 0.0152393 0.0450654 0.02151 0.0187458 0.0315778 0.0168163 0.0286163 0.0194358 0.022576 0.011218 0.0104225 0.00998173 0.00986789 0.00911365 0.00905229 0.00828438 0.02423 0.0193342 0.0153083 0.0252025 0.0220194 0.0165151 0.0143846 0.0367169 0.0459184 0.0286276 0.0248884 0.0258776 0.0133426
threshold=12.089759173637484 16.107486771313642 17.827325059821757 8.0300947511023697 0.78476499893267271 11.648159130425309 0.85167262525656462 8.6297206067273553 0.76346651678835897 1.2037859138402742 0.25317609236450539 1.3775402840046234 1.5464803749103377 0.14881667895182216 11.38631578677014 10.76642325761399 7.9174697899248363 2.1402918958745634 0.22924310019550517 0.80099964511031041 1.1609936897169277 1.1194458603399535 0.17430112637269121 16.791219443569201 0.77861802045466899 21.640404416810931 0.71510233193748018 1.8555213223432541 11.663762907503974 1.0099842151665828
decision_type=2 2 2 2 2 2 2 2 2 2 2 2 2 2 2 2 2 2 2 2 2 2 2 2 2 2 2 2 2 2
left_child=1 3 -3 12 6 11 -5 -8 9 13 14 -6 -1 -9 15 -11 17 18 19 -2 21 22 -21 24 -18 27 -27 28 -26 -30
right_child=16 2 -4 4 5 -7 7 8 -10 10 -12 -13 -14 -15 -16 -17 23 -19 -20 20 -22 -23 -24 -25 25 26 -28 -29 29 -31
leaf_value=-3.3682225212415103e-07 -4.6425678721960494e-05 0.0025878109525711763 -0.00061583250410520763 0.00058483551917360875 0.00052347428811030808 -0.0025063304863870146 -0.0012335996245998156 -0.00056042800484387299 0.00094929472008418005 4.0721296012479602e-05 0.00075740565479333918 -0.0010017977799482954 0.0008847231601976091 -0.0019271214678883552 -0.00092262480584149426 -0.001031213843783586 0.0023654925590381026 0.0012801053891466423 -0.0012122275382612966 0.00055660738467097344 -7.7689905639080297e-05 0.0016035196887473416 -0.00044465717670997651 -7.6308479996319278e-05 0.00028213973222774875 0.0025355756166391078 0.0005344632401179946 -0.0018150688595293713 -0.002101080587526667 -0.00027470738743431863
leaf_weight=7113 706 21 23 59 21 25 71 28 37 188 35 24 32 25 37 22 20 44 28 290 273 44 48 2005 119 24 70 24 20 20
leaf_count=7113 706 21 23 59 21 25 71 28 37 188 35 24 32 25 37 22 20 44 28 290 273 44 48 2005 119 24 70 24 20 20
internal_value=4.98118e-13 -1.47015e-05 0.000913179 -1.9992e-05 -0.000315024 -0.00108155 -0.000208138 -0.000313749 -0.000138186 -0.000258296 -8.03511e-05 -0.000290004 3.62706e-06 -0.00120509 -0.000199062 -7.15767e-05 3.05485e-05 0.000124929 8.83364e-05 0.000115093 0.000289188 0.000551381 0.000414416 -2.82038e-05 0.000296543 0.00014716 0.00104539 -0.000314223 -8.76801e-05 -0.00118789
internal_weight=11496 7761 44 7717 572 70 502 443 372 335 282 45 7145 53 247 210 3735 1433 1389 1361 655 382 338 2302 297 277 94 183 159 40
internal_count=11496 7761 44 7717 572 70 502 443 372 335 282 45 7145 53 247 210 3735 1433 1389 1361 655 382 338 2302 297 277 94 183 159 40
is_linear=0
shrinkage=0.05


Tree=160
num_leaves=31
num_cat=0
split_feature=1 6 5 5 6 0 0 5 2 1 3 3 2 5 5 2 2 1 1 1 6 3 5 0 6 3 0 2 1 2
split_gain=0.00197979 0.00560436 0.00870639 0.0198154 0.00372691 0.00773309 0.0107283 0.0108435 0.00687823 0.00523767 0.0109787 0.00587165 0.00449661 0.00391569 0.00370074 0.00358737 0.00711165 0.0154054 0.00936088 0.00938487 0.00618724 0.0105796 0.00545246 0.00523137 0.00515953 0.0151849 0.0171629 0.00960571 0.00957038 0.014354
threshold=27.538023022653359 48.475345436014223 0.5945166880706757 0.77492952417856376 38.698213648142321 0.73448319781880278 0.69849335195316808 0.60007698336242421 30.101595167583678 23.130802125662644 0.27315599561754372 0.18803065479776199 49.279194797589987 0.84532915444545942 0.9508451245931232 37.660102896243771 34.779572431216415 16.628345199773779 10.76642325761399 13.723247650299776 36.660612827665794 0.22924310019550517 1.1558303738457092 0.75056905156790332 29.082027869420475 0.22761411907576456 0.71614799558707742 21.39565861453838 14.734974920872858 19.030194982867091
decision_type=2 2 2 2 2 2 2 2 2 2 2 2 2 2 2 2 2 2 2 2 2 2 2 2 2 2 2 2 2 2
left_child=4 2 -2 -4 9 6 7 -6 -8 15 11 -11 13 -13 -5 16 24 18 -18 -20 21 -17 -23 -21 28 -26 27 -27 -1 -30
right_child=1 -3 3 14 5 -7 8 -9 -10 10 -12 12 -14 -15 -16 20 17 -19 19 23 -22 22 -24 -25 25 26 -28 -29 29 -31
leaf_value=3.4113561868234242e-06 0.00044950612778352071 0.00028439271014316808 -0.0019290035437072883 0.00040679941987036727 -0.00021084581817229909 0.00091081461595261804 0.00012416150254596555 0.0010492609204160736 -0.00096547752888000117 0.00064424771311072013 -0.001310246232289659 5.0002211137325505e-05 0.00033316051010929404 -0.000810501322699472 -0.00049787332335164637 0.00022219474444654173 -0.00093519669405356149 -0.0013900090459079868 0.001080228386721997 -0.00075619374956226073 0.00076922409288171273 -0.00064144379075514735 0.00017547660837105165 0.00032441554746280116 -0.00030125177976215935 -0.00063344306165716898 0.0016265256997818748 0.00052930112397939991 0.00024072406161429146 -0.00057886536613433706
leaf_weight=10054 22 42 22 20 31 34 28 38 30 21 23 20 21 39 26 322 23 29 22 21 36 64 30 24 79 23 30 78 79 165
leaf_count=10054 22 42 22 20 31 34 28 38 30 21 23 20 21 39 26 322 23 29 22 21 36 64 30 24 79 23 30 78 79 165
internal_value=3.41013e-13 -0.000192524 -0.000415085 -0.000694806 2.23629e-06 0.000241091 6.17944e-05 0.000483126 -0.000439445 -1.19632e-06 -0.000324352 -9.98409e-05 -0.000295164 -0.000518805 -0.000104537 2.42054e-06 -3.44721e-06 -0.000387806 -6.48733e-05 0.000233894 0.000140378 8.59582e-05 -0.000380725 -0.000179869 9.05536e-07 0.000246253 0.000576428 0.000264518 -4.09767e-06 -0.000313506
internal_weight=11496 132 90 68 11364 161 127 69 58 11203 124 101 80 59 46 11079 10627 119 90 67 452 416 94 45 10508 210 131 101 10298 244
internal_count=11496 132 90 68 11364 161 127 69 58 11203 124 101 80 59 46 11079 10627 119 90 67 452 416 94 45 10508 210 131 101 10298 244
is_linear=0
shrinkage=0.05


Tree=161
num_leaves=31
num_cat=0
split_feature=6 1 0 5 3 6 0 1 1 0 5 0 3 5 4 3 1 3 0 5 5 0 0 3 3 6 1 4 3 0
split_gain=0.0019736 0.00695669 0.00461578 0.00247137 0.00464651 0.00209975 0.0075279 0.0067005 0.0198341 0.0159248 0.0144928 0.0117094 0.0103758 0.0123525 0.0085998 0.0150705 0.0298096 0.0117396 0.0185336 0.0390451 0.0181882 0.011153 0.00991768 0.00901911 0.00841792 0.00804504 0.00565116 0.0152235 0.0120005 0.0388532
threshold=-16.731352277925691 -13.376818390780587 0.8045422603626935 1.5285439717681457 0.15420827790992855 -2.7133982069921228 0.61173341841260964 -3.4776580356750402 -2.804405432755019 0.68093827451065159 0.43305413273283538 0.84210881744846289 0.1414163964131481 1.3297268339089929 0.43567730272873806 0.20755936616630233 -2.1711898139720405 0.091748808679624053 0.73208468741278787 0.61612453979571857 0.39042792657635345 0.72848023935320183 0.73960490039057614 0.17265808544673469 0.08369139020916401 -4.9358023965360251 -2.254265292242668 0.43567730272873806 0.18924697652009234 0.77698967280807218
decision_type=2 2 2 2 2 2 2 2 2 2 2 2 2 2 2 2 2 2 2 2 2 2 2 2 2 2 2 2 2 2
left_child=2 -2 3 4 -1 7 -7 -3 9 -9 -11 14 -12 -14 17 16 -16 20 -19 23 -10 -22 -18 25 -23 -20 27 -8 -29 -30
right_child=1 5 -4 -5 -6 6 26 8 11 10 12 -13 13 -15 15 -17 22 18 19 -21 21 24 -24 -25 -26 -27 -28 28 29 -31
leaf_value=-0.00029714162741129258 -0.00066850662697106602 -4.3389954445227873e-06 0.00090262358833570033 -0.00033418346709502796 0.00072533835616195579 0.00082057490837070398 -0.0012256599983877757 -0.00072516136919148272 0.00038167292874450578 -0.00019117551873932826 0.00069635216642246697 -0.0011745847424026578 0.0025427923188544813 0.00084375854804302037 0.0007989371043589452 0.00053619787230023321 -0.00058161529620216854 -0.00046386619481684951 0.00085227898726198304 0.0019958992190545473 -5.0170891691090129e-05 -0.001804193471092731 -0.0019354631388259513 -0.0007180769617358844 -0.00044628157423479327 1.1050278675005151e-05 -6.0545582229402208e-06 0.00013319096949143225 -0.0014297024917513989 0.00016843970322700236
leaf_weight=20 39 2450 20 27 25 27 33 20 84 32 94 20 20 23 23 35 24 48 54 41 41 25 31 21 21 60 7755 221 61 101
leaf_count=20 39 2450 20 27 25 27 33 20 84 32 94 20 20 23 23 35 24 48 54 41 41 25 31 21 21 60 7755 221 61 101
internal_value=-7.42453e-13 -1.86076e-06 0.000230654 4.39955e-05 0.000270903 4.2689e-07 -1.2931e-05 3.50048e-05 0.000169443 0.000608987 0.000766874 1.21064e-05 0.000990653 0.00163401 5.88265e-05 -0.000325802 -0.000712597 0.00016886 0.000407021 0.000644536 -0.000143118 -0.000649813 -0.00134469 0.000234122 -0.00118428 0.000409527 -1.56852e-05 -0.000195219 -0.000106434 -0.00043333
internal_weight=11496 11404 92 72 45 11365 8198 3167 717 189 169 528 137 43 508 113 78 395 224 176 171 87 55 135 46 114 8171 416 383 162
internal_count=11496 11404 92 72 45 11365 8198 3167 717 189 169 528 137 43 508 113 78 395 224 176 171 87 55 135 46 114 8171 416 383 162
is_linear=0
shrinkage=0.05


Tree=162
num_leaves=31
num_cat=0
split_feature=2 6 6 5 6 0 4 4 5 6 2 0 0 2 4 0 3 6 4 4 2 6 4 4 3 4 4 4 5 4
split_gain=0.00203521 0.0114474 0.0363272 0.0257325 0.0212605 0.0187706 0.014661 0.0166456 0.0131704 0.0161252 0.0211957 0.0125002 0.0106785 0.0115481 0.0153548 0.0258542 0.015801 0.0149678 0.0121068 0.0101612 0.00948877 0.0197117 0.0172546 0.0161939 0.0119013 0.00947092 0.00929732 0.00899518 0.00861543 0.0157385
threshold=13.722195693827407 16.107486771313642 17.827325059821757 1.165518488112564 8.1290743967607835 0.77698967280807218 1.4513291023581743 1.3062959750570953 0.83297150113264251 8.6297206067273553 6.9305147727695671 0.76668548742462972 0.7569027035024265 13.341391285352039 1.3062959750570953 0.74242687712383548 0.14747131539467614 10.256196337200453 1.3563279707118736 0.9547698084506554 16.791219443569201 20.528607542551779 1.8155794690418863 1.9573686789027227 0.33771497853466398 1.3893270061948504 2.2670736955530981 1.5464803749103377 1.0839374361428302 1.6738073841418732
decision_type=2 2 2 2 2 2 2 2 2 2 2 2 2 2 2 2 2 2 2 2 2 2 2 2 2 2 2 2 2 2
left_child=1 4 -3 -4 27 8 7 -7 19 -10 -11 12 13 14 15 16 17 -12 -16 -6 21 22 28 -23 -22 -9 -25 -1 -2 -30
right_child=20 2 3 -5 5 6 -8 25 9 10 11 -13 -14 -15 18 -17 -18 -19 -20 -21 24 23 -24 26 -26 -27 -28 -29 29 -31
leaf_value=1.2874299238390253e-06 3.9456312425087574e-05 0.0016860913427267522 0.00090203505075935801 -0.0014721250418806449 -3.1629508368731028e-05 -0.0016362459472888573 -0.0019100256060482935 0.00084540128547814684 -0.0010324563996133901 0.00092411802190060669 0.00017736846012457347 0.0007559861794496621 -0.0012608431424174843 -0.0012231770493411299 0.0012296116159996018 0.00036197151568513819 -0.0020886300783604385 -0.0016420262173051016 -5.8355443546203726e-05 0.0013554264474963853 4.7279350574181705e-06 0.0019529084637761119 -0.0012541927279570424 0.00014078483064870607 -0.0010312354233714619 -0.00069334204308688649 0.0013569749161516402 0.00084142804334987888 0.00095492631367440994 -0.00052882549935020509
leaf_weight=7283 366 39 21 25 31 22 28 20 60 41 26 28 29 29 20 41 30 20 208 23 2807 25 23 55 28 20 22 32 70 24
leaf_count=7283 366 39 21 25 31 22 28 20 60 41 26 28 29 29 20 41 30 20 208 23 2807 25 23 55 28 20 22 32 70 24
internal_value=-4.1754e-13 -1.36904e-05 0.000563496 -0.000388269 -1.98299e-05 -0.000288111 -0.00096041 -0.000531552 -0.000184857 -0.000260376 -0.000162231 -0.000265572 -0.000336549 -0.000264879 -0.000184327 -0.000649974 -0.00119589 -0.000613673 5.46241e-05 0.000559154 3.23286e-05 0.00021567 8.22932e-05 0.000847248 -5.5038e-06 7.60296e-05 0.000488268 4.96269e-06 0.000149117 0.000576096
internal_weight=11496 8076 85 46 7991 676 90 62 586 532 472 431 403 374 345 117 76 46 228 54 3420 585 483 102 2835 40 77 7315 460 94
internal_count=11496 8076 85 46 7991 676 90 62 586 532 472 431 403 374 345 117 76 46 228 54 3420 585 483 102 2835 40 77 7315 460 94
is_linear=0
shrinkage=0.05


Tree=163
num_leaves=31
num_cat=0
split_feature=2 5 2 4 5 0 2 0 4 1 3 2 2 1 4 3 1 4 3 3 3 0 2 4 0 0 1 4 3 4
split_gain=0.0019166 0.00475316 0.00290152 0.00463704 0.00823245 0.00311881 0.00276487 0.0056621 0.00797501 0.00187577 0.00319541 0.00214737 0.0081356 0.0111236 0.0209909 0.0113244 0.0110346 0.0103692 0.0087885 0.0142765 0.0120633 0.00993734 0.0116313 0.00934006 0.0083968 0.0228196 0.0135435 0.01164 0.0157599 0.0111068
threshold=-4.0778821232618814 0.70262474737725733 -3.9533034671757776 -0.022696147651931047 0.28837402515815747 0.69598928379138958 -3.8551145659415904 0.70622090209276833 0.018177705087767188 31.022699478813923 0.27315599561754372 13.722195693827407 16.791219443569201 7.9174697899248363 2.1402918958745634 0.079268463281235116 16.300401587137397 1.0915175409131892 0.14316195246993216 0.14620850957637757 0.14004229618183839 0.7400565496793835 31.936368311587142 1.4224562715186628 0.76062429238623885 0.74901300083508693 6.8284655487974026 1.754436655724894 0.17430112637269121 1.0254097781769655
decision_type=2 2 2 2 2 2 2 2 2 2 2 2 2 2 2 2 2 2 2 2 2 2 2 2 2 2 2 2 2 2
left_child=1 -1 3 4 -2 -5 7 -4 -9 11 -11 -8 16 14 24 -15 -13 -17 20 -20 21 -19 -23 -21 25 27 -26 28 29 -14
right_child=2 -3 6 5 -6 -7 9 8 -10 10 -12 12 13 15 -16 17 -18 18 19 23 -22 22 -24 -25 26 -27 -28 -29 -30 -31
leaf_value=0.00020875924634434673 -8.1913628232679474e-05 -0.00080871430036495446 0.00014425299225052208 -0.00059749332023784519 0.00098495015899970908 0.00015291861931069031 -1.2383840323362613e-05 -0.0012929555896941261 -1.6933692386373881e-05 -0.00075116464974020025 0.00010102620462103833 0.00016402989264708466 -0.00030553080019001899 -0.0012199859090504192 0.0012159958608787169 -0.0010854681627279206 0.0013590848026797176 0.0003647581928215122 -0.0013748693163506687 0.00098481003106349989 0.0012867243364453316 -0.00098787323966260184 0.00033339184573701313 -7.6379753612781915e-05 4.3570884298017995e-05 0.0014915970409573574 -0.00098894496188543552 0.00092791856672519305 -0.0012475495277296592 0.00050353806996099597
leaf_weight=22 33 24 43 20 40 45 7800 24 25 22 22 565 76 21 44 24 20 139 21 21 25 36 31 1643 482 36 34 39 23 96
leaf_count=22 33 24 43 20 40 45 7800 24 25 22 22 565 76 21 44 24 20 139 21 21 25 36 31 1643 482 36 34 39 23 96
internal_value=9.54253e-13 -0.000322097 1.29401e-06 0.000229176 0.000502669 -7.79774e-05 -1.48602e-06 -0.000274472 -0.000641924 7.52364e-07 -0.000325069 2.03513e-06 3.53491e-05 -1.86336e-07 0.000153244 -6.51264e-05 0.000204886 -5.26254e-05 -3.96879e-05 -7.93372e-05 0.000249529 0.000123656 -0.000376542 -6.29873e-05 9.37519e-05 0.000319674 -2.44631e-05 0.000139378 -1.83299e-05 0.000146043
internal_weight=11496 46 11450 138 73 65 11312 92 49 11220 44 11176 3376 2791 830 1961 585 1940 1916 1685 231 206 67 1664 786 270 516 234 195 172
internal_count=11496 46 11450 138 73 65 11312 92 49 11220 44 11176 3376 2791 830 1961 585 1940 1916 1685 231 206 67 1664 786 270 516 234 195 172
is_linear=0
shrinkage=0.05


Tree=164
num_leaves=31
num_cat=0
split_feature=6 0 1 3 4 3 6 4 1 3 0 1 4 5 3 5 1 4 6 5 5 3 0 0 3 5 6 1 1 3
split_gain=0.00203532 0.0107126 0.00718089 0.00464087 0.00251316 0.00413263 0.00312605 0.0115461 0.00928883 0.0162013 0.00911704 0.0076147 0.00722147 0.028579 0.0448501 0.015119 0.0103962 0.00807429 0.00701702 0.00724516 0.00707633 0.00660735 0.0113725 0.0148865 0.00621723 0.0100801 0.00606746 0.0151167 0.00990089 0.00903172
threshold=44.590586333132194 0.69692855699319212 29.24857398931643 0.28259303266915564 2.6936095028548626 0.21847320376086932 29.082027869420475 2.4011669387515977 16.628345199773779 0.24995396247014587 0.77342937371379861 14.46314875195335 2.2670736955530981 0.80706006556497323 0.21998615606190508 0.81091679273342965 22.365126338008306 2.3752899269582954 26.238467842814035 1.0009335992826436 1.0664480427427026 0.2406949827442707 0.69378365125071551 0.71701369600808351 0.24340485538070425 0.93590749118103156 37.352031179024387 25.151941537787049 18.129357768820558 0.2213617118221072
decision_type=2 2 2 2 2 2 2 2 2 2 2 2 2 2 2 2 2 2 2 2 2 2 2 2 2 2 2 2 2 2
left_child=2 -2 4 -3 6 -6 7 8 18 -10 -9 -8 13 14 -13 16 17 -14 -1 -20 -21 26 -23 -24 25 -15 28 -28 -17 -30
right_child=1 3 -4 -5 5 -7 11 10 9 -11 -12 12 15 24 -16 21 -18 -19 19 20 -22 22 23 -25 -26 -27 27 -29 29 -31
leaf_value=7.5340425338837385e-07 0.0012570793612394484 -0.00042752264998853208 -0.00081630499485914635 0.00039684597539880708 -0.0008755066964243139 -7.9574305659848947e-05 0.0009129862342628517 -0.0010409253800505811 -0.00018401128410021523 -0.0016575289479944678 0.00021219523401842233 0.00026335781266754294 -0.0018448975624605305 -0.00068436066428529882 0.0029987269097050146 0.00027122551440009597 -0.00014680473421919231 -0.00048884960478576636 -0.00036229236321824211 0.0013287467294416967 0.00033062153234388226 0.0014567139537705642 -0.00017778682851960848 0.00092436980971313538 -0.00095371625918362819 0.00047714155764279369 0.0013643666026283705 -0.00049109197210609205 -0.00021056171886071011 -0.0012522719692372318
leaf_weight=10173 20 38 27 31 21 73 28 47 167 21 21 47 21 31 22 74 67 23 31 21 115 21 88 47 21 47 23 21 81 28
leaf_count=10173 20 38 27 31 21 73 28 47 167 21 21 47 21 31 22 74 67 23 31 21 115 21 88 47 21 47 23 21 81 28
internal_value=-1.94916e-13 0.000238179 -1.85833e-06 -5.71541e-05 7.40141e-08 -0.000257389 2.2184e-06 -4.49669e-06 -3.02006e-07 -0.000348606 -0.000653932 0.000105339 7.11785e-05 0.000354359 0.0011355 -2.51257e-05 -0.00053894 -0.00113605 6.0308e-06 0.00032751 0.000484744 0.000123786 0.000374302 0.000205927 -0.000190076 1.55189e-05 -4.83741e-05 0.000478807 -0.000175128 -0.000478157
internal_weight=11496 89 11407 69 11380 94 11286 10596 10528 188 68 690 662 168 69 494 111 44 10340 167 136 383 156 135 99 78 227 44 183 109
internal_count=11496 89 11407 69 11380 94 11286 10596 10528 188 68 690 662 168 69 494 111 44 10340 167 136 383 156 135 99 78 227 44 183 109
is_linear=0
shrinkage=0.05


Tree=165
num_leaves=31
num_cat=0
split_feature=7 1 4 5 0 0 0 6 4 6 5 5 2 2 4 4 4 0 5 4 5 5 5 4 1 0 5 5 0 6
split_gain=0.00188574 0.0019197 0.0169037 0.00870637 0.0137571 0.00689883 0.015736 0.0218874 0.0297595 0.0181716 0.0250874 0.0220059 0.0251937 0.0286278 0.0154753 0.0307514 0.0153924 0.0314099 0.0149233 0.0146611 0.0136276 0.012977 0.0151544 0.0400426 0.0130286 0.0181512 0.015193 0.0147103 0.0135473 0.0129536
threshold=0.18395841789426978 -0.61830692977362089 1.5108141485052822 1.7008703771357452 0.71285268178060279 0.75543565844731042 0.78137308596253507 -0.095151948814430828 0.81607619972752321 -3.3229130654422518 1.3371625741699638 1.2303792589414841 -1.2165334094558513 -0.27141344016161867 0.33369100010818215 0.49765504579684766 0.98460056857149247 0.76842361906040879 1.4408232537173438 0.86573207726152235 0.52925241987363736 0.42491725005900904 0.55871177605110411 -0.07081899920067096 -10.806651678334982 0.77342937371379861 1.087135128024171 0.66175281075448833 0.7717289596774376 -2.1841607184888483
decision_type=2 2 2 2 2 2 2 2 2 2 2 2 2 2 2 2 2 2 2 2 2 2 2 2 2 2 2 2 2 2
left_child=1 2 5 -3 -5 -1 16 9 -9 11 14 12 20 -14 -11 -16 19 -18 -12 21 -8 -7 23 -23 25 -24 27 -26 -28 -17
right_child=-2 3 -4 4 -6 6 7 8 -10 10 18 -13 13 -15 15 29 17 -19 -20 -21 -22 22 24 -25 26 -27 28 -29 -30 -31
leaf_value=7.5029716993372297e-05 -0.0004733732398779553 -9.3204274523909072e-06 0.0014426507953820486 -0.0015711876968650717 -8.3957699340923383e-05 0.00022731221723309623 -0.00031824944460277234 0.0017047514662974412 0.00013285061295891364 -7.6800547687684155e-05 0.0012266046730344119 -0.00026160962182479179 0.0020241781279853569 0.00011918260585700505 -0.0029350151726976036 -0.001542496586475393 -0.00017307675439656739 -0.0026324530458077793 -0.00025665696120149521 0.00090130291328478047 0.00031499880836615839 0.00061492002145810561 -0.0020624525855634022 -0.0020528732363182386 0.00052942975958753132 1.8779915262712168e-05 -0.0002200635524403831 -0.00049442066965126855 0.0010828765671855459 -0.00018136025874727321
leaf_weight=2443 21 7168 21 23 48 120 119 45 91 46 28 286 41 38 20 29 37 20 43 30 297 22 22 39 42 20 38 213 42 44
leaf_count=2443 21 7168 21 23 48 120 119 45 91 46 28 286 41 38 20 29 37 20 43 30 297 22 22 39 42 20 38 213 42 44
internal_value=1.56214e-12 8.66306e-07 2.76008e-05 -1.47777e-05 -0.000565736 2.05507e-05 -5.45577e-05 5.81627e-05 0.000652965 -2.3465e-05 -0.000436365 8.75581e-05 0.000289299 0.00110785 -0.000826945 -0.00119798 -0.000251513 -0.00103602 0.000328291 -0.000175464 0.000133853 -0.000233355 -0.000359565 -0.00109072 -0.000241261 -0.00107139 -0.000137186 -0.000325786 0.00046398 -0.000722086
internal_weight=11496 11475 4236 7239 71 4215 1772 1127 136 991 210 781 495 79 139 93 645 57 71 588 416 558 438 61 377 42 335 255 80 73
internal_count=11496 11475 4236 7239 71 4215 1772 1127 136 991 210 781 495 79 139 93 645 57 71 588 416 558 438 61 377 42 335 255 80 73
is_linear=0
shrinkage=0.05


Tree=166
num_leaves=31
num_cat=0
split_feature=3 1 5 4 2 2 5 2 3 5 3 5 0 2 2 2 2 2 4 0 0 0 2 1 2 4 3 5 4 4
split_gain=0.00175859 0.0100337 0.00620382 0.00862889 0.0102474 0.005827 0.00519207 0.0073111 0.00562496 0.00673079 0.00391813 0.0272078 0.00968219 0.0199114 0.013753 0.0115582 0.00949957 0.00918155 0.00917531 0.00851124 0.00620563 0.00457011 0.00450997 0.0141456 0.0232713 0.0223286 0.010031 0.0109588 0.0102118 0.00867898
threshold=0.057678403221613724 3.5257471678935008 0.29849519942357194 0.69432591762757134 2.9518350646013922 25.572578354680044 -0.02915268767629858 -3.0252986020786676 0.10200126935642487 0.17710588780315201 0.078132238362344758 0.76382356194983714 0.73448319781880278 1.5513628929927681 -2.9259411386734153 -2.4587377057231268 4.7741136848597625 10.81513172418458 0.420417807995976 0.74901300083508693 0.76346651678835897 0.72307029192230854 8.9694742829480791 2.4788550242725087 17.888977381523507 1.4401751904934581 0.12257375534213759 0.93792176794214199 0.97055943068564399 1.6738073841418732
decision_type=2 2 2 2 2 2 2 2 2 2 2 2 2 2 2 2 2 2 2 2 2 2 2 2 2 2 2 2 2 2
left_child=1 -1 3 4 6 -3 -2 -8 9 -9 11 12 17 14 -14 -16 -15 18 -4 21 -17 -13 29 24 25 26 28 -28 -24 -12
right_child=2 5 10 -5 -6 -7 7 8 -10 -11 22 19 13 16 15 20 -18 -19 -20 -21 -22 -23 23 -25 -26 -27 27 -29 -30 -31
leaf_value=-2.8109756699323174e-05 -0.00046818365080980584 -0.0013199478667047515 0.0001289455924918802 0.0012240776256658139 -0.00079803376977976691 -0.00016437287384178491 0.00014311684706454748 0.0017446507286513224 0.00011917641758918763 0.00054368750352296047 -4.4142883844526252e-05 0.00085910254886269351 0.00010352396462677103 0.0011850634288169783 -0.001948957773306069 -0.0013285017036832871 -4.7531970375092464e-05 -0.00067421009739989355 0.00097967128201976029 -1.7455414053983985e-05 -0.00017534156837168018 0.0016792258355193415 0.00031430981200588704 6.1577681832516281e-06 0.001931585299528458 -0.00085009567483211872 0.00027290266978481496 0.0011190470665279066 -0.00097548633244254497 0.00052024414118036016
leaf_weight=1430 24 24 191 20 26 20 201 20 25 28 5322 49 33 22 27 20 54 29 38 20 28 26 57 3456 22 40 83 71 21 69
leaf_count=1430 24 24 191 20 26 20 201 20 25 28 5322 49 33 22 27 20 54 29 38 20 28 26 57 3456 22 40 83 71 21 69
internal_value=7.18881e-13 -5.09926e-05 7.49982e-06 0.000216158 0.000153941 -0.000794687 0.000236999 0.000298767 0.000727338 0.00104409 8.31513e-08 0.000131341 -3.36572e-05 -0.000310764 -0.000747085 -0.00112135 0.000309272 0.000163969 0.000270114 0.000899019 -0.000655825 0.00114341 -7.62778e-06 3.44816e-05 0.000367431 0.000240919 0.000429025 0.000663008 -3.2943e-05 -3.69192e-05
internal_weight=11496 1474 10022 344 324 44 298 274 73 48 9678 537 442 184 108 75 76 258 229 95 48 75 9141 3750 294 272 232 154 78 5391
internal_count=11496 1474 10022 344 324 44 298 274 73 48 9678 537 442 184 108 75 76 258 229 95 48 75 9141 3750 294 272 232 154 78 5391
is_linear=0
shrinkage=0.05


Tree=167
num_leaves=31
num_cat=0
split_feature=6 1 0 5 3 6 2 5 6 0 0 1 0 3 1 1 3 2 0 2 6 5 3 1 5 0 5 2 2 5
split_gain=0.00206285 0.00623699 0.00406078 0.00221749 0.00402293 0.0019134 0.00774111 0.0417836 0.0171123 0.0150075 0.00866562 0.00763166 0.00692653 0.0076721 0.00614797 0.0218496 0.0185758 0.0124032 0.0108047 0.0103885 0.0138574 0.0102544 0.016503 0.0414799 0.0300121 0.0157586 0.00918815 0.00930461 0.00904567 0.0238949
threshold=-16.731352277925691 -13.376818390780587 0.8045422603626935 1.5285439717681457 0.15420827790992855 -2.7133982069921228 -0.37085592453497923 0.96035429441834297 -0.18313700728796631 0.83276947856466255 0.61173341841260964 -1.8581329893645802 0.77112189758342009 0.039385424041718041 -3.3739585404041756 -2.804405432755019 0.1414163964131481 -2.008574325735307 0.84210881744846289 -1.9488887788371994 -6.6657292570728455 1.5828570869599587 0.15110785953113662 -0.75123558389213463 0.70262474737725733 0.73960490039057614 0.66175281075448833 -2.3073331753732167 -2.4587377057231268 0.39042792657635345
decision_type=2 2 2 2 2 2 2 2 2 2 2 2 2 2 2 2 2 2 2 2 2 2 2 2 2 2 2 2 2 2
left_child=2 -2 3 4 -1 14 7 8 9 11 -8 -7 -13 -14 -3 16 17 -16 19 26 -21 22 24 -24 -22 -26 28 -28 29 -17
right_child=1 5 -4 -5 -6 6 10 -9 -10 -11 -12 12 13 -15 15 18 -18 -19 -20 20 21 -23 23 -25 25 -27 27 -29 -30 -31
leaf_value=-0.00025288416072726249 -0.0006331230433156284 -3.292145870547769e-06 0.00086608955520205198 -0.00029749335350330781 0.00069851490922155797 -0.00071791716819951453 0.00094764639434288258 -0.0016972532170976319 -0.0014442233790066981 0.0012598977834188743 -3.9146500978524697e-06 -0.00011165575395610415 -0.00026366276008327709 0.00079169726055161116 2.7689463667353087e-05 0.00019979838385492319 0.001630922506014124 0.0011431036840804155 -0.0011275287892203779 -0.0009529822843614967 0.00099489497113154353 -0.00062435782747343187 0.0028933395955549634 0.00018938160930112057 0.00011814603834257772 -0.001453255522237332 -7.8529577277710341e-05 -0.0012571121340222433 0.00043176954088266942 -0.0012794508423935324
leaf_weight=20 39 2483 20 27 25 39 24 43 21 23 7738 233 26 51 81 91 39 36 20 20 64 21 23 37 39 27 34 33 80 39
leaf_count=20 39 2483 20 27 25 39 24 43 21 23 7738 233 26 51 81 91 39 36 20 20 64 21 23 37 39 27 34 33 80 39
internal_value=4.67328e-13 -1.90237e-06 0.000235812 6.07343e-05 0.000275671 2.63717e-07 -1.24877e-05 -0.000217491 -5.55834e-05 2.28076e-05 -9.72436e-07 -5.87199e-05 2.42114e-05 0.000435342 3.32717e-05 0.000166003 0.000685901 0.000370894 1.23962e-05 5.72751e-05 0.000304874 0.000424102 0.000539984 0.0012259 0.000223408 -0.0005247 -0.000149206 -0.000659025 1.34506e-05 -0.000243976
internal_weight=11496 11404 92 72 45 11365 8198 436 393 372 7762 349 310 77 3167 684 156 117 528 508 231 211 190 60 130 66 277 67 210 130
internal_count=11496 11404 92 72 45 11365 8198 436 393 372 7762 349 310 77 3167 684 156 117 528 508 231 211 190 60 130 66 277 67 210 130
is_linear=0
shrinkage=0.05


Tree=168
num_leaves=31
num_cat=0
split_feature=2 5 2 4 5 0 2 0 4 1 4 5 5 0 3 2 5 5 1 3 5 1 5 0 2 4 4 0 0 1
split_gain=0.00172169 0.0042067 0.00257454 0.00410976 0.00756531 0.00284007 0.00251537 0.00501461 0.00724994 0.00184486 0.0153373 0.00774647 0.0133393 0.0161611 0.00723703 0.00711087 0.0142046 0.0124918 0.0187406 0.0215768 0.0168674 0.0208002 0.0168677 0.0158991 0.0336478 0.017492 0.0165734 0.0144801 0.0144636 0.020994
threshold=-4.0778821232618814 0.57126776916661648 -3.9533034671757776 -0.022696147651931047 0.28837402515815747 0.69598928379138958 -3.8551145659415904 0.70622090209276833 0.018177705087767188 -0.61830692977362089 1.5108141485052822 1.7008703771357452 1.8698268892063374 0.73348222558021725 0.33771497853466398 8.9694742829480791 1.5625918901124045 0.71504573822540662 2.0393225700970912 0.064242178195626151 0.6501861057972016 4.6856444294012602 0.61612453979571857 0.71342941992866904 1.6935638741886783 1.3893270061948504 1.4401751904934581 0.66061952786582157 0.74157077541464778 2.6580043312449679
decision_type=2 2 2 2 2 2 2 2 2 2 2 2 2 2 2 2 2 2 2 2 2 2 2 2 2 2 2 2 2 2
left_child=1 -1 3 4 -2 -5 7 -4 -9 10 -8 14 13 -13 15 16 17 18 -11 -20 22 -22 -21 24 -19 28 -27 -26 -25 -30
right_child=2 -3 6 5 -6 -7 9 8 -10 11 -12 12 -14 -15 -16 -17 -18 23 19 20 21 -23 -24 25 27 26 -28 -29 29 -31
leaf_value=0.00023989258415895167 -8.7037132470868531e-05 -0.00072464298461384787 0.0001322866191828304 -0.00056903605407569561 0.00093568567288457413 0.00014705803607487018 2.0964191524146987e-05 -0.0012283058421720247 -1.1673046043142677e-05 -9.0615556638313051e-05 0.0013757969086457577 -0.0020790723175741731 0.00052353527640835161 -0.00024415928443583348 -0.00069731265998837586 3.364742876908643e-05 0.0006498488017904723 -0.0011654169336021041 -0.001143659792086553 0.00045128100185478151 0.0005266103479872517 0.0022679711881749059 -0.00096684431143027416 -0.00046102024793541322 0.0015349237033380914 -0.0022340468829497697 -0.00049185189012394739 0.00028060238101170398 -0.00030071548748053175 0.00015066527465987592
leaf_weight=20 33 26 43 20 40 45 3952 24 25 623 21 20 21 30 38 4422 67 39 21 166 47 27 24 372 26 20 43 200 573 468
leaf_count=20 33 26 43 20 40 45 3952 24 25 623 21 20 21 30 38 4422 67 39 21 166 47 27 24 372 26 20 43 200 573 468
internal_value=-1.04646e-12 -0.00030528 1.22645e-06 0.000215885 0.000473359 -7.32786e-05 -1.39226e-06 -0.00026177 -0.000607575 7.42745e-07 2.81254e-05 -1.42692e-05 -0.000533972 -0.000978124 -9.12718e-06 -5.46354e-06 -6.91413e-05 -8.73264e-05 6.3022e-05 0.000398868 0.000521569 0.00116197 0.000272149 -0.000165739 0.000190857 -0.000229762 -0.00104493 0.000424905 -0.000193417 -9.77893e-05
internal_weight=11496 46 11450 138 73 65 11312 92 49 11220 3973 7247 71 50 7176 7138 2716 2649 908 285 264 74 190 1741 265 1476 63 226 1413 1041
internal_count=11496 46 11450 138 73 65 11312 92 49 11220 3973 7247 71 50 7176 7138 2716 2649 908 285 264 74 190 1741 265 1476 63 226 1413 1041
is_linear=0
shrinkage=0.05


Tree=169
num_leaves=31
num_cat=0
split_feature=6 1 4 1 6 1 3 3 4 4 4 0 2 0 6 1 4 6 2 6 6 2 0 2 1 0 4 2 1 3
split_gain=0.00186687 0.00564842 0.00469224 0.00284241 0.00187244 0.00630871 0.00513745 0.0112645 0.0093534 0.00616841 0.00652623 0.0051366 0.0046401 0.00874373 0.00531342 0.00367636 0.00867986 0.00945463 0.00760899 0.0145737 0.00889275 0.00653846 0.00556753 0.00505982 0.00472434 0.0120844 0.0271393 0.0171918 0.00844689 0.00750955
threshold=-16.731352277925691 -13.376818390780587 0.49765504579684766 -14.660329570207091 -11.832597164209599 -7.377739911321445 0.22761411907576456 0.18708249563952956 0.304129856836658 0.23225568498381119 0.14078245672969142 0.68367624457921272 -3.5557298723400366 0.75513722591423438 -14.884846775426412 -8.7876883559467913 0.304129856836658 -10.179135901836103 -2.008574325735307 -5.2858941762699478 -9.8975354348962821 -0.55712122913201834 0.81408278570150616 -3.1578470564438064 -7.9252635648271612 0.76174813154087484 0.60395718671759968 -2.4997444364651678 -7.7877523636353354 0.094374004940958031
decision_type=2 2 2 2 2 2 2 2 2 2 2 2 2 2 2 2 2 2 2 2 2 2 2 2 2 2 2 2 2 2
left_child=2 -2 3 -1 5 6 7 8 9 10 11 -3 13 -13 -14 16 17 23 20 21 -18 -20 -22 -6 25 29 27 -27 -26 -17
right_child=1 4 -4 -5 15 -7 -8 -9 -10 -11 -12 12 14 -15 -16 24 18 -19 19 -21 22 -23 -24 -25 28 26 -28 -29 -30 -31
leaf_value=-0.00046893337832601824 -0.00060250937389448676 -0.0007979840587358923 0.00072522974805906421 0.00023530959167003041 0.00021714698135231935 0.00086080076426487025 0.0007943840459285474 -0.0010622846615581734 0.00079823396401479852 -0.00084376336917990733 0.00085104871920876858 0.00054352560008380892 0.00052045139716938138 -0.00044735268569521364 -0.00039186676745148251 -0.00015142609190141749 0.0009569094541031078 -0.0013881404024477188 -0.0012719999676953783 0.00050177876637462764 -0.0007380899856798351 -0.00018045450510133221 0.00020635739671030331 -0.00066207322718886039 -0.00074781367607341205 -0.00018596284358796697 0.00072387528183753607 -0.0020689000333236024 -9.8875523260769318e-07 0.00068335331828158321
leaf_weight=23 39 20 31 38 30 26 22 23 40 21 23 79 20 31 79 35 33 26 34 32 20 23 71 36 38 27 40 22 10397 117
leaf_count=23 39 20 31 38 30 26 22 23 40 21 23 79 20 31 79 35 33 26 34 32 20 23 71 36 38 27 40 22 10397 117
internal_value=-5.3252e-13 -1.80975e-06 0.000224331 -3.02246e-05 2.51601e-07 0.00010878 5.41643e-05 5.69751e-06 8.41754e-05 -2.04485e-05 4.8161e-05 -3.24783e-05 4.07758e-05 0.000264278 -0.00020756 -3.54359e-06 -0.000174708 -0.000580564 5.9181e-07 -0.000352152 0.000253771 -0.000831552 -1.21346e-06 -0.000262428 1.34635e-06 0.00022021 -0.000242492 -0.00103136 -3.70839e-06 0.000491134
internal_weight=11496 11404 92 61 11365 384 358 336 313 273 252 229 209 110 99 10981 305 92 213 89 124 57 91 66 10676 241 89 49 10435 152
internal_count=11496 11404 92 61 11365 384 358 336 313 273 252 229 209 110 99 10981 305 92 213 89 124 57 91 66 10676 241 89 49 10435 152
is_linear=0
shrinkage=0.05


Tree=170
num_leaves=31
num_cat=0
split_feature=6 0 1 4 2 0 0 6 1 1 1 6 4 4 2 0 1 4 2 4 4 5 0 2 2 2 0 6 6 4
split_gain=0.00177663 0.00974181 0.00649511 0.00396249 0.0128821 0.00246856 0.00649092 0.0108516 0.00977217 0.0137341 0.0454981 0.00592116 0.00599956 0.00844971 0.00602318 0.00448792 0.0132527 0.0047371 0.0087913 0.0107325 0.00869754 0.00603799 0.00439249 0.00926252 0.0108362 0.0225197 0.0144224 0.00896298 0.0122863 0.0272976
threshold=44.590586333132194 0.69692855699319212 29.24857398931643 2.5015912564931599 45.983328748793419 0.67124621226604397 0.68367624457921272 37.352031179024387 21.14152512614417 12.761416541080363 11.175046217995313 13.883163633330684 1.4513291023581743 1.0915175409131892 8.469133534952288 0.68700197322809775 14.46314875195335 1.754436655724894 9.5216673653054311 1.5316808725242068 0.41029453502570351 0.36021746842229135 0.70357233266669306 -0.89220875886496498 -3.4839258579309074 -3.2344061885018434 0.68926904448510506 17.522472427262784 21.29496446517442 1.8381535369255997
decision_type=2 2 2 2 2 2 2 2 2 2 2 2 2 2 2 2 2 2 2 2 2 2 2 2 2 2 2 2 2 2
left_child=2 -2 5 -3 -5 -1 7 8 9 10 11 12 13 14 -7 16 17 18 20 -20 21 -8 23 24 -17 -26 -27 -25 -29 -30
right_child=1 3 -4 4 -6 6 15 -9 -10 -11 -12 -13 -14 -15 -16 22 -18 -19 19 -21 -22 -23 -24 27 25 26 -28 28 29 -31
leaf_value=-8.9238911317987817e-05 0.001194166331551969 -0.00063195550326435338 -0.00077631695922819848 0.0011607016786183524 -0.00050075933249900124 0.00021669744399275463 0.00035996699763927607 0.0013298818236216904 -0.00094077556859701878 0.00096785520482808363 -0.0022342612082138658 0.00074687185393565382 -0.00063837096500008004 0.0011919100434170105 -0.00051684539171219517 0.00027867045988939156 -0.0012704059240166788 0.00059214206260588514 -0.0015188687727045777 -0.00010954213465376077 0.00081177512484212084 -0.00081634305339927478 -8.2613822052327282e-06 0.00040024035720053234 -0.0019269636162789539 -0.0012757634411100299 1.6691897307961732e-05 -0.00041921814011822373 0.00200304689060431 5.6984021032873836e-05
leaf_weight=724 20 21 27 20 28 223 20 20 20 50 20 46 23 20 32 112 27 23 22 35 31 24 9077 322 20 25 158 104 20 182
leaf_count=724 20 21 27 20 28 223 20 20 20 50 20 46 23 20 32 112 27 23 22 35 31 24 9077 322 20 25 158 104 20 182
internal_value=-3.22035e-13 0.000222528 -1.73622e-06 -5.91057e-05 0.000191516 1.0154e-07 6.17159e-06 0.000191158 0.000138683 0.00019083 8.40962e-05 0.000218884 0.000137383 0.000202264 0.000124645 -2.06052e-06 -0.000248124 -7.00496e-05 -0.000185431 -0.000653493 0.000170295 -0.000281657 2.4089e-06 0.000105117 -0.000116143 -0.000333971 -0.000159873 0.0002161 2.23312e-05 0.000249664
internal_weight=11496 89 11407 69 48 11380 10656 454 434 414 364 344 298 275 255 10202 182 155 132 57 75 44 10020 943 315 203 183 628 306 202
internal_count=11496 89 11407 69 48 11380 10656 454 434 414 364 344 298 275 255 10202 182 155 132 57 75 44 10020 943 315 203 183 628 306 202
is_linear=0
shrinkage=0.05


Tree=171
num_leaves=31
num_cat=0
split_feature=6 4 0 5 5 0 0 5 3 0 4 6 0 2 5 2 6 2 6 6 6 3 3 6 0 2 5 3 3 0
split_gain=0.00168752 0.00422619 0.0022338 0.00200071 0.012165 0.0121302 0.0093295 0.015725 0.00988751 0.0177322 0.0296961 0.0247239 0.0109952 0.00966925 0.00868357 0.00839006 0.0163471 0.0126583 0.0105166 0.0206098 0.0175389 0.0138476 0.00662205 0.029828 0.0352057 0.042426 0.016854 0.00799982 0.00617715 0.0149549
threshold=-16.731352277925691 0.49765504579684766 0.78778955849787813 1.3019098316617019 1.3545594759052471 0.83061924581470647 0.68093827451065159 1.4859735060234163 0.26768244066807728 0.74663197115473767 2.3752899269582954 -3.4516164605104853 0.7900422786588055 2.9518350646013922 1.6019113527098303 21.39565861453838 16.107486771313642 29.542168905606744 5.2972465559487709 -0.84054989234513622 -4.9358023965360251 0.13268414432826339 0.24659523319887847 24.666723263584373 0.69378365125071551 16.469018377242634 1.0360701478176269 0.27315599561754372 0.19276110095626317 0.78476499893267271
decision_type=2 2 2 2 2 2 2 2 2 2 2 2 2 2 2 2 2 2 2 2 2 2 2 2 2 2 2 2 2 2
left_child=1 2 -1 22 5 15 7 -6 28 10 13 12 -11 -10 -13 16 18 -17 19 20 21 -5 -2 24 -24 26 27 -26 29 -8
right_child=3 -3 -4 4 6 -7 8 -9 9 11 -12 14 -14 -15 -16 17 -18 -19 -20 -21 -22 -23 23 -25 25 -27 -28 -29 -30 -31
leaf_value=0.00025040753411524223 1.6293547481562226e-05 0.00068865566563251768 -0.00035677747676215532 -0.00087453104289514675 0.000414576682378538 -0.0014596576242500148 0.00034304189378249082 -0.0014078464953164603 0.0010503960997619503 6.2201603598493557e-05 -0.00063880428760534251 0.0015102251282466264 -0.001144369610935938 0.0024149750048915548 0.00026803499546504639 -0.0018118740935460665 0.00097562026228466693 -9.1936946813328418e-05 -0.00082812158591789951 0.0011294444798138636 -0.001435335196271938 0.00078837918098865741 0.00052059851177791892 4.7689212003010535e-05 -0.00074237443955748206 -0.0031693920331156769 4.792539056742916e-05 -0.0021396345866378399 -0.00016284092000108191 -0.000213006858480164
leaf_weight=33 9380 31 28 21 20 23 270 29 34 35 21 24 41 21 34 20 29 23 62 29 28 31 37 423 21 23 37 20 449 219
leaf_count=33 9380 31 28 21 20 23 270 29 34 35 21 24 41 21 34 20 29 23 62 29 28 31 37 423 21 23 37 20 449 219
internal_value=-1.73704e-13 0.000213283 -2.83003e-05 -1.72062e-06 -5.63123e-05 -0.000362164 1.16548e-05 -0.000664 4.04937e-05 0.000350617 0.000960698 4.60071e-06 -0.000588712 0.00157142 0.000782045 -0.000258286 -0.000122057 -0.000891908 -0.000308213 -1.24853e-05 -0.000426435 0.000116819 6.31353e-06 -0.000160554 -0.000798864 -0.00128223 -0.00072576 -0.00142396 -2.89368e-05 9.40139e-05
internal_weight=11496 92 61 11404 1463 266 1197 49 1148 210 76 134 76 55 58 243 200 43 171 109 80 52 9941 561 138 101 78 41 938 489
internal_count=11496 92 61 11404 1463 266 1197 49 1148 210 76 134 76 55 58 243 200 43 171 109 80 52 9941 561 138 101 78 41 938 489
is_linear=0
shrinkage=0.05


Tree=172
num_leaves=31
num_cat=0
split_feature=6 2 4 0 0 3 3 2 4 1 1 3 2 0 2 6 4 0 0 0 2 4 3 6 1 4 1 6 6 2
split_gain=0.00166057 0.00698029 0.0210363 0.00677766 0.00573228 0.0166607 0.00736117 0.00759122 0.00595101 0.00555512 0.0196071 0.0167048 0.0111675 0.00965624 0.00917325 0.0123848 0.010682 0.0211966 0.0151383 0.0191813 0.0157561 0.00936462 0.0071834 0.00632515 0.00485478 0.0141897 0.0107794 0.0153217 0.039107 0.0153624
threshold=-2.7133982069921228 -1.6014938835432833 0.18398015354201322 0.62511277048434277 0.6491011876661904 0.18192736242823929 0.090288765188775669 29.050368300605744 0.2235026677099701 -3.3739585404041756 -2.804405432755019 0.1414163964131481 -2.008574325735307 0.84210881744846289 -1.9488887788371994 -6.6657292570728455 0.28172998214585854 0.77476664510661364 0.78476499893267271 0.7569027035024265 -1.2165334094558513 0.43567730272873806 0.099456199375624207 -6.1443357337291742 -2.254265292242668 0.43567730272873806 -0.61830692977362089 1.4080573310006852 2.5847457968060552 2.6529136727500204
decision_type=2 2 2 2 2 2 2 2 2 2 2 2 2 2 2 2 2 2 2 2 2 2 2 2 2 2 2 2 2 2
left_child=9 2 -2 -3 5 6 8 -8 -5 -1 11 12 22 14 21 -16 17 -17 19 20 -18 23 -11 -12 25 -6 27 29 -29 -26
right_child=1 3 -4 4 24 -7 7 -9 -10 10 13 -13 -14 -15 15 16 18 -19 -20 -21 -22 -23 -24 -25 26 -27 -28 28 -30 -31
leaf_value=-3.2336524067642194e-06 -0.00011545215641672257 0.00058094994132335735 -0.0017710777612757575 0.0001061866492299097 -0.0013782828398372817 -0.001328828328405507 0.0010030316556087482 -0.00029266383498907091 -0.0010989399304526159 0.00029454673583176539 0.0005630425680364069 0.0015454821954242505 0.0010833258847317969 -0.0010663327656220644 -0.00090274234069511296 0.0021714182538827035 -0.00032625215311642163 0.00036105523156679665 0.0013400394254685602 -0.0010683969256610403 0.0011707267663950917 -0.0010842019740569717 -0.00079739058703125936 -0.0001525809357827221 0.00020117638106140393 -9.9620514405657554e-05 -1.1150861493247645e-05 -0.0012512908554137021 0.00040505220534455753 0.00092222742071561975
leaf_weight=2614 150 49 22 21 23 32 26 20 20 61 36 39 36 20 20 22 39 61 21 36 32 24 20 217 275 383 6922 56 98 101
leaf_count=2614 150 49 22 21 23 32 26 20 20 61 36 39 36 20 20 22 39 61 21 36 32 24 20 217 275 383 6922 56 98 101
internal_value=1.01536e-12 -1.20531e-05 -0.000327218 -5.29896e-06 -8.90008e-06 -0.000353326 5.47894e-06 0.000439686 -0.00048168 2.99609e-05 0.000156818 0.000649315 0.000350592 1.13081e-05 5.37349e-05 0.000286401 0.000399116 0.00084091 0.00011264 -0.000128251 0.000348443 -0.000140294 2.49326e-05 -5.07531e-05 -3.68416e-06 -0.000172057 5.48914e-06 0.000222814 -0.000197254 0.000394863
internal_weight=11496 8198 172 8026 7977 119 87 46 41 3298 684 156 117 528 508 231 211 83 128 107 71 277 81 253 7858 406 7452 530 154 376
internal_count=11496 8198 172 8026 7977 119 87 46 41 3298 684 156 117 528 508 231 211 83 128 107 71 277 81 253 7858 406 7452 530 154 376
is_linear=0
shrinkage=0.05


Tree=173
num_leaves=31
num_cat=0
split_feature=2 2 1 4 1 3 4 3 4 1 2 2 1 1 5 4 0 0 3 0 0 4 5 0 4 5 3 4 2 5
split_gain=0.0017542 0.00768484 0.0104794 0.0189565 0.0103396 0.00992831 0.00914946 0.00858186 0.00818489 0.00891166 0.0110076 0.0079012 0.0177065 0.0111167 0.00913969 0.00863746 0.0175161 0.0162278 0.0159247 0.0180719 0.0145168 0.0141954 0.011602 0.0100768 0.0081684 0.0185413 0.0167369 0.010453 0.0110023 0.00903922
threshold=13.722195693827407 16.791219443569201 7.9174697899248363 2.1402918958745634 16.300401587137397 0.079268463281235116 1.0915175409131892 0.33771497853466398 1.5464803749103377 9.1401282431902509 21.39565861453838 19.609862751706203 11.663762907503974 13.723247650299776 1.080291477359496 1.8555213223432541 0.71993881492424383 0.6491011876661904 0.17352074645322579 0.69692855699319212 0.67466875616733146 2.1949316279410893 1.0440291882829049 0.69378365125071551 1.9813479809607275 0.85922110140762287 0.18464230881975094 2.0523998638653826 24.773414101053479 1.1403752458480974
decision_type=2 2 2 2 2 2 2 2 2 2 2 2 2 2 2 2 2 2 2 2 2 2 2 2 2 2 2 2 2 2
left_child=-1 4 3 -3 -2 -4 -7 8 9 -8 -11 12 14 -14 -10 16 18 21 23 -20 22 -17 -19 -13 25 -22 -27 28 -26 -30
right_child=1 2 5 -5 -6 6 7 -9 11 10 -12 15 13 -15 -16 17 -18 20 19 -21 24 -23 -24 -25 27 26 -28 -29 29 -31
leaf_value=-1.2710154504395706e-05 0.00015546075901632088 8.8840835754082635e-05 -0.0011473466143278139 0.0011553151596506888 0.0013122646114788949 -0.0010247662428203815 -0.00044099694529834847 -0.00091162966106951766 -0.00029788507972312048 -0.00023802129284444232 0.00096581067155057101 -8.056689426784062e-05 0.0011344234361742912 -0.00033717126004348483 -0.0014637044255505318 -0.0019618285096450047 0.00073205414903569827 0.00092433462922389691 -0.00013453851334772828 -0.0019606527793803253 -0.0014442259572180255 -0.00016379947470420082 -0.00027833026613044583 0.00098061056233876001 -0.00045158067462034525 0.00034882797196369726 -0.00087548391969429092 -9.0593538180369334e-05 0.0004184583922883926 0.0016692500247154386
leaf_weight=8076 565 786 21 44 20 24 26 28 29 27 64 62 21 33 40 21 106 65 42 20 35 23 29 35 25 71 46 1040 52 20
leaf_count=8076 565 786 21 44 20 24 26 28 29 27 64 62 21 33 40 21 106 65 42 20 35 23 29 35 25 71 46 1040 52 20
internal_value=-4.61643e-13 3.00138e-05 -4.03295e-06 0.000145377 0.00019501 -6.58834e-05 -5.44364e-05 -4.25549e-05 -2.99596e-05 0.000375379 0.00060863 -5.60889e-05 -0.000443013 0.000235116 -0.000973722 -2.79614e-05 0.00023419 -7.6644e-05 -9.77198e-05 -0.000723608 -4.65692e-05 -0.00102195 0.0005533 0.000302332 -9.03145e-05 -0.000434562 -0.000132525 -4.42937e-05 0.000452117 0.000765901
internal_weight=11496 3420 2835 830 585 2005 1984 1960 1932 117 91 1815 123 54 69 1692 265 1427 159 62 1383 44 94 97 1289 152 117 1137 97 72
internal_count=11496 3420 2835 830 585 2005 1984 1960 1932 117 91 1815 123 54 69 1692 265 1427 159 62 1383 44 94 97 1289 152 117 1137 97 72
is_linear=0
shrinkage=0.05


Tree=174
num_leaves=31
num_cat=0
split_feature=5 5 1 3 3 2 1 3 0 1 4 2 0 1 2 4 5 3 5 0 4 4 4 1 0 1 0 0 0 0
split_gain=0.00164222 0.0109837 0.0205857 0.0345676 0.0531634 0.0113112 0.0146085 0.00977042 0.0089412 0.0122492 0.0169841 0.0108089 0.00975518 0.0116706 0.0193169 0.0112669 0.0103562 0.0100282 0.0136445 0.0145457 0.0167107 0.0184226 0.0173846 0.0145607 0.0131207 0.0102866 0.00918474 0.0200917 0.0160883 0.0135812
threshold=1.1609936897169277 1.1139858813742987 7.5678608408403241 0.17949676844036197 0.20017370005091376 30.67651861095278 11.175046217995313 0.1406931829883977 0.83061924581470647 -5.6846508236253799 0.94095802212479762 1.1733707986674697 0.7091878911336581 -8.3369825491094378 -0.89220875886496498 0.76129677785756644 1.2216008545722166 0.24340485538070425 1.2846435412700401 0.72027125541482673 1.6738073841418732 2.11344804665455 1.1094138414523516 -4.8176448473730584 0.73403139186257305 14.46314875195335 0.78476499893267271 0.79424564334901782 0.78054532042669011 0.79624360778455883
decision_type=2 2 2 2 2 2 2 2 2 2 2 2 2 2 2 2 2 2 2 2 2 2 2 2 2 2 2 2 2 2
left_child=1 -1 3 7 -5 6 -4 -3 12 10 -10 -11 13 -2 15 -15 -16 26 24 -20 22 -22 23 -21 -19 -23 28 -28 -14 -29
right_child=8 2 5 4 -6 -7 -8 -9 9 11 -12 -13 17 14 16 -17 -18 18 19 20 21 25 -24 -25 -26 -27 27 29 -30 -31
leaf_value=-2.0630830188518439e-06 0.00055347564020415856 -0.00025769631178843775 -0.0012942413465536545 0.0033498594267293812 0.00029308406678451736 0.00035419174216753035 -1.944317752283744e-05 0.00048042930806673216 -0.00031732510785786872 -0.0013155125685605324 0.0010634144527259571 -0.00029400390845753986 1.5091937073606716e-05 -0.00061258310618411216 -0.00063822948361811195 -0.0021663938509300352 1.0072266099802374e-05 0.0002883088714566618 0.0015784953094015901 0.00016261945017674863 0.0022602895222371445 -0.00026339342817664144 -0.00041207765132460011 0.0015657753840339586 -0.00076261102545282079 0.0010902295442861032 -0.00097878752874546804 0.0010173032211174293 0.00093419762182747948 -0.00015251608575882154
leaf_weight=8616 42 69 38 25 33 57 55 128 96 45 29 61 997 28 87 20 211 66 26 64 20 25 91 26 54 32 72 27 50 306
leaf_count=8616 42 69 38 25 33 57 55 128 96 45 29 61 997 28 87 20 211 66 26 64 20 25 91 26 54 32 72 27 50 306
internal_value=-1.30865e-13 9.89857e-06 0.000264372 0.000537773 0.00161066 -0.000200411 -0.000540328 0.000221898 -3.60788e-05 -0.000332279 3.00647e-06 -0.000727663 -5.58758e-06 -0.000233595 -0.000329136 -0.00126 -0.000179197 4.20778e-05 0.000262414 0.000451295 0.000337702 0.000954653 7.52416e-05 0.000567976 -0.000184605 0.000496535 -1.92279e-05 -0.000221421 5.89843e-05 -5.76659e-05
internal_weight=11496 9021 405 255 58 150 93 197 2475 231 125 106 2244 388 346 48 298 1856 404 284 258 77 181 90 120 57 1452 405 1047 333
internal_count=11496 9021 405 255 58 150 93 197 2475 231 125 106 2244 388 346 48 298 1856 404 284 258 77 181 90 120 57 1452 405 1047 333
is_linear=0
shrinkage=0.05


Tree=175
num_leaves=31
num_cat=0
split_feature=6 3 0 3 0 4 5 5 6 4 5 6 0 4 3 2 5 4 2 3 3 2 6 4 2 0 6 3 3 6
split_gain=0.00177852 0.00509204 0.00533567 0.00872403 0.00523951 0.00333052 0.00438116 0.00489072 0.00409289 0.0116941 0.020883 0.0082434 0.00666117 0.00494435 0.0287679 0.00856986 0.00732747 0.0103252 0.00662235 0.0142488 0.0060249 0.00711592 0.0161043 0.00912981 0.00443947 0.0133636 0.00430233 0.00419425 0.00412912 0.0042042
threshold=42.01367201014893 0.17949676844036197 0.69932249230444488 0.28259303266915564 0.73448319781880278 2.5863319756327132 0.85922110140762287 1.1763541021879182 36.660612827665794 2.4011669387515977 0.66980801719216876 39.546696592768726 0.70756600698876071 2.4011669387515977 0.22462171056106517 35.764044219326458 1.087135128024171 2.4531815844234073 37.660102896243771 0.22924310019550517 0.088244736657737674 41.705881787440426 23.711862313581687 2.2918937972104483 35.764044219326458 0.74793746077742784 33.875168688310112 0.19058469337496928 0.15984425864271765 27.843536196773112
decision_type=2 2 2 2 2 2 2 2 2 2 2 2 2 2 2 2 2 2 2 2 2 2 2 2 2 2 2 2 2 2
left_child=5 -2 -3 4 -4 8 -7 -8 13 10 -10 12 -11 18 15 -15 26 -18 24 20 -20 22 -22 28 -1 -26 -16 -24 -23 -30
right_child=1 2 3 -5 -6 6 7 -9 9 11 -12 -13 -14 14 16 -17 17 -19 19 -21 21 23 27 -25 25 -27 -28 -29 29 -31
leaf_value=-1.0409852703843361e-06 0.00091696257586590954 0.00055550282987597809 -0.0011433059080445673 0.00042114841292940962 -4.7531868331134321e-05 -0.00077355626687806642 8.0462609758163154e-05 -0.0004093722495003547 0.00054172219031236397 0.00036010061395989564 -0.0014209142607717737 -0.00014506272869073742 0.0014977039446333242 -0.0017167733417479143 -0.00069954698532819751 -0.00062137542791836163 -0.00036940685868929986 0.00091563407439497068 -0.00015372492309054112 -0.00087162282635780202 -0.0003860031114891172 8.4542912073255359e-05 0.0015479068472268409 -0.00040809690437622765 -0.0013047247181627124 0.00042239702708597878 0.00023767866393124373 0.00066110266896430409 0.0013637654396006838 0.0004550163997919299
leaf_weight=10456 20 36 24 34 20 28 132 83 33 22 23 21 31 26 25 57 22 54 47 26 20 34 40 38 24 21 24 20 20 35
leaf_count=10456 20 36 24 34 20 28 132 83 33 22 23 21 31 26 25 57 22 54 47 26 20 34 40 38 24 21 24 20 20 35
internal_value=-5.70307e-13 0.000181093 5.19927e-05 -0.000180397 -0.000645227 -2.13575e-06 -0.000185253 -0.000108636 1.86617e-06 0.000280773 -0.000264361 0.000693307 0.00102549 -1.4333e-06 -0.000242892 -0.000964512 0.000236263 0.000543649 3.22522e-06 0.000243209 0.000357326 0.000473362 0.000842728 0.00024069 -3.17375e-06 -0.000498735 -0.000240498 0.00125231 0.0005177 0.000785471
internal_weight=11496 134 114 78 44 11362 243 215 11119 130 56 74 53 10989 208 83 125 76 10781 280 254 207 80 127 10501 45 49 60 89 55
internal_count=11496 134 114 78 44 11362 243 215 11119 130 56 74 53 10989 208 83 125 76 10781 280 254 207 80 127 10501 45 49 60 89 55
is_linear=0
shrinkage=0.05


Tree=176
num_leaves=31
num_cat=0
split_feature=1 3 2 3 3 6 2 3 4 2 1 1 6 1 1 3 2 6 6 6 1 6 3 1 4 6 0 0 4 0
split_gain=0.00173282 0.00274568 0.00191754 0.00502329 0.00590625 0.00358337 0.0152214 0.00441936 0.00298664 0.0044639 0.00542433 0.00442133 0.00418074 0.0142528 0.0048887 0.0191631 0.0321468 0.0140325 0.00792208 0.00677257 0.00496235 0.00474519 0.012742 0.0142842 0.0185456 0.010129 0.0107841 0.0082168 0.00684574 0.00695017
threshold=31.022699478813923 0.27315599561754372 57.072811937329895 0.24659523319887847 0.18285040497137908 42.01367201014893 34.779572431216415 0.30133967984551241 2.6936095028548626 47.404755235365151 16.975896656698101 23.742394834092266 38.698213648142321 23.130802125662644 20.73830870723306 0.22761411907576456 22.109430311974865 34.54153550409557 32.315499187441944 28.528319707861709 25.151941537787049 29.082027869420475 0.23851863684096888 18.129357768820558 2.424019320934367 35.275355900399582 0.70536969973977504 0.70575338934392995 2.3540300907080103 0.74105357023364571
decision_type=2 2 2 2 2 2 2 2 2 2 2 2 2 2 2 2 2 2 2 2 2 2 2 2 2 2 2 2 2 2
left_child=2 -2 5 4 -4 8 7 -7 9 12 -11 -10 14 -14 21 18 -17 -18 19 -16 -20 28 23 -23 -25 26 -24 -27 -1 -30
right_child=1 -3 3 -5 -6 6 -8 -9 11 10 -12 -13 13 -15 15 16 17 -19 20 -21 -22 22 25 24 -26 27 -28 -29 29 -31
leaf_value=-6.0255546791117281e-07 -0.00070814977992664685 8.1798245611769914e-05 9.0528333501424649e-05 0.00038406491664278765 -0.00092832766338164438 -0.00055024921419788843 0.0014882446311059454 0.00037232091318583119 -1.7490407496571859e-05 0.00096808450859195243 0.00014167354479508029 -0.00081117700236583404 -0.00020726920100225309 0.0011924607078394583 0.00011400670756120234 -0.0025972773210378368 -0.00097157576703466486 0.00065049096992879645 -0.00045551276405104529 0.0013484413968399167 0.0004163612645546285 0.00022574348076314054 0.00023108015906203678 0.00012862513540312648 -0.0016776576616663347 0.00059017759111905919 0.0015243452668073588 -0.00063346731122178226 5.1692062663997329e-05 -0.000800274518035251
leaf_weight=10410 22 22 25 23 33 27 21 25 47 24 115 28 44 31 25 20 30 24 51 20 24 127 27 30 27 34 40 23 43 54
leaf_count=10410 22 22 25 23 33 27 21 25 47 24 115 28 44 31 25 20 30 24 51 20 24 127 27 30 27 34 40 23 43 54
internal_value=-7.5942e-14 -0.000313176 1.20326e-06 -0.000241211 -0.000489166 2.93007e-06 0.000352115 -0.000106706 6.73873e-07 2.77541e-06 0.000284363 -0.0003138 -7.5587e-07 0.000371286 -3.29044e-06 -0.000252065 -0.000884879 -0.000250657 0.000138171 0.000662644 -0.000176513 1.17208e-06 0.000194613 -6.93945e-05 -0.000726983 0.000586365 0.00100318 9.64261e-05 -4.4984e-06 -0.000422599
internal_weight=11496 44 11452 81 58 11371 73 52 11298 11223 139 75 11084 75 11009 194 74 54 120 45 75 10815 308 184 57 124 67 57 10507 97
internal_count=11496 44 11452 81 58 11371 73 52 11298 11223 139 75 11084 75 11009 194 74 54 120 45 75 10815 308 184 57 124 67 57 10507 97
is_linear=0
shrinkage=0.05


Tree=177
num_leaves=31
num_cat=0
split_feature=6 1 1 3 0 1 3 5 4 3 4 3 0 5 3 6 3 0 6 4 4 0 5 0 3 0 4 5 5 5
split_gain=0.00168323 0.00632347 0.0150535 0.0122398 0.0092095 0.00999277 0.0158093 0.0113275 0.0111503 0.0180326 0.0105829 0.0383201 0.0158632 0.0113419 0.0152274 0.0139978 0.00754787 0.0071958 0.00752989 0.00701831 0.00690311 0.00584646 0.00454007 0.00607089 0.00506346 0.00725192 0.00442659 0.00437046 0.00591999 0.017505
threshold=-2.8647982552747169 -3.3739585404041756 -2.804405432755019 0.1414163964131481 0.84210881744846289 -0.88031213965201183 0.1114831151200034 0.77492952417856376 0.21763246160029359 0.16502113291294015 0.43567730272873806 0.15629010319487011 0.76124743067154899 0.39042792657635345 0.098722217647554331 -4.3941379358448502 0.092968748935527909 0.68269844676710811 -3.5780096753294663 0.27006517596052709 0.63785984842305909 0.61173341841260964 1.8698268892063374 0.73448319781880278 0.33771497853466398 0.70160605380681906 -0.046034554147186477 0.29849519942357194 0.89430104717970871 0.91540965257065599
decision_type=2 2 2 2 2 2 2 2 2 2 2 2 2 2 2 2 2 2 2 2 2 2 2 2 2 2 2 2 2 2
left_child=1 27 3 17 5 10 16 8 9 -8 11 13 20 26 15 -15 -7 -3 -19 -16 -12 -2 24 -24 -23 -26 -4 -1 -29 -30
right_child=21 2 4 -5 -6 6 7 -9 -10 -11 12 -13 -14 14 19 -17 -18 18 -20 -21 -22 22 23 -25 25 -27 -28 28 29 -31
leaf_value=0.00019856027739777166 0.00072253237119892025 -0.00045133038921366364 -0.00021222704827475052 0.0014302299991738568 -0.0010121952556073667 0.0006342072294231643 0.00074405906139180021 0.0010878074856009335 -0.0011844655587559655 -0.0010504080364106424 -0.00077404846546974462 0.0021886001573875546 -0.001750224225577854 -0.0015489671240887931 -0.00031585067304347279 -0.00019964927636465294 0.0019157531752716749 0.00080545356779891479 -0.00027405550603621769 0.00091934925674096396 0.00030151606829219551 -1.430578702939492e-05 -8.3355631102763477e-05 0.0011338483067811467 9.4994010141817865e-05 -0.0012514754751464354 0.00051216771646811054 -9.4554426942541125e-05 0.00087947523082426238 1.2894817816428709e-05
leaf_weight=241 27 22 30 35 20 27 42 22 21 21 26 20 21 37 23 40 20 70 21 23 35 8135 21 20 20 20 71 1333 62 970
leaf_count=241 27 22 30 35 20 27 42 22 21 21 26 20 21 37 23 40 20 70 21 23 35 8135 21 20 20 20 71 1333 62 970
internal_value=2.8091e-13 3.04557e-05 0.000170363 0.000613212 3.90172e-05 8.29091e-05 0.000416265 7.78292e-05 -0.000186689 0.000145903 -7.35432e-05 9.16058e-05 -0.000564962 -9.56259e-05 -0.000418027 -0.000848023 0.00117955 0.000360153 0.000556336 0.000301749 -0.000156921 -1.2019e-05 -1.44329e-05 0.000510402 -1.70651e-05 -0.000578241 0.000297001 -4.27958e-06 -2.49495e-05 6.49568e-05
internal_weight=11496 3253 647 148 499 479 153 106 84 63 326 244 82 224 123 77 47 113 91 46 61 8243 8216 41 8175 40 101 2606 2365 1032
internal_count=11496 3253 647 148 499 479 153 106 84 63 326 244 82 224 123 77 47 113 91 46 61 8243 8216 41 8175 40 101 2606 2365 1032
is_linear=0
shrinkage=0.05


Tree=178
num_leaves=31
num_cat=0
split_feature=6 1 3 0 3 0 4 1 1 3 6 5 6 3 1 3 4 4 1 6 5 4 5 3 3 0 3 1 5 0
split_gain=0.00156321 0.00570364 0.00478605 0.00447029 0.00778821 0.00488113 0.00220379 0.00465768 0.00492672 0.00423192 0.00379467 0.00734596 0.0037701 0.0105984 0.00694894 0.0247577 0.00567317 0.0138282 0.0143804 0.00760323 0.00898048 0.00539095 0.00527566 0.00460708 0.00362583 0.00589101 0.00295269 0.0062873 0.00531321 0.0113421
threshold=42.01367201014893 29.24857398931643 0.17949676844036197 0.69932249230444488 0.28259303266915564 0.73448319781880278 2.5863319756327132 25.151941537787049 20.062699863120972 0.28598768452317463 36.660612827665794 0.956471183188219 34.54153550409557 0.17749288015636175 22.365126338008306 0.23109929288116324 2.2670736955530981 2.4011669387515977 22.365126338008306 36.660612827665794 0.956471183188219 2.5395356087630785 0.88304227208766994 0.24995396247014587 0.23354519576207242 0.73208468741278787 0.35405306359868954 -14.660329570207091 1.9945432096172035 0.78909208364472405
decision_type=2 2 2 2 2 2 2 2 2 2 2 2 2 2 2 2 2 2 2 2 2 2 2 2 2 2 2 2 2 2
left_child=1 6 -2 -4 5 -5 12 8 24 10 -10 -12 14 -14 21 -16 -15 18 -18 23 22 26 -21 -19 -8 -26 27 -1 -29 -30
right_child=2 -3 3 4 -6 -7 7 -9 9 -11 11 -13 13 16 15 -17 17 19 -20 20 -22 -23 -24 -25 25 -27 -28 28 29 -31
leaf_value=-0.00060865292006859651 0.00088319515809416778 -0.00082525793023662463 0.00050549009271586942 -0.0010880293436154413 0.00040027252723709406 -3.0394382774829866e-05 0.00017571819518061898 -0.00069322643240037215 -0.00049505626134898348 0.00085589545022230591 -0.00043757104314863683 0.00082671750785300025 -0.00069552270516786471 0.0010180680357195714 0.00036908213078277189 -0.001730908263474703 -0.0012999477945268155 -0.00049525464183673088 0.00037956917076371611 0.00097400109561231846 0.0017734748232760467 -0.00065686370381304337 -0.00010615285544190555 0.00056509774010919504 -0.00021351849402587205 -0.0012043939880095422 0.00044933571842046004 6.7310453355419743e-06 -0.0011037472736432157 0.00042348915871116334
leaf_weight=42 20 21 36 24 34 20 31 34 23 20 20 27 28 27 32 25 25 21 26 26 20 31 20 20 60 20 37 10675 31 20
leaf_count=42 20 21 36 24 34 20 31 34 23 20 20 27 28 27 32 25 25 21 26 26 20 31 20 20 60 20 37 10675 31 20
internal_value=-7.76202e-14 -2.00231e-06 0.000169778 4.46168e-05 -0.000168094 -0.000607286 -4.77895e-07 -0.000151999 -6.04485e-05 0.000214462 3.11951e-05 0.000288722 2.72826e-06 0.000211058 -1.34539e-06 -0.000551966 0.00034827 0.000233811 -0.000443723 0.000556748 0.000888946 1.55101e-06 0.000504369 2.19904e-05 -0.000283349 -0.000461237 3.44003e-06 1.90788e-06 4.29867e-06 -0.000504831
internal_weight=11496 11362 134 114 78 44 11341 235 201 90 70 47 11106 213 10893 57 185 158 51 107 66 10836 46 41 111 80 10805 10768 10726 51
internal_count=11496 11362 134 114 78 44 11341 235 201 90 70 47 11106 213 10893 57 185 158 51 107 66 10836 46 41 111 80 10805 10768 10726 51
is_linear=0
shrinkage=0.05


Tree=179
num_leaves=31
num_cat=0
split_feature=1 5 2 6 0 4 5 6 6 1 2 0 5 4 4 0 1 0 0 5 4 0 0 1 5 6 1 1 1 4
split_gain=0.00168831 0.00230568 0.00194576 0.00966475 0.0204921 0.0250939 0.03195 0.0226026 0.0206977 0.0180723 0.0192006 0.0196976 0.0183697 0.0287005 0.0174464 0.0170185 0.0153369 0.0128014 0.0117659 0.0204726 0.0104771 0.0104499 0.0151987 0.0100939 0.0106187 0.0135857 0.0073404 0.0203204 0.00847083 0.00775553
threshold=31.022699478813923 0.71504573822540662 13.929741355669607 8.1290743967607835 0.73348222558021725 1.5678229588054495 1.5004809683234164 12.848764245678884 16.107486771313642 6.2335655144804329 10.489541241232226 0.71342941992866904 0.83297150113264251 1.2903830177647133 1.710007333728095 0.7419376029016832 4.9627471214164229 0.6919860437969384 0.77698967280807218 1.1983575341147341 1.4016515176490945 0.70422884677967013 0.72249162069016315 7.749079842510155 1.069991406016171 9.6312345386874387 8.2542519724255978 9.8571545303199581 7.3425319749073408 1.5464803749103377
decision_type=2 2 2 2 2 2 2 2 2 2 2 2 2 2 2 2 2 2 2 2 2 2 2 2 2 2 2 2 2 2
left_child=2 -2 3 26 8 7 14 15 9 10 11 -5 -11 -14 -7 -6 -12 -10 23 -20 -9 -15 -23 24 -17 -26 28 -28 29 -1
right_child=1 -3 -4 4 5 6 -8 20 17 12 16 -13 13 21 -16 18 -18 -19 19 -21 -22 22 -24 -25 25 -27 27 -29 -30 -31
leaf_value=1.3777496418905987e-06 2.1282757613031816e-05 -0.00070561852306127559 3.3368094532741698e-05 0.0019481446249065577 -0.0012634616637987332 -0.0012165055435616524 0.00027542724141676447 0.0015937493648380042 0.00014908720552921296 0.00065464258598606857 -0.0008211661897416406 0.00030399963177062876 -0.0017385065478885573 0.00046580659541792268 -0.0030583423242205757 -0.00055622026451792889 0.00062585456141581142 0.0016810538898183345 -0.0017031522297799029 5.8880480355583135e-05 0.00017992072632631265 -0.0015461554479164383 0.00021539687513723039 0.00096766817087368313 -0.00026867146047556567 0.0012870161616972285 0.0017601757373830133 -0.00019002308493808791 -0.00089940411428240355 0.00080697002122178676
leaf_weight=7221 24 20 3331 27 49 36 25 20 25 31 47 56 44 37 20 76 30 30 32 34 38 24 25 23 36 23 22 34 26 30
leaf_count=7221 24 20 3331 27 49 36 25 20 25 31 47 56 44 37 20 76 30 30 32 34 38 24 25 23 36 23 22 34 26 30
internal_value=-1.47706e-13 -0.000309127 1.1877e-06 -1.20118e-05 -0.000178406 -0.000421988 -0.00121081 -0.000228954 8.84978e-05 -6.5058e-05 0.000311279 0.000838842 -0.000439058 -0.000699863 -0.0018743 -0.000419398 -0.000257392 0.000984705 -0.000234759 -0.000795438 0.000667448 -0.000168465 -0.000647404 -5.51728e-07 -0.000165508 0.000337783 5.86887e-06 0.000576126 1.48046e-06 4.71078e-06
internal_weight=11496 44 11452 8121 788 412 81 331 376 321 160 83 161 130 56 273 77 55 224 66 58 86 49 158 135 59 7333 56 7277 7251
internal_count=11496 44 11452 8121 788 412 81 331 376 321 160 83 161 130 56 273 77 55 224 66 58 86 49 158 135 59 7333 56 7277 7251
is_linear=0
shrinkage=0.05


Tree=180
num_leaves=31
num_cat=0
split_feature=0 0 5 6 5 2 5 4 1 4 5 5 5 1 0 1 2 4 0 2 6 1 2 0 5 1 5 5 5 0
split_gain=0.00159181 0.0061535 0.012306 0.0115369 0.00614407 0.00944464 0.00840514 0.00682153 0.0130203 0.00592764 0.00523106 0.00842964 0.00762025 0.00551556 0.00500836 0.0122594 0.00550058 0.0119777 0.00736118 0.00445792 0.0036536 0.00364841 0.0143017 0.00335437 0.00476973 0.00572665 0.00543732 0.0158082 0.0108653 0.00697037
threshold=0.67124621226604397 0.68454904605622358 1.4747593526478606 36.660612827665794 0.76733154353184874 33.872996123039322 0.72661125454634967 1.8705579079865207 11.784686335769702 2.11344804665455 0.82529306348784026 0.88304227208766994 1.087135128024171 2.3262146815707379 0.68700197322809775 14.46314875195335 9.5216673653054311 1.6947058709584319 0.68550861728276935 10.627235642299075 -11.542485110244892 -5.5690994693774529 -3.4332233748838261 0.61173341841260964 1.1558303738457092 4.0691524372502021 1.0440291882829049 1.007079883766669 0.96035429441834297 0.65535110986993717
decision_type=2 2 2 2 2 2 2 2 2 2 2 2 2 2 2 2 2 2 2 2 2 2 2 2 2 2 2 2 2 2
left_child=20 2 3 4 6 7 -2 8 10 -9 -6 -12 13 -13 15 16 18 -18 -3 -14 -1 22 -22 -23 26 -26 27 28 -25 -28
right_child=1 14 -4 -5 5 -7 -8 9 -10 -11 11 12 19 -15 -16 -17 17 -19 -20 -21 21 23 -24 24 25 -27 29 -29 -30 -31
leaf_value=-0.00072117183313128493 7.262809736666418e-05 -0.00041968513674953069 -0.0009064901396632195 0.0011191788759520825 0.0012497994949808345 -0.00070044634223449982 -0.00098150966112457586 0.0015206141494369756 -0.00061675431661569748 0.00035510268469806766 -0.0003659652461747414 0.001639644773898735 0.00062415428059466645 0.00058312029170338065 5.478988863369268e-07 -0.0013298139160421367 -0.0013469001897399059 0.0001339403751545534 0.00074555886553064217 -0.00043153496575541793 -0.0002284689360246201 0.00037909338255606907 0.0012517014713957907 -0.00010847683315119217 -0.0012306185625493527 -0.00019862221081161916 0.0010403511662540647 -0.0014004928353445038 0.0010823190261726268 -0.00015259322756901384
leaf_weight=21 190 23 25 34 20 20 21 24 32 20 29 21 20 30 10116 24 22 36 33 20 47 36 25 454 20 41 24 23 20 25
leaf_count=21 190 23 25 34 20 20 21 24 32 20 29 21 20 30 10116 24 22 36 33 20 47 36 25 454 20 41 24 23 20 25
internal_value=-1.12784e-13 4.86603e-06 0.00017508 0.000231295 0.00016376 0.000339039 -3.22861e-05 0.000435288 0.000293171 0.000990836 0.000501154 0.00037638 0.000612951 0.00101816 -3.53348e-06 -0.000302716 -8.64848e-05 -0.000427758 0.000266977 9.63097e-05 -7.11392e-05 -5.20474e-05 0.000285479 -8.98419e-05 -0.000117654 -0.000536982 -7.08056e-05 -0.000120349 -5.82323e-05 0.000431706
internal_weight=11496 10760 506 481 447 236 211 216 172 44 140 120 91 51 10254 138 114 58 56 40 736 715 72 643 607 61 546 497 474 49
internal_count=11496 10760 506 481 447 236 211 216 172 44 140 120 91 51 10254 138 114 58 56 40 736 715 72 643 607 61 546 497 474 49
is_linear=0
shrinkage=0.05


Tree=181
num_leaves=31
num_cat=0
split_feature=6 1 1 1 2 5 4 1 2 0 0 1 1 2 5 1 2 4 4 4 4 5 6 1 4 6 6 6 6 2
split_gain=0.00154966 0.00779656 0.017279 0.0103053 0.0140761 0.0114093 0.00904073 0.0088109 0.0148855 0.0115579 0.00688438 0.00656055 0.0168698 0.00584343 0.0127635 0.00927551 0.0114507 0.0315093 0.0311779 0.015793 0.0189904 0.0159692 0.0216525 0.00978118 0.0112022 0.00941671 0.00899145 0.00875173 0.0235183 0.0181041
threshold=-3.5780096753294663 -4.2830838270807625 -5.3436807981752592 -3.3739585404041756 -0.11462873986422674 1.0168023613842128 0.71168017595450961 -2.9165684154094147 -0.44914632991570702 0.74277643034161844 0.62511277048434277 -4.5255736231299792 -4.8986801019427144 -2.1422070179231558 0.40870386666041569 -0.68728169287121654 0.67005934370052145 0.68322729571133223 0.92705300147012937 0.63785984842305909 0.37037846449690448 0.73298026278980188 -0.48681723835014939 1.2672205387892046 0.21169493570283957 -2.0757830985620047 0.42025758313356559 1.4080573310006852 2.5847457968060552 3.5371433769437393
decision_type=2 2 2 2 2 2 2 2 2 2 2 2 2 2 2 2 2 2 2 2 2 2 2 2 2 2 2 2 2 2
left_child=10 2 6 4 -3 -6 -2 8 -5 -10 -1 12 -4 14 -9 27 17 19 -19 20 23 26 25 24 -17 -23 -22 -15 29 -29
right_child=1 3 11 7 5 -7 -8 13 9 -11 -12 -13 -14 15 -16 16 -18 18 -20 -21 21 22 -24 -25 -26 -27 -28 28 -30 -31
leaf_value=-0.00066647882041122233 -0.00092691852090259405 -0.00074204949938575741 -0.0013976562942843885 0.00062804867546739326 8.4732336321527649e-05 0.0011866830147548833 0.00020127265482860029 -0.00010366428513911288 7.7107613033149396e-05 -0.0013832694551508342 3.8852016793001343e-05 -0.0016660223892402083 0.00036805310161677578 0.00027572408930054957 -0.0012453916851944966 6.1144975750559557e-05 1.7752357382543066e-06 -0.0025452926788213002 -3.0002334493805065e-05 0.0010579172170966759 -0.00067548919934779406 -0.00043185721193107643 0.00076120019315139339 0.00044757143317231867 -0.0010254505674604463 -0.0016177710696038874 -0.0021403058474375445 -0.0018943697214126587 0.00032067071177672399 -0.00022303986003629857
leaf_weight=35 21 20 31 21 41 55 115 157 20 42 2993 21 24 533 29 101 6672 28 22 27 20 70 34 108 31 22 22 26 112 43
leaf_count=35 21 20 31 21 41 55 115 157 20 42 2993 21 24 533 29 101 6672 28 22 27 20 70 34 108 31 22 22 26 112 43
internal_value=-3.55331e-14 -1.09775e-05 -0.000310375 -3.28947e-06 0.00046466 0.000716058 2.70667e-05 -9.95804e-06 -0.000522484 -0.00091218 3.06992e-05 -0.000914218 -0.000627165 -4.67821e-06 -0.000281676 1.86753e-06 -1.52763e-05 -0.000249849 -0.00143856 -0.000113215 -0.000190716 -0.000598433 -0.000316985 9.4685e-05 -0.00019404 -0.000715445 -0.00144277 0.000173714 -0.000126681 -0.000852816
internal_weight=11496 8468 212 8256 116 96 136 8140 83 62 3028 76 55 8057 186 7871 7157 485 50 435 408 168 126 240 132 92 42 714 181 69
internal_count=11496 8468 212 8256 116 96 136 8140 83 62 3028 76 55 8057 186 7871 7157 485 50 435 408 168 126 240 132 92 42 714 181 69
is_linear=0
shrinkage=0.05


Tree=182
num_leaves=31
num_cat=0
split_feature=3 1 5 5 6 6 2 3 5 0 2 2 2 2 2 0 0 0 0 0 3 3 5 5 2 6 0 1 1 5
split_gain=0.0016136 0.00854021 0.00524485 0.00506312 0.0114517 0.0130015 0.00839016 0.00378409 0.0244763 0.00900587 0.0176774 0.012301 0.0100013 0.00847204 0.00801314 0.0077392 0.005527 0.00674091 0.00510524 0.00470147 0.0106834 0.0155601 0.0172948 0.0237028 0.0142168 0.0241924 0.0174787 0.021705 0.011961 0.0116147
threshold=0.057678403221613724 3.5257471678935008 0.40870386666041569 0.29849519942357194 10.744869547351355 -1.3341386710520027 -1.4358014370100138 0.078132238362344758 0.76382356194983714 0.73448319781880278 1.5513628929927681 -2.9259411386734153 -2.4587377057231268 4.7741136848597625 10.81513172418458 0.74901300083508693 0.66492876590183869 0.67890651129009771 0.76346651678835897 0.75056905156790332 0.14181870050599368 0.14004229618183839 0.66175281075448833 0.62900615938043425 2.9518350646013922 1.9408965139241345 0.78288259041817032 5.3554669662560732 2.1662552160108044 0.85922110140762287
decision_type=2 2 2 2 2 2 2 2 2 2 2 2 2 2 2 2 2 2 2 2 2 2 2 2 2 2 2 2 2 2
left_child=1 -1 -3 4 5 6 -2 8 9 14 11 -11 -13 -12 16 -10 -5 -18 -14 -9 21 22 23 -21 -24 -26 29 -28 -23 -27
right_child=3 2 -4 7 -6 -7 -8 19 15 10 13 12 18 -15 -16 -17 17 -19 -20 20 -22 28 24 -25 25 26 27 -29 -30 -31
leaf_value=-2.7734110000780842e-05 0.00015540722236152368 -0.00018906442174656233 -0.0012808572717899966 -0.00025557379215440179 0.0013568240375025197 -0.00080101679024450914 0.0011711306942081799 -3.915491373507351e-05 0.0010906462340693301 9.906595135389856e-05 0.0011170166957361455 -0.0018292004906537908 -0.0012364379363134503 -4.7009308710349381e-05 -0.00061945406547426411 -1.6319230780936778e-05 0.0010047529105629239 0.00023510096025826274 -0.00019050298932208015 0.00028331938746811204 -3.6292413739547008e-05 0.0018734895539554684 -0.00018045829523828595 0.0016779849809074009 0.0010153976725288541 -0.00026726823146933288 -0.0001707841342015724 -0.0020384831563569606 0.00028941380800321124 0.00026255818154132958
leaf_weight=1430 268 22 22 42 20 34 22 5080 75 33 22 27 20 54 29 20 35 152 28 293 2347 22 524 34 74 129 70 20 26 522
leaf_count=1430 268 22 22 42 20 34 22 5080 75 33 22 27 20 54 29 20 35 152 28 293 2347 22 524 34 74 129 70 20 26 522
internal_value=4.21228e-13 -4.88454e-05 -0.000734961 7.184e-06 0.000195686 0.000124011 0.000232462 4.83792e-07 0.000129477 -2.70199e-05 -0.000294273 -0.00070539 -0.00105935 0.000289946 0.000163579 0.000857601 0.000262741 0.000379153 -0.000626309 -7.0941e-06 3.30115e-05 0.00012791 0.000102339 0.00042833 2.27278e-05 0.000153365 6.72783e-05 -0.000585828 0.00101545 0.00015757
internal_weight=11496 1474 44 10022 344 324 290 9678 537 442 184 108 75 76 258 95 229 187 48 9141 4061 1714 1666 327 1339 815 741 90 48 651
internal_count=11496 1474 44 10022 344 324 290 9678 537 442 184 108 75 76 258 95 229 187 48 9141 4061 1714 1666 327 1339 815 741 90 48 651
is_linear=0
shrinkage=0.05


Tree=183
num_leaves=31
num_cat=0
split_feature=2 6 6 6 0 2 1 2 6 6 4 6 0 0 3 3 6 3 4 1 6 0 6 1 0 3 1 0 6 4
split_gain=0.00169099 0.0121005 0.0340254 0.0157749 0.0126925 0.0240847 0.0182278 0.0182047 0.01792 0.0153425 0.0150959 0.0109745 0.0191293 0.0199935 0.0202298 0.0192766 0.0191255 0.00846508 0.00828327 0.0108173 0.00792851 0.00926897 0.00728398 0.00668199 0.0193583 0.0183173 0.0210285 0.0225405 0.0168856 0.016808
threshold=12.089759173637484 16.107486771313642 17.827325059821757 8.0300947511023697 0.72686700238905222 6.3438735932146271 6.2335655144804329 10.489541241232226 11.351041138571873 12.535935658088638 1.6121107495635754 8.6297206067273553 0.78476499893267271 0.76124743067154899 0.16715356561039527 0.15629010319487011 11.648159130425309 0.19276110095626317 1.3775402840046234 6.8284655487974026 8.4556446198126629 0.7569027035024265 9.918531538719062 3.9605041590205508 0.82139170784749127 0.15255913876439403 7.5678608408403241 0.77982216449742336 6.8937405552264499 1.1590592847400953
decision_type=2 2 2 2 2 2 2 2 2 2 2 2 2 2 2 2 2 2 2 2 2 2 2 2 2 2 2 2 2 2
left_child=1 3 -3 23 5 -5 7 10 -8 -9 -7 20 13 14 15 22 -14 -10 -16 -20 21 -6 -13 -1 25 26 27 -25 -27 -30
right_child=-2 2 -4 4 11 6 8 9 17 -11 -12 12 16 -15 18 -17 -18 -19 19 -21 -22 -23 -24 24 -26 28 -28 -29 29 -31
leaf_value=-1.0766694994816139e-05 2.7642721945588662e-05 0.0022686386281358345 -0.00051507586404509116 0.0011557972659111807 -0.0011917246335776458 0.0013163278516731226 -0.0017232039677537614 -0.0015343712657973495 0.00046831712825223804 0.00017002086951247147 -7.5304219351317826e-05 0.00017367081972770394 -0.00023741487777981631 0.0008705197649379803 0.00099090112829192871 -0.00226843198412098 -0.0021566397043643521 -0.00085967333288863303 0.00046133434399962423 -0.0010398645611712711 -0.0017941040897064588 0.00010039211407749227 -0.0010005323509955945 -0.00020874596654242334 0.0013324207739274512 8.874156951160153e-05 -0.0014083624142222108 0.0011311193110068909 0.0022806642965103193 0.00058995449906025011
leaf_weight=6665 3735 21 23 38 35 40 32 23 24 31 38 25 27 43 24 20 25 24 30 20 22 23 28 207 34 102 30 37 21 49
leaf_count=6665 3735 21 23 38 35 40 32 23 24 31 38 25 27 43 24 20 25 24 30 20 22 23 28 207 34 102 30 37 21 49
internal_value=-2.17603e-14 -1.33031e-05 0.000813515 -1.80174e-05 -0.000270675 -3.37247e-06 -0.000211148 0.000149785 -0.000806688 -0.000555924 0.000638353 -0.000478208 -0.000310377 -7.78161e-05 -0.00035522 -0.000945778 -0.00116012 -0.000195678 0.000227356 -0.000139145 -0.000985895 -0.000679334 -0.000446663 2.20935e-06 0.000182387 9.47163e-05 -0.00015916 -5.56967e-06 0.000499147 0.00109717
internal_weight=11496 7761 44 7717 572 250 212 132 80 54 78 322 242 190 147 73 52 48 74 50 80 58 53 7145 480 446 274 244 172 70
internal_count=11496 7761 44 7717 572 250 212 132 80 54 78 322 242 190 147 73 52 48 74 50 80 58 53 7145 480 446 274 244 172 70
is_linear=0
shrinkage=0.05


Tree=184
num_leaves=31
num_cat=0
split_feature=2 4 0 5 3 2 0 3 3 4 0 3 2 1 3 1 1 3 3 1 5 1 1 4 3 5 0 1 0 5
split_gain=0.00162265 0.00808362 0.0174601 0.019543 0.0262854 0.0260947 0.0184159 0.0283591 0.0262324 0.0149258 0.0146743 0.0162931 0.0133836 0.0127248 0.0330258 0.0200549 0.0157922 0.0141392 0.0140342 0.0120173 0.0184931 0.0156167 0.0118545 0.0113394 0.0196048 0.0196407 0.0220893 0.0538018 0.0146346 0.0113112
threshold=8.9694742829480791 0.72282933352316225 0.65826204313371062 1.0390923170928674 0.13510148952138687 2.9518350646013922 0.76520556434261144 0.19397545506697819 0.16791138174953474 1.0598358469875546 0.77545911891298169 0.14881667895182216 4.5053777199945566 -4.5255736231299792 0.24340485538070425 0.71839096937593727 -0.61830692977362089 0.2107150798414176 0.18192736242823929 3.2350219021519804 0.73298026278980188 5.9711202358687885 4.0691524372502021 0.57812411504816696 0.078132238362344758 0.5945166880706757 0.80632361189425794 -2.0599388952922069 0.7085861078004011 0.98581551881600504
decision_type=2 2 2 2 2 2 2 2 2 2 2 2 2 2 2 2 2 2 2 2 2 2 2 2 2 2 2 2 2 2
left_child=1 23 -3 4 5 -4 7 9 -8 29 -5 -12 13 -13 15 17 -16 18 -15 -7 -21 -22 -14 -1 -25 -26 28 -28 -27 -6
right_child=-2 2 3 10 6 19 8 -9 -10 -11 11 12 22 14 16 -17 -18 -19 -20 20 21 -23 -24 24 25 26 27 -29 -30 -31
leaf_value=-6.2673022998275886e-06 2.3230913484325515e-05 0.0010757344125067903 -0.0012453989124434546 0.00012330696048094052 -0.0010083114331084491 0.00014856402783430095 0.00060184341768470054 0.00016137025522766635 -0.00095898195790747808 -0.0017215602702043695 -0.001101112491375281 2.0057484714101536e-05 0.0010029063896379539 -0.0011393796925683721 -0.00055061079023149568 -0.0024008471053093674 0.0010665351555669785 -0.0015534381039976849 0.00040378962294198575 0.00095100384205579766 -0.00038579428706750514 -0.001962786333169788 -0.00043578366471809293 0.0014303810989076738 -0.0012727227132848424 0.00067599166935236252 -0.00015267550986590645 0.0030803863191977143 -1.2430118604066436e-05 -5.787687550764531e-05
leaf_weight=3738 4545 32 43 1020 144 449 67 64 45 58 46 234 45 26 26 22 36 33 34 20 73 20 21 32 23 95 31 22 412 40
leaf_count=3738 4545 32 43 1020 144 449 67 64 45 58 46 234 45 26 26 22 36 33 34 20 73 20 21 32 23 95 31 22 412 40
internal_value=-5.31366e-13 -1.51898e-05 -8.49848e-05 -9.94598e-05 -0.000268926 -5.82571e-05 -0.000573841 -0.000774623 -2.52739e-05 -0.00102216 1.2895e-05 -0.00020244 -0.000115776 -0.000221908 -0.000541795 -0.00104328 0.000388377 -0.000722134 -0.000264917 3.2574e-05 -0.000428306 -0.000724932 0.000545141 2.64659e-05 0.00022542 0.000159281 0.000218096 0.00118935 0.000116564 -0.000801695
internal_weight=11496 6951 2598 2566 1023 605 418 306 112 242 1543 523 477 411 177 115 62 93 60 562 113 93 66 4353 615 583 560 53 507 184
internal_count=11496 6951 2598 2566 1023 605 418 306 112 242 1543 523 477 411 177 115 62 93 60 562 113 93 66 4353 615 583 560 53 507 184
is_linear=0
shrinkage=0.05


Tree=185
num_leaves=31
num_cat=0
split_feature=1 3 2 3 3 6 1 3 2 6 4 1 2 2 1 6 4 3 4 2 3 5 5 1 3 5 4 5 4 6
split_gain=0.00154793 0.00248037 0.00172194 0.00451093 0.00529281 0.00309105 0.00949827 0.0105354 0.0106553 0.0101305 0.00910498 0.0114422 0.00790171 0.018589 0.0269955 0.01085 0.00751405 0.00746068 0.00718965 0.0070066 0.00663581 0.00542513 0.00829773 0.00735066 0.00640639 0.00540179 0.0065097 0.0072621 0.00591901 0.00517724
threshold=31.022699478813923 0.26768244066807728 57.072811937329895 0.24659523319887847 0.18285040497137908 29.082027869420475 16.628345199773779 0.25317609236450539 17.130581116710903 23.711862313581687 1.8155794690418863 20.062699863120972 29.542168905606744 31.936368311587142 18.822598343475551 42.01367201014893 2.5015912564931599 0.27014750437153429 2.6936095028548626 47.404755235365151 0.17430112637269121 1.0839374361428302 1.1763541021879182 19.519039606222005 0.25655817950047627 0.73954568654056385 2.5395356087630785 1.1300901976897524 2.3752899269582954 28.528319707861709
decision_type=2 2 2 2 2 2 2 2 2 2 2 2 2 2 2 2 2 2 2 2 2 2 2 2 2 2 2 2 2 2
left_child=2 -2 5 4 -4 6 16 8 -8 -10 -11 20 17 14 -14 18 19 -7 21 29 -12 24 23 -23 -15 -19 28 -28 -27 -1
right_child=1 -3 3 -5 -6 12 7 -9 9 10 11 -13 13 15 -16 -17 -18 25 -20 -21 -22 22 -24 -25 -26 26 27 -29 -30 -31
leaf_value=5.388160128129621e-07 -0.00070723328273743398 4.6701060273335319e-05 8.5214839084073911e-05 0.00036394965693192641 -0.00087928033582019552 0.00076020889091648301 0.00057079528410480741 -0.0014085547581046177 -0.0013752978396318529 0.00068904077704494502 -0.00063338853854502577 -0.0013830355126022674 0.00044378817467738619 -9.7663401845601015e-05 -0.0018463498184217082 0.0011042670165188611 -0.00094271892836938305 -0.00030018882825970654 -0.00044035891435615835 0.00087575531645637497 0.00034184418335506643 0.0003817189417272208 7.1132498962032495e-05 0.0016367650710435557 0.00062532007228583103 0.00027796494844369593 0.00060865004803241807 -0.00041092563444180999 0.0014166239360790878 0.00080577739980071785
leaf_weight=10322 20 24 25 23 33 73 34 21 23 22 33 24 22 246 31 25 21 47 68 23 37 28 79 20 35 25 31 40 21 20
leaf_count=10322 20 24 25 23 33 73 34 21 23 22 33 24 22 246 31 25 21 47 68 23 37 28 79 20 35 25 31 40 21 20
internal_value=-2.7206e-13 -0.000295996 1.13725e-06 -0.000228581 -0.00046355 2.77362e-06 -4.3544e-06 -0.00035099 -0.000222615 -0.000416686 -0.000226617 -0.00044092 9.81143e-05 -5.24789e-06 -0.000895727 8.89544e-05 2.1204e-06 0.000339729 3.56292e-05 4.03469e-06 -0.000117908 0.000114961 0.000386165 0.000904655 -7.61208e-06 0.000152564 0.000334439 3.42412e-05 0.000797788 2.09604e-06
internal_weight=11496 44 11452 81 58 11371 10580 194 173 139 116 94 791 554 53 501 10386 237 476 10365 70 408 127 48 281 164 117 71 46 10342
internal_count=11496 44 11452 81 58 11371 10580 194 173 139 116 94 791 554 53 501 10386 237 476 10365 70 408 127 48 281 164 117 71 46 10342
is_linear=0
shrinkage=0.05


Tree=186
num_leaves=31
num_cat=0
split_feature=3 1 6 1 6 3 0 6 2 0 1 0 2 4 6 1 1 6 6 0 3 1 2 6 0 6 1 2 6 0
split_gain=0.00151179 0.00768084 0.00444533 0.00363203 0.00473165 0.00361258 0.0166256 0.0132333 0.028857 0.0176362 0.0297502 0.0161663 0.00958913 0.0119273 0.014777 0.00884233 0.0158092 0.00909681 0.0128201 0.00826095 0.00807974 0.00799617 0.0110358 0.00860223 0.00783541 0.0227792 0.0230623 0.00887273 0.023035 0.0213776
threshold=0.057678403221613724 3.3157918899795473 6.6450813419102346 -3.9781549084291483 -4.3941379358448502 0.11756705202862265 0.77287125458909622 -3.7366548171173828 -2.4587377057231268 0.81045475963353419 1.1032190485686491 0.79862336636798104 34.779572431216415 1.3683149542958744 12.848764245678884 -1.3594827432300836 1.1032190485686491 0.77666980675844965 4.5760053366667854 0.65535110986993717 0.095280971989488095 1.7523022436966686 -2.3073331753732167 -6.2696344371251227 0.85747753054005849 -3.4516164605104853 -7.4753394512256426 9.0991857532608957 7.7107096809368558 0.65535110986993717
decision_type=2 2 2 2 2 2 2 2 2 2 2 2 2 2 2 2 2 2 2 2 2 2 2 2 2 2 2 2 2 2
left_child=1 3 -3 -1 -5 6 12 8 -8 15 -11 -10 13 14 19 -9 -17 -18 -19 21 -13 22 23 -2 27 26 -26 29 -29 -7
right_child=5 2 -4 4 -6 24 7 9 11 10 -12 20 -14 -15 -16 16 17 18 -20 -21 -22 -23 -24 -25 25 -27 -28 28 -30 -31
leaf_value=0.0004159350525070396 -2.3136628944234092e-06 -0.0012362555338768289 -0.0002672950030155962 -0.00062306107711800215 -2.5814276995258443e-05 0.0010464449941147386 -0.00034252583813688595 -0.0014589183573501514 0.0012952221135767003 -0.001044656928628683 0.0012274652500362958 -0.00072756426758132883 0.00092979163604988064 -0.00046217230015140168 0.0013035910490613719 0.0002950545895146206 6.4794031786732375e-05 -0.0020953531156313451 -0.00071777726162077957 0.00012782408057894596 0.00051979124623726791 -0.0011775334861816927 0.00094866077939514081 -0.0010569970980025668 0.00041008285904534461 0.0017625508063550416 -0.0014728675945661963 0.0004735284458681193 -1.084015489717973e-06 -8.8320004586588672e-05
leaf_weight=45 58 20 29 34 1346 42 199 34 53 25 34 20 35 92 26 39 20 24 57 2179 37 21 20 29 87 24 20 279 3055 3513
leaf_count=45 58 20 29 34 1346 42 199 34 53 25 34 20 35 92 26 39 20 24 57 2179 37 21 20 29 87 24 20 279 3055 3513
internal_value=-1.12037e-13 -4.72793e-05 -0.000662789 -2.61144e-05 -4.05291e-05 6.95367e-06 5.28592e-05 -0.000197822 1.67156e-05 -0.000482337 0.000264702 0.000666616 0.000108091 9.6231e-05 0.000118251 -0.000735644 -0.000559991 -0.000890157 -0.00112595 0.000104892 8.21226e-05 -0.000285485 -0.00011041 -0.000353875 -1.26772e-05 0.00037039 5.81295e-05 -1.99615e-05 3.86331e-05 -7.49135e-05
internal_weight=11496 1474 49 1425 1380 10022 3002 542 309 233 59 110 2460 2425 2333 174 140 101 81 2307 57 128 107 87 7020 131 107 6889 3334 3555
internal_count=11496 1474 49 1425 1380 10022 3002 542 309 233 59 110 2460 2425 2333 174 140 101 81 2307 57 128 107 87 7020 131 107 6889 3334 3555
is_linear=0
shrinkage=0.05


Tree=187
num_leaves=31
num_cat=0
split_feature=6 1 4 1 6 4 1 1 5 3 4 1 4 4 2 1 6 1 3 3 2 6 1 4 3 2 3 1 4 1
split_gain=0.00154091 0.00473332 0.00360456 0.00204919 0.00188181 0.00692375 0.00671845 0.00250035 0.0051869 0.0043855 0.00710154 0.00196109 0.0150508 0.0176201 0.0204064 0.0110324 0.0107029 0.0230303 0.0105799 0.0105491 0.00968122 0.00961387 0.00944678 0.00929472 0.00994874 0.00817998 0.0079649 0.0147245 0.0208382 0.0135439
threshold=-16.731352277925691 -13.376818390780587 0.49765504579684766 -14.660329570207091 -12.79835494464972 0.37037846449690448 -11.563225137424297 -11.193174242400747 0.62900615938043425 0.12519078714532708 -0.046034554147186477 -6.460922150304226 0.96138007902877864 0.62961089712756557 -2.4997444364651678 -8.7876883559467913 -8.3185803314207067 -9.7316769955321227 0.2213617118221072 0.097185814663782524 -2.530580739989571 -9.1119271767827072 -8.0496791439889517 0.45884624049025874 0.14881667895182216 -2.2307488363570207 0.18285040497137908 -10.806651678334982 0.2235026677099701 -7.9252635648271612
decision_type=2 2 2 2 2 2 2 2 2 2 2 2 2 2 2 2 2 2 2 2 2 2 2 2 2 2 2 2 2 2
left_child=2 -2 3 -1 5 6 -3 -8 -9 10 -10 12 13 14 16 18 26 -18 -15 -16 -20 -17 -23 24 25 -21 27 -6 -29 -30
right_child=1 4 -4 -5 11 -7 7 8 9 -11 -12 -13 -14 15 19 21 17 -19 20 23 -22 22 -24 -25 -26 -27 -28 28 29 -31
leaf_value=-0.00039180085700734154 -0.00055153547974231729 -0.00074025340285152196 0.00064282900021944743 0.00020615731267944763 -0.00077179249962103897 0.00078008067050379598 0.00063880160874263815 0.00073298530162150123 -0.00046991771307838115 -0.00061666674486457798 0.00056902817634277444 4.60472080040775e-06 -0.00082208330256229784 -0.00055512140173353446 0.00036573930836031934 -0.00011905608056434271 0.00055124008504208182 -0.0013698940424103805 -0.00014509931834591383 -0.0012531968532130122 0.0012678932276850737 0.0015759205073118212 0.00055139984830193927 -0.00038324388275368814 -0.0019952513799185198 1.6790959939715408e-05 -0.00090718046093570589 2.7217016697065663e-05 0.00048579349046072378 0.0018035158765717194
leaf_weight=23 39 25 31 38 44 36 22 23 29 29 38 10014 62 48 26 29 26 39 27 32 22 35 63 94 23 21 20 434 78 26
leaf_count=23 39 25 31 38 44 36 22 23 29 29 38 10014 62 48 26 29 26 39 27 32 22 35 63 94 23 21 20 434 78 26
internal_value=5.58357e-13 -1.64418e-06 0.000203807 -1.93023e-05 2.42819e-07 0.00015149 1.51692e-05 0.000149109 5.8578e-05 -0.000102999 0.000119335 -2.49407e-06 -6.43629e-05 -2.11443e-05 -0.000123704 0.000373986 8.09503e-06 -0.00060144 -2.75243e-05 -0.000572225 0.000489305 0.000680652 0.0009173 -0.000715679 -0.00112685 -0.000749994 7.39087e-05 0.000107623 0.000179546 0.000815224
internal_weight=11496 11404 92 61 11365 202 166 141 119 96 67 11163 1149 1087 863 224 667 65 97 196 49 127 98 170 76 53 602 582 538 104
internal_count=11496 11404 92 61 11365 202 166 141 119 96 67 11163 1149 1087 863 224 667 65 97 196 49 127 98 170 76 53 602 582 538 104
is_linear=0
shrinkage=0.05


Tree=188
num_leaves=31
num_cat=0
split_feature=0 0 5 1 4 5 5 1 5 4 2 6 6 1 0 6 2 2 4 1 2 5 0 4 5 1 4 5 1 4
split_gain=0.00154116 0.0131282 0.010276 0.00902135 0.0113098 0.0124728 0.00991676 0.016904 0.0125099 0.0100452 0.0180364 0.035485 0.0229416 0.0227648 0.0201357 0.017002 0.019708 0.0185281 0.0184933 0.0138978 0.0125114 0.00814854 0.00807059 0.00788397 0.00754034 0.00714256 0.00740398 0.00664581 0.00597206 0.00635664
threshold=0.79424564334901782 0.79624360778455883 1.3867398117720777 7.1619990892971561 2.2548752784492918 1.1403752458480974 1.1509063515741236 5.4908758716411441 0.4672461783120952 0.091455068012205612 -1.2165334094558513 -4.0234189360403336 -4.5427338062014195 -2.0599388952922069 0.83061924581470647 3.4285312392930387 6.8149265859313575 -0.37085592453497923 0.67117831059377719 -0.13632689208608048 -2.008574325735307 1.1827721667657951 0.81408278570150616 0.27006517596052709 0.87472760007651484 -10.158473793392979 0.23225568498381119 2.0992692906670389 1.1032190485686491 0.13162689550699128
decision_type=2 2 2 2 2 2 2 2 2 2 2 2 2 2 2 2 2 2 2 2 2 2 2 2 2 2 2 2 2 2
left_child=27 2 -2 6 5 22 7 8 23 -10 12 -12 19 24 15 17 -17 -15 -19 20 25 -8 -5 28 -13 -11 -27 -1 29 -3
right_child=1 3 -4 4 -6 -7 21 -9 9 10 11 13 -14 14 -16 16 -18 18 -20 -21 -22 -23 -24 -25 -26 26 -28 -29 -30 -31
leaf_value=-6.0830102827015363e-06 0.00094363170225475576 -1.7473119011461192e-05 -0.00028127113328873355 -0.0006749760700743004 0.00043722087766268644 5.0359849006377366e-06 -0.00097453417105565748 0.0012435398542562106 0.00091901631416880679 0.000469207839196315 0.002391603857342323 -0.0014190428978985265 -0.0015185844056153051 -0.00021869786869501697 0.0014265192205710536 -0.0016834324624921595 0.00035887318447715155 0.0021389584013916277 0.00036212616014381639 -0.0011854538135230542 0.00097421460377518094 -8.4965840124341565e-05 -0.0019620366666155561 -0.00079451676607797189 -0.00010859976812397413 0.00029029470998256538 -0.00078331302718738928 -0.0008570264741454436 0.00067791870996314124 -0.00080629891448619749
leaf_weight=9583 67 472 23 29 29 36 27 33 54 40 22 21 27 40 47 21 27 27 32 20 40 553 21 35 23 26 42 23 29 27
leaf_count=9583 67 472 23 29 29 36 27 33 54 40 22 21 27 40 47 21 27 27 32 20 40 553 21 35 23 26 42 23 29 27
internal_value=-2.36472e-13 4.12725e-05 0.000630601 1.18061e-05 -0.000416664 -0.000704602 4.10489e-05 0.000128928 9.46167e-05 0.000274253 0.000197732 0.00047036 -0.000165771 0.000292766 0.000525649 0.000237616 -0.000534636 0.00061204 0.00117525 5.16449e-05 0.00021882 -0.000126377 -0.00121554 -6.77901e-05 -0.000734039 -6.09553e-05 -0.000372816 -8.12046e-06 -1.96169e-05 -6.01551e-05
internal_weight=11496 1890 90 1800 115 86 1685 1105 1072 509 455 260 195 238 194 147 48 99 59 168 148 580 50 563 44 108 68 9606 528 499
internal_count=11496 1890 90 1800 115 86 1685 1105 1072 509 455 260 195 238 194 147 48 99 59 168 148 580 50 563 44 108 68 9606 528 499
is_linear=0
shrinkage=0.05


Tree=189
num_leaves=31
num_cat=0
split_feature=2 5 2 4 5 2 6 1 3 6 1 4 4 1 4 1 4 2 2 3 6 1 4 1 4 3 1 3 3 6
split_gain=0.00146742 0.00356482 0.00210662 0.00360536 0.00693372 0.0022488 0.00520283 0.00457517 0.00325369 0.0029192 0.00650999 0.00592284 0.00958952 0.00273908 0.00787333 0.0181765 0.0144767 0.0181593 0.0157689 0.0152663 0.0139527 0.0256587 0.0147854 0.0191706 0.0112044 0.0216165 0.0202716 0.0131963 0.00851599 0.00848335
threshold=-4.0778821232618814 0.70262474737725733 -3.9533034671757776 -0.022696147651931047 0.28837402515815747 -3.8551145659415904 -12.345472868815905 -7.2174310914492166 0.08369139020916401 -13.924238603290497 -9.4489792947946984 0.62199215924589579 0.37037846449690448 -6.6036533644670872 0.96138007902877864 -8.636905888255523 0.71168017595450961 -2.3073331753732167 -2.4997444364651678 0.18464230881975094 -8.3185803314207067 -9.7316769955321227 0.28172998214585854 -7.9252635648271612 0.45884624049025874 0.11696682187119188 -8.636905888255523 0.21847320376086932 0.1414163964131481 -7.4136259502948105
decision_type=2 2 2 2 2 2 2 2 2 2 2 2 2 2 2 2 2 2 2 2 2 2 2 2 2 2 2 2 2 2
left_child=1 -1 3 4 -2 6 -4 -8 -9 10 11 12 -7 14 16 -16 18 -18 19 20 22 -22 -11 28 25 -20 -27 -26 -24 -19
right_child=2 -3 5 -5 -6 9 7 8 -10 13 -12 -13 -14 -15 15 -17 17 29 24 -21 21 -23 23 -25 27 26 -28 -29 -30 -31
leaf_value=0.00017789424515409668 -0.00010003059913728837 -0.00070325722711762255 -0.00096085389959625904 -7.5531741962409947e-05 0.00087907047913176944 -1.9466542231384667e-05 0.00059342102031223476 5.5784062865784335e-05 -0.00074055255327434486 2.9208186085818767e-06 0.00081023850358698322 -0.00055099035628813908 0.0010274076421670285 5.5524890411583132e-06 0.00041283668357540264 -0.0014793077246091949 -0.00035764606916590595 0.00021390182907149815 8.7408678761372968e-05 -0.0012596686527578404 0.00050021768681919924 -0.0016000268028371714 -9.4503066191401589e-06 0.0019805312918668443 -0.00044989623446391695 -0.0008059281975076331 -0.0027162587281227822 0.00070141449787115568 0.001110438549949322 0.0010794701384957475
leaf_weight=22 33 24 20 65 40 100 20 29 23 413 35 32 28 9957 22 30 58 48 36 23 26 33 58 22 112 41 21 32 24 69
leaf_count=22 33 24 20 65 40 100 20 29 23 413 35 32 28 9957 22 30 58 48 36 23 26 33 58 22 112 41 21 32 24 69
internal_value=-2.94328e-13 -0.000281837 1.13227e-06 0.000195306 0.000436463 -1.23654e-06 -0.000247431 -4.92576e-05 -0.000296442 7.82164e-07 0.000192551 5.74317e-05 0.000209537 -2.60966e-06 -7.87057e-05 -0.000678785 -4.7993e-05 0.000365756 -0.000134088 3.5272e-06 5.39673e-05 -0.000674495 0.000137099 0.000669943 -0.000474714 -0.00088712 -0.00145298 -0.000194049 0.000318322 0.000724365
internal_weight=11496 46 11450 138 73 11312 92 72 52 11220 195 160 128 11025 1068 52 1016 175 841 599 576 59 517 104 242 98 62 144 82 117
internal_count=11496 46 11450 138 73 11312 92 72 52 11220 195 160 128 11025 1068 52 1016 175 841 599 576 59 517 104 242 98 62 144 82 117
is_linear=0
shrinkage=0.05


Tree=190
num_leaves=31
num_cat=0
split_feature=6 1 0 5 3 6 1 5 4 5 0 3 5 1 1 1 6 3 3 4 6 0 5 1 1 5 6 6 4 1
split_gain=0.00147659 0.00434032 0.0035946 0.00234591 0.00276775 0.0017029 0.0055324 0.00516554 0.0209084 0.00927085 0.00769957 0.00504965 0.00469833 0.00884147 0.0041555 0.00299599 0.00710874 0.0235811 0.0177983 0.00835564 0.0071237 0.0102829 0.00611478 0.00505842 0.00425346 0.0115155 0.0127425 0.00826305 0.0123074 0.00783309
threshold=-16.731352277925691 -13.376818390780587 0.8045422603626935 1.5625918901124045 0.15420827790992855 -11.832597164209599 -7.377739911321445 1.5135938169288841 0.33992831543245389 1.1300901976897524 0.68367624457921272 0.21998615606190508 0.956471183188219 -9.7316769955321227 -8.636905888255523 -8.7876883559467913 -7.7027895630494507 0.17596427431355419 0.2213617118221072 0.420417807995976 -10.179135901836103 0.78380708549233569 1.3545594759052471 -9.7316769955321227 -7.9252635648271612 0.67591747704908656 -10.371447684052635 -9.8975354348962821 0.35868929936904176 -8.3369825491094378
decision_type=2 2 2 2 2 2 2 2 2 2 2 2 2 2 2 2 2 2 2 2 2 2 2 2 2 2 2 2 2 2
left_child=2 -2 3 4 -1 6 7 8 9 10 -3 -9 14 -14 -12 16 18 -18 19 20 23 -22 -21 -7 25 26 -17 -27 -29 -28
right_child=1 5 -4 -5 -6 15 -8 11 -10 -11 12 -13 13 -15 -16 24 17 -19 -20 22 21 -23 -24 -25 -26 27 29 28 -30 -31
leaf_value=-0.00016607951785607095 -0.00052817748390878436 -0.00081135719083249571 0.00079250602633692321 -0.00035653846489731226 0.00060287555749528117 -0.00030941553750002035 0.00080792877661923959 1.7378628791238253e-05 0.0015433734670902291 -0.001031130717437918 -4.3275526853443788e-05 -0.0010393853624555049 -0.00012279323443932378 0.0012112548497195045 0.0005961576129387444 -0.0011051454235954832 0.0012814690645344936 -0.00030997038943093652 0.001032330396230377 -0.0016777595462785526 -0.0014623124040663244 5.8759391249623158e-05 -0.00056383710845174008 0.00052696325427828493 -3.8037387778459878e-06 0.00096916026086546481 -0.00040624332085945238 -0.0009228233993053437 0.00044060096851884127 0.0009293966072229003
leaf_weight=22 39 22 20 25 25 48 26 26 24 20 166 20 23 27 30 30 33 79 21 22 25 20 28 29 10435 51 23 20 96 21
leaf_count=22 39 22 20 25 25 48 26 26 24 20 166 20 23 27 30 30 33 79 21 22 25 20 28 29 10435 51 23 20 96 21
internal_value=6.74409e-13 -1.6095e-06 0.000199509 3.47872e-05 0.000242939 1.9746e-07 0.000103696 5.2551e-05 0.000125478 7.31998e-06 8.48163e-05 -0.000442084 0.000164962 0.000597593 5.45969e-05 -3.42184e-06 -0.000157938 0.000158936 -0.000341823 -0.000509598 -0.000286497 -0.00078628 -0.00105396 5.58427e-06 9.92483e-07 0.000208663 -0.000310549 0.000438733 0.000205528 0.000231221
internal_weight=11496 11404 92 72 47 11365 384 358 312 288 268 46 246 50 196 10981 305 112 193 172 122 45 50 77 10676 241 74 167 116 44
internal_count=11496 11404 92 72 47 11365 384 358 312 288 268 46 246 50 196 10981 305 112 193 172 122 45 50 77 10676 241 74 167 116 44
is_linear=0
shrinkage=0.05


Tree=191
num_leaves=31
num_cat=0
split_feature=0 1 1 5 2 4 5 3 1 6 4 2 4 5 2 0 5 4 6 4 5 3 2 5 0 3 5 6 2 6
split_gain=0.00143297 0.0134663 0.0202643 0.0201941 0.016094 0.0125156 0.00907662 0.0258831 0.0148986 0.0279546 0.0170846 0.0377075 0.0342352 0.0211757 0.0164254 0.0144206 0.013371 0.0141939 0.0426956 0.0108321 0.00867628 0.00836829 0.00823723 0.00706408 0.00668097 0.0148495 0.00612601 0.0106434 0.00975648 0.010114
threshold=0.79219863137472568 14.091820617890763 7.5678608408403241 1.3867398117720777 23.84683517010825 1.4888640281703955 1.1509063515741236 0.10200126935642487 -2.4583718151398313 -4.3941379358448502 0.24005738275452584 2.3553606142569765 0.45884624049025874 0.57743024819706423 -1.5062738571677288 0.80786558595759894 0.56497742314326815 0.58417067380257326 -4.5427338062014195 0.63785984842305909 1.1763541021879182 0.12257375534213759 7.2048373539553419 2.0992692906670389 0.7900422786588055 0.1517766585097963 1.9945432096172035 -5.2858941762699478 -1.6957158584984164 -11.542485110244892
decision_type=2 2 2 2 2 2 2 2 2 2 2 2 2 2 2 2 2 2 2 2 2 2 2 2 2 2 2 2 2 2
left_child=23 2 6 4 5 -4 7 16 9 14 13 12 -12 -10 21 -13 -2 18 -18 -11 -8 -9 -17 24 -1 -26 27 28 29 -22
right_child=1 -3 3 -5 -6 -7 20 8 10 19 11 15 -14 -15 -16 22 17 -19 -20 -21 26 -23 -24 -25 25 -27 -28 -29 -30 -31
leaf_value=-1.9234981784904874e-06 8.5466705736507734e-06 0.0011691110745932047 -0.0008912953967228532 0.00039791149272410808 -0.00013396974207590455 -0.0026389821643187181 -0.0009523513425457558 -0.00022708201906211534 0.00045669537320795902 -0.0017843950063582848 0.00087333672064622602 0.0005775426367174341 0.002681989206528095 -0.0013451480253768916 0.001719870591768995 -0.0012602389934250997 -7.953980695330413e-05 0.00032365020457655191 -0.0029022413941025404 -0.00032370990100995798 -0.00064325776168819477 0.00047973563297600442 0.00015760294962092303 -0.00092407989404386006 8.9622394026028578e-05 -0.001221365422760654 0.00069868013502295638 3.0456676682179441e-05 -0.00090327199975049483 0.00055925790494417446
leaf_weight=9405 550 26 20 29 23 21 28 68 63 22 84 83 38 22 20 21 37 25 21 30 36 109 20 21 54 36 26 457 67 34
leaf_count=9405 550 26 20 29 23 21 28 68 63 22 84 83 38 22 20 21 37 25 21 30 36 109 20 21 54 36 26 457 67 34
internal_value=-8.09752e-13 3.86999e-05 2.36586e-05 -0.000696628 -0.00119259 -0.00178645 5.96535e-05 0.000140361 0.000381649 8.9474e-05 0.000601443 0.000812597 0.00143669 -9.66409e-06 0.00036166 0.000198573 -8.07237e-05 -0.000672275 -0.00110155 -0.000941692 -9.14247e-05 0.00020819 -0.000568609 -8.0523e-06 -6.02633e-06 -0.000434773 -5.25441e-05 -8.5426e-05 -0.000471983 -5.91787e-05
internal_weight=11496 1980 1954 93 64 41 1861 1213 580 249 331 246 122 85 197 124 633 83 58 52 648 177 41 9516 9495 90 620 594 137 70
internal_count=11496 1980 1954 93 64 41 1861 1213 580 249 331 246 122 85 197 124 633 83 58 52 648 177 41 9516 9495 90 620 594 137 70
is_linear=0
shrinkage=0.05


Tree=192
num_leaves=31
num_cat=0
split_feature=6 2 5 1 3 4 5 4 1 2 6 0 2 0 0 4 2 1 3 3 0 1 0 0 4 1 1 2 0 2
split_gain=0.00147529 0.00796845 0.0167451 0.0199215 0.0299895 0.0422553 0.0164716 0.0122589 0.00913576 0.00639897 0.00605521 0.00601718 0.00573594 0.0232062 0.0241594 0.0139766 0.0120944 0.0510607 0.0204211 0.00962056 0.00649614 0.00613447 0.0059936 0.00549554 0.00978695 0.0052388 0.0135863 0.0158025 0.00806207 0.00951655
threshold=-2.8647982552747169 1.0000000180025095e-35 0.62900615938043425 -0.8216247582310986 0.12519078714532708 0.68322729571133223 0.57743024819706423 0.304129856836658 0.84171963927291993 -0.76945399926153613 -1.2124143325505339 0.61173341841260964 0.3586554600596028 0.77396890791042927 0.75370808198150085 0.67117831059377719 0.58322183354084534 1.6234677480219897 0.16186246721924197 0.17265808544673469 0.72907355014396913 -1.0777218783385498 0.78200870364563313 0.69932249230444488 0.63785984842305909 -3.3739585404041756 -2.804405432755019 -1.6014938835432833 0.84210881744846289 -1.8844894891708901
decision_type=2 2 2 2 2 2 2 2 2 2 2 2 2 2 2 2 2 2 2 2 2 2 2 2 2 2 2 2 2 2
left_child=25 2 6 23 8 -6 7 9 -5 -2 -11 -3 13 14 15 20 17 18 21 22 -13 -14 -15 -4 -25 -1 27 -27 29 -28
right_child=1 11 3 4 5 -7 -8 -9 -10 10 -12 12 16 19 -16 -17 -18 -19 -20 -21 -22 -23 -24 24 -26 26 28 -29 -30 -31
leaf_value=-3.1036121101083773e-06 -0.0001116402205196311 0.00079273233835313792 0.00071472207782790069 -0.0027831014711409809 0.000760127981162181 -0.0020362937272610992 0.0013520870310631359 -0.0011132704443298281 -0.001306576856877655 0.0011338427671164807 0.00011259658107945221 0.00042842708420115136 0.0013590683886170818 -0.00028959445801404027 0.0022339237084531265 0.0013691098732954783 8.1236310246614333e-07 -0.0027449728361153532 -0.000765364280858532 0.00029894139216695396 -0.00076105936790223832 0.00016433279334229331 -0.0014158654197845386 -0.0011436011554906145 0.00021681675615792094 0.00028903253410738874 -0.00011493530707227505 0.0015049115101075069 -0.00095247285906225438 0.0003376410672196719
leaf_weight=2606 286 24 20 22 35 22 21 27 20 21 47 24 22 27 23 23 7356 21 43 36 22 21 21 20 39 113 281 35 20 198
leaf_count=2606 286 24 20 22 35 22 21 27 20 21 47 24 22 27 23 23 7356 21 43 36 22 21 21 20 39 113 281 35 20 198
internal_value=-3.54856e-14 -1.12521e-05 -0.000189942 -0.000593682 -0.0010662 -0.000319193 -1.11712e-05 -8.63115e-05 -0.00207999 -7.98408e-06 0.000427981 2.27262e-06 -2.10823e-07 0.000281923 0.00083053 0.000362731 -6.86438e-06 -0.000534622 5.11429e-06 -0.000318933 -0.000140458 0.000775593 -0.000782338 -1.54086e-06 -0.000244342 2.85125e-05 0.000155857 0.000576571 3.10755e-05 7.21422e-05
internal_weight=11496 8243 580 178 99 57 402 381 42 354 68 7663 7639 176 92 69 7463 107 86 84 46 43 48 79 59 3253 647 148 499 479
internal_count=11496 8243 580 178 99 57 402 381 42 354 68 7663 7639 176 92 69 7463 107 86 84 46 43 48 79 59 3253 647 148 499 479
is_linear=0
shrinkage=0.05


Tree=193
num_leaves=31
num_cat=0
split_feature=1 3 6 4 5 6 1 5 3 4 6 1 3 5 5 4 3 0 1 0 1 6 4 0 1 1 5 3 0 5
split_gain=0.00146081 0.0022572 0.00156103 0.00198514 0.00741878 0.00566976 0.00393053 0.00464186 0.00439575 0.00411557 0.00375601 0.00873418 0.00934539 0.00721569 0.0124161 0.013249 0.0243076 0.0145207 0.0105974 0.00936336 0.00953209 0.00877366 0.00776628 0.0118758 0.011196 0.00760234 0.00727599 0.00601035 0.00587435 0.0051374
threshold=31.022699478813923 0.26768244066807728 48.475345436014223 2.5863319756327132 0.83297150113264251 40.849447649465411 25.151941537787049 1.0954011419454972 0.23109929288116324 2.6264536017809896 29.082027869420475 16.628345199773779 0.25317609236450539 1.0954011419454972 1.0045477612967806 2.2918937972104483 0.24995396247014587 0.73208468741278787 20.73830870723306 0.76346651678835897 18.129357768820558 33.019895120239461 2.5015912564931599 0.7263350362011366 23.742394834092266 21.752192015745354 0.76733154353184874 0.25655817950047627 0.70685463754344735 1.0582644706873789
decision_type=2 2 2 2 2 2 2 2 2 2 2 2 2 2 2 2 2 2 2 2 2 2 2 2 2 2 2 2 2 2
left_child=2 -2 3 10 -5 6 7 9 -9 -6 11 -1 29 14 15 16 17 25 19 20 -15 -17 23 26 -24 28 27 -23 -12 -13
right_child=1 -3 -4 4 5 -7 -8 8 -10 -11 13 12 -14 18 -16 21 -18 -19 -20 -21 -22 22 24 -25 -26 -27 -28 -29 -30 -31
leaf_value=3.0557383040613458e-06 -0.00067984710913151505 3.9371071367592479e-05 0.00041261008768544901 -0.00077127774532597803 -0.0001638644126545002 0.00061533440719358629 -0.00067106030390797454 0.00023839487629528675 -0.0004269079680307186 0.00066168448619363424 7.9463753009852221e-05 1.5408340105651486e-05 -0.0013316007727380134 0.00065546937057661128 -0.00052807849790986424 -0.00095097515329073835 0.0018200445651269425 0.0012956040586286691 -0.00036450503609591618 -0.00010478635522304103 0.0019923560952884146 -0.0010034661695715926 0.0010788664494508079 -0.001170835554599762 -0.00027626538358163091 0.00058943259209627292 0.00051435451225742058 4.112226581980849e-05 -0.00083999513296930675 -0.00053735330697640574
leaf_weight=10396 20 24 23 39 26 30 28 36 80 36 38 101 21 40 79 26 29 25 27 22 20 21 35 25 27 32 46 40 32 72
leaf_count=10396 20 24 23 39 26 30 28 36 80 36 38 101 21 40 79 26 29 25 27 22 20 21 35 25 27 32 46 40 32 72
internal_value=-3.11579e-13 -0.000287546 1.10479e-06 2.76665e-07 -0.000132435 -2.6864e-05 -0.000120388 -3.37655e-05 -0.000220435 0.000315487 3.54866e-06 -3.14725e-06 -0.000335551 0.000129275 4.1741e-05 0.000161464 0.00051393 0.000215683 0.000494669 0.000777568 0.0011011 -8.84667e-05 2.71272e-05 -0.000189685 0.000488728 -4.90037e-05 3.95552e-05 -0.00031849 -0.00034086 -0.000214643
internal_weight=11496 44 11452 11429 275 236 206 178 116 62 11154 10590 194 564 455 376 156 127 109 82 60 220 194 132 62 102 107 61 70 173
internal_count=11496 44 11452 11429 275 236 206 178 116 62 11154 10590 194 564 455 376 156 127 109 82 60 220 194 132 62 102 107 61 70 173
is_linear=0
shrinkage=0.05


Tree=194
num_leaves=31
num_cat=0
split_feature=6 0 1 2 0 0 3 0 2 3 0 2 5 1 3 0 3 1 3 5 3 1 2 2 3 0 5 5 1 3
split_gain=0.00146313 0.00735303 0.00456675 0.00320244 0.00205989 0.00536309 0.0091782 0.00398591 0.0043329 0.00994129 0.0232779 0.00922211 0.00891017 0.00833047 0.00893013 0.00633422 0.00770458 0.00546306 0.00517813 0.0102922 0.00885374 0.00813387 0.00762644 0.00597179 0.00280857 0.00277952 0.00648855 0.014762 0.00761611 0.0084174
threshold=44.590586333132194 0.69692855699319212 29.24857398931643 44.80432098362953 0.67124621226604397 0.67319060109905549 0.097185814663782524 0.66863719225871232 23.234804363787493 0.14389985422035481 0.65826204313371062 8.2418553387845268 1.0168023613842128 16.975896656698101 0.14316195246993216 0.65290205563768466 0.1917452523148018 19.059872091228659 0.089559984439443852 0.67591747704908656 0.092330020207995814 0.71839096937593727 -2.9754157257631468 6.6669840532375106 0.11288945147164164 0.70357233266669306 1.1300901976897524 1.1463448927070827 13.193833089379805 0.24659523319887847
decision_type=2 2 2 2 2 2 2 2 2 2 2 2 2 2 2 2 2 2 2 2 2 2 2 2 2 2 2 2 2 2
left_child=2 -2 4 -3 7 6 -6 8 9 12 11 -11 18 14 -10 17 -17 -15 19 -1 -20 22 -22 -23 -9 26 -7 -28 29 -29
right_child=1 3 -4 -5 5 25 -8 24 13 10 -12 -13 -14 15 -16 16 -18 -19 20 -21 21 23 -24 -25 -26 -27 27 28 -30 -31
leaf_value=-4.9041001525915923e-06 0.0010460898868041113 0.00025601766239374113 -0.00065107238867009691 -0.00043111764563946053 -0.00022637674833060289 0.00011279451121400433 0.0011915313443168999 -0.00010743276149944657 -4.8652116362538197e-05 0.0017218025916788196 -0.00075683689641300588 0.00047927314080880028 -0.0010041799135554661 0.00011864213633089095 -0.0013679343075009771 -0.00021441773192405148 0.0010037141432985665 -0.0010500174312619492 0.0012187506355985534 -0.00088651893505205725 -0.00012408382751718158 -0.0010955924075096847 0.00098500153154975961 0.00011163619790403616 -0.00066619748844380449 -7.3424683970498115e-06 -0.0014647684316150846 0.00023089486306575552 -0.00069409086360023003 -0.00054743533533341683
leaf_weight=219 20 39 27 30 21 1265 25 44 23 28 25 32 24 20 29 27 25 20 20 39 31 20 31 21 46 9077 20 165 39 44
leaf_count=219 20 39 27 30 21 1265 25 44 23 28 25 32 24 20 29 27 25 20 20 39 31 20 31 21 46 9077 20 165 39 44
internal_value=-8.51035e-13 0.000201943 -1.57561e-06 -4.27368e-05 -3.46232e-08 5.51027e-06 0.000544225 -8.16456e-05 -3.74437e-05 3.34157e-05 0.000525015 0.00105912 -6.97595e-05 -0.000278563 -0.000784406 7.34858e-06 0.000371223 -0.000465688 -1.08983e-05 -0.000138171 0.000256065 6.91355e-05 0.000430459 -0.000477256 -0.000393024 3.17465e-06 6.54473e-05 -0.000158039 -5.26574e-05 6.70359e-05
internal_weight=11496 89 11407 69 11380 10656 46 724 634 490 85 60 405 144 52 92 52 40 381 258 123 103 62 41 90 10610 1533 268 248 209
internal_count=11496 89 11407 69 11380 10656 46 724 634 490 85 60 405 144 52 92 52 40 381 258 123 103 62 41 90 10610 1533 268 248 209
is_linear=0
shrinkage=0.05


Tree=195
num_leaves=31
num_cat=0
split_feature=2 6 6 6 5 6 4 5 3 3 5 5 5 2 3 5 3 2 1 1 4 4 3 4 2 3 6 5 3 6
split_gain=0.0014852 0.0112198 0.0300738 0.01309 0.00841618 0.0156087 0.0139836 0.0140205 0.0178332 0.0107641 0.021909 0.00861178 0.0226957 0.00996286 0.0150968 0.0103368 0.00938614 0.00774568 0.00655812 0.018952 0.00644776 0.00635738 0.00620863 0.00616513 0.0180593 0.0134488 0.0180195 0.0112649 0.0164005 0.015682
threshold=12.089759173637484 16.107486771313642 17.827325059821757 8.0300947511023697 0.87045901877793297 9.3764206129078875 1.1969491141507511 0.95368354306514758 0.16502113291294015 0.1406931829883977 1.1983575341147341 1.2659162644672317 1.4408232537173438 9.3630596739039991 0.18605005104068253 1.049747613807811 0.18803065479776199 11.216881273896602 8.2542519724255978 9.8571545303199581 1.5678229588054495 1.3359871338206954 0.13038447852173088 1.8155794690418863 14.183439367912575 0.25317609236450539 24.666723263584373 0.77113341922442957 0.12068053106478256 10.744869547351355
decision_type=2 2 2 2 2 2 2 2 2 2 2 2 2 2 2 2 2 2 2 2 2 2 2 2 2 2 2 2 2 2
left_child=1 3 -3 18 5 -5 7 -6 -9 10 22 13 16 15 21 -11 -13 -16 20 -20 -1 -15 -8 25 -25 26 27 28 -2 -29
right_child=23 2 -4 4 6 -7 9 8 -10 11 -12 12 -14 14 17 -17 -18 -19 19 -21 -22 -23 -24 24 -26 -27 -28 29 -30 -31
leaf_value=-5.0128349072840519e-06 2.1589839387427084e-05 0.002151712469778778 -0.00046536690130343904 0.00083332805402783889 -0.0016311861155397336 -0.00065419555497195185 -0.00076917407583096072 0.00032919796238489014 -0.0015523984143510463 -0.0012178672078464712 0.00054311428130382586 -0.0016991062956894266 0.00020791322987795603 0.00061251026705750038 -0.00044371901542315475 6.3056114537637716e-05 -0.000540463539461846 0.00072961315454449509 0.0016603997337039222 -0.00035177095420658587 0.0008940132334828377 0.0018581039956188762 -0.0019619903772157463 -0.0014954455540559831 -2.1003319189345069e-05 -0.00095880334993125871 0.0013237874026738913 0.0005350372347031505 -0.00075948977499973736 8.1327798804568894e-05
leaf_weight=7078 732 21 23 45 37 29 20 34 20 21 21 29 83 21 39 63 44 22 22 25 20 20 24 21 1876 30 30 260 74 712
leaf_count=7078 732 21 23 45 37 29 20 34 20 21 21 29 83 21 39 63 44 22 22 25 20 20 24 21 1876 30 30 260 74 712
internal_value=-2.26928e-13 -1.24674e-05 0.000783694 -1.70069e-05 -0.000247161 0.00025038 -0.000321093 -0.000881419 -0.00036769 -0.000195811 -0.000785628 -8.37109e-05 -0.000357677 0.000146068 0.000478149 -0.000257175 -0.00100075 -2.055e-05 1.41833e-06 0.000590096 -2.47965e-06 0.00122012 -0.0014198 2.59062e-05 -3.73256e-05 9.11676e-05 0.00010859 8.80858e-05 -5.01222e-05 0.00020269
internal_weight=11496 7761 44 7717 572 74 498 91 54 407 65 342 156 186 102 84 73 61 7145 47 7098 41 44 3735 1897 1838 1808 1778 806 972
internal_count=11496 7761 44 7717 572 74 498 91 54 407 65 342 156 186 102 84 73 61 7145 47 7098 41 44 3735 1897 1838 1808 1778 806 972
is_linear=0
shrinkage=0.05


Tree=196
num_leaves=31
num_cat=0
split_feature=5 3 4 0 3 4 1 6 4 2 2 1 3 0 4 6 4 3 0 3 4 6 0 5 2 2 3 2 2 6
split_gain=0.00144353 0.00921629 0.0229808 0.0219145 0.0198399 0.0228182 0.0187354 0.0161668 0.015384 0.0149442 0.0353864 0.0149124 0.0125319 0.0200219 0.0124243 0.015228 0.0118754 0.0115706 0.0100132 0.0111252 0.0145914 0.00996217 0.00939587 0.00900282 0.00867608 0.0114041 0.0209938 0.0125759 0.0102745 0.0135453
threshold=0.82843390629863889 0.12068053106478256 0.96138007902877864 0.79424564334901782 0.12736430867555323 0.12735603467380779 2.3262146815707379 5.7591581097322857 -0.18395108453835979 2.3553606142569765 0.58322183354084534 0.57888422980743048 0.14004229618183839 0.81794931663302306 1.3683149542958744 11.351041138571873 0.8841799529827824 0.13917633330200294 0.7484084752932213 0.21449912322762435 0.021279612345060265 8.2449237460295137 0.77645749886041981 0.5945166880706757 32.553190804964508 23.583513377571464 0.24995396247014587 11.216881273896602 54.019174124039118 38.698213648142321
decision_type=2 2 2 2 2 2 2 2 2 2 2 2 2 2 2 2 2 2 2 2 2 2 2 2 2 2 2 2 2 2
left_child=1 2 21 4 5 -3 8 -8 -6 10 11 -5 -13 -14 15 -4 -7 -9 -10 20 -20 -1 -22 -17 25 27 -27 -19 29 -26
right_child=-2 3 14 9 6 16 7 17 18 -11 -12 12 13 -15 -16 23 -18 24 19 -21 22 -23 -24 -25 28 26 -28 -29 -30 -31
leaf_value=7.9590602061472114e-06 1.534172857687645e-05 0.00026686743232723391 0.00020992909738761856 0.00057703262050031649 0.00064958208258758532 -0.0023164891712367532 0.00090712511235627375 0.00057852721906134069 -0.00023022172576763823 -0.00074026932031096481 0.0019980989126188141 0.00050627669770619832 0.00032008130597205309 -0.0016035317972813165 -8.8554629943054794e-06 0.00088850941618147774 -0.00090583977556938462 -0.0008188222257966369 -8.1366545258111563e-05 6.704510172287858e-05 -0.0016665177707741699 -0.00074918281554180958 -0.00081324544926995748 0.0023117573303170504 0.00010440434479956605 -0.0014362126292291819 -0.00012111229843355086 0.00043330192207716986 -0.00041910299472004665 0.0014074543743239096
leaf_weight=3444 6570 27 29 104 32 25 48 63 197 31 31 30 24 31 38 20 37 29 43 37 52 44 85 25 118 53 71 65 69 24
leaf_count=3444 6570 27 29 104 32 25 48 63 197 31 31 30 24 31 38 20 37 29 43 37 52 44 85 25 118 53 71 65 69 24
internal_value=5.19298e-13 -2.04619e-05 2.10451e-05 -0.000133151 -0.00023137 -0.000946324 -0.000166835 3.12412e-05 -0.000406659 0.000287509 0.000432333 0.000175514 -0.000315756 -0.000764137 0.000726032 0.00110341 -0.00147465 -5.42108e-05 -0.000488301 -0.000722594 -0.000884909 -1.59204e-06 -0.00113712 0.0016792 -0.00014713 -0.000368346 -0.000683212 4.70083e-05 8.14242e-05 0.000324638
internal_weight=11496 4926 3600 1326 1075 89 986 540 446 251 220 189 85 55 112 74 62 492 414 217 180 3488 137 45 429 218 124 94 211 142
internal_count=11496 4926 3600 1326 1075 89 986 540 446 251 220 189 85 55 112 74 62 492 414 217 180 3488 137 45 429 218 124 94 211 142
is_linear=0
shrinkage=0.05


Tree=197
num_leaves=31
num_cat=0
split_feature=6 1 4 0 5 2 0 5 4 0 0 5 6 5 4 0 6 2 6 5 0 4 5 0 2 0 6 1 1 1
split_gain=0.0014424 0.00453733 0.00445778 0.00340335 0.00723761 0.00670737 0.00380784 0.00203498 0.00179575 0.00819657 0.00772311 0.0102915 0.0130988 0.0111174 0.00831661 0.0132069 0.00815579 0.00739025 0.00633562 0.0081105 0.00622666 0.00545321 0.00540775 0.0152268 0.00479987 0.0135388 0.00870739 0.01149 0.00434743 0.0113973
threshold=42.01367201014893 27.538023022653359 2.4531815844234073 0.68639237868873326 0.6962689332955575 44.125772477800489 0.72307029192230854 0.44172915043992284 2.2918937972104483 0.67890651129009771 0.68550861728276935 1.1558303738457092 29.858547158712678 1.165518488112564 2.4011669387515977 0.73448319781880278 27.010250083209609 37.660102896243771 34.54153550409557 1.3441135311835699 0.75274815390426741 2.5395356087630785 0.88304227208766994 0.72791129757673179 35.764044219326458 0.74793746077742784 31.112012552659035 22.365126338008306 19.059872091228659 22.365126338008306
decision_type=2 2 2 2 2 2 2 2 2 2 2 2 2 2 2 2 2 2 2 2 2 2 2 2 2 2 2 2 2 2
left_child=1 8 -3 -2 6 -6 7 -5 17 -10 -11 12 -12 -13 15 -15 -16 24 19 21 -17 -18 -19 -24 26 -26 27 -1 -28 -30
right_child=3 2 -4 4 5 -7 -8 -9 9 10 11 13 -14 14 16 20 18 22 -20 -21 -22 -23 23 -25 25 -27 28 -29 29 -31
leaf_value=2.6140949514088207e-08 0.00073163487938720877 -0.0010593861807137728 -5.7887229660991582e-05 -0.00018118977843021807 0.0011997254626337616 -4.9553486116399824e-05 0.00025939786270179826 -0.00084694180986844003 -0.00073838275447170342 0.00091004630681016437 -0.00093947308176435063 0.0012143176578478156 -0.00011035809325315721 0.0015118848360346064 -0.00093080268410491182 -0.00061911877477541569 0.0010229719188774814 0.00014093054479974765 -0.00040959389795633882 -0.0003529058564001591 0.00053599301629999121 0.0001274597043555011 -0.00033829409393630079 0.0013227744751635035 -0.0014274515843551074 0.00039027041464578365 0.0011269970781127498 -0.0010524009965592995 -0.00065395414247177547 0.0008502750448636054
leaf_weight=10269 22 20 25 22 21 22 23 24 44 21 57 23 290 23 26 20 34 155 55 36 28 34 22 37 21 20 22 26 20 34
leaf_count=10269 22 20 25 22 21 22 23 24 44 21 57 23 290 23 26 20 34 155 55 36 28 34 22 37 21 20 22 26 20 34
internal_value=-5.90358e-13 -1.92338e-06 -0.000502998 0.000163085 5.14056e-05 0.000560559 -0.000265893 -0.000528539 6.90554e-08 -7.80348e-05 -3.31271e-05 -6.47671e-05 -0.000246553 0.000161325 6.672e-05 0.000526743 -0.00010983 5.14809e-06 2.44176e-05 0.000253943 5.46964e-05 0.000575216 0.000296002 0.000703393 -8.29894e-07 -0.000540758 1.30462e-06 -2.63176e-06 0.000534529 0.000293153
internal_weight=11496 11362 45 134 112 43 69 46 11317 691 647 626 347 279 256 71 185 10626 159 104 48 68 214 59 10412 41 10371 10295 76 54
internal_count=11496 11362 45 134 112 43 69 46 11317 691 647 626 347 279 256 71 185 10626 159 104 48 68 214 59 10412 41 10371 10295 76 54
is_linear=0
shrinkage=0.05


Tree=198
num_leaves=31
num_cat=0
split_feature=3 1 2 5 6 6 2 4 2 3 2 2 4 2 3 3 2 6 4 3 3 6 2 4 1 5 4 3 1 4
split_gain=0.00137287 0.00675818 0.00493621 0.00492059 0.0105415 0.0111452 0.00744143 0.00355881 0.00866918 0.00705544 0.0065616 0.0167339 0.0251742 0.00649917 0.00621805 0.00604351 0.00587823 0.00982036 0.0109135 0.00722674 0.00661733 0.00834516 0.00554701 0.00519005 0.00469417 0.00466795 0.0139283 0.00485707 0.00432571 0.00429472
threshold=0.057678403221613724 3.5257471678935008 25.572578354680044 0.29849519942357194 10.744869547351355 -1.3341386710520027 -1.4358014370100138 0.039505445970282001 -3.9533034671757776 0.18708249563952956 -2.4165195405889741 -2.7441961677608186 -0.0098462046016348798 -3.781186893978044 0.088244736657737674 0.1054242427701135 -3.5343727182927149 -7.2737191996860133 -0.205839372558587 0.076762447195651409 0.086718185450694207 -9.591425843350736 -2.182673986645685 0.07083984241050062 -8.3369825491094378 0.38138189239244574 0.21169493570283957 0.06197886682266246 -8.4646592143588517 -0.18395108453835979
decision_type=2 2 2 2 2 2 2 2 2 2 2 2 2 2 2 2 2 2 2 2 2 2 2 2 2 2 2 2 2 2
left_child=1 -1 -3 4 5 6 -2 8 -5 10 11 13 -13 14 -10 -16 29 18 -18 -20 -21 24 -12 28 -22 26 -25 -27 -9 -15
right_child=3 2 -4 7 -6 -7 -8 23 9 -11 22 12 -14 16 15 -17 17 -19 19 20 21 -23 -24 25 -26 27 -28 -29 -30 -31
leaf_value=-2.6274773788138313e-05 0.00015153180235906059 -0.0011388511445450907 -7.5265091227265669e-05 0.00049235073637869653 0.0013064918998861687 -0.00073275870736859579 0.0011081052633182314 -0.00013310757893768529 4.251571352079768e-06 0.00072115522454537103 0.00079793259012928648 5.9566471754806123e-05 -0.0023914472307792912 -0.00048604495570306544 -0.0013711203448474407 -0.00028007093139670113 0.00065854155924171219 0.00049060132670482358 0.00019968627990844348 -0.0014391230574498574 -0.00057772722040467411 5.5907135413560483e-05 -0.00025002030426707204 0.00061162722426081966 -0.0015430931877926926 0.00049838896561413997 -0.00088482599888569302 4.197899903598014e-06 0.00057332422167948808 0.0002543309349152189
leaf_weight=1430 268 24 20 53 20 34 22 31 29 21 28 20 22 23 30 22 20 35 24 27 34 35 23 23 20 50 48 8856 72 132
leaf_count=1430 268 24 20 53 20 34 22 31 29 21 28 20 22 23 30 22 20 35 24 27 34 35 23 23 20 50 48 8856 72 132
internal_value=6.1567e-13 -4.50547e-05 -0.000655403 6.62649e-06 0.000192456 0.000123688 0.000224099 2.12629e-08 -0.000118126 -0.000177493 -0.000213507 -0.000271606 -0.0012243 -0.000178768 -0.000582369 -0.000909523 -8.53633e-05 -0.00026805 -0.000434005 -0.000590084 -0.000753484 -0.000545481 0.000325326 7.80229e-06 -0.00093527 3.75313e-06 -0.000400059 6.97238e-06 0.000360709 0.000144469
internal_weight=11496 1474 44 10022 344 324 290 9678 598 545 524 473 42 431 81 52 350 195 160 140 116 89 51 9080 54 8977 71 8906 103 155
internal_count=11496 1474 44 10022 344 324 290 9678 598 545 524 473 42 431 81 52 350 195 160 140 116 89 51 9080 54 8977 71 8906 103 155
is_linear=0
shrinkage=0.05


Tree=199
num_leaves=31
num_cat=0
split_feature=6 6 3 1 1 3 0 0 4 0 3 0 4 3 4 4 4 4 0 3 4 3 4 3 5 1 5 3 5 3
split_gain=0.00138403 0.00587494 0.0312317 0.0150109 0.0106981 0.00584915 0.00740551 0.0109082 0.055928 0.00838494 0.014517 0.0135207 0.0158349 0.0134523 0.0219233 0.0151707 0.0130717 0.0247128 0.0103979 0.0102065 0.00914634 0.0126476 0.0111354 0.0104753 0.00816578 0.00952146 0.00776948 0.0121618 0.0114407 0.00930247
threshold=-7.1262070701104676 -6.7925424728907782 0.11577778718823031 -4.4441665277083038 -4.6115105811999006 0.078132238362344758 0.71087792635696478 0.70484049973660612 0.17267666462342476 0.75475697140647957 0.25958686354401539 0.7469837910506828 -0.022696147651931047 0.15499319756660915 0.28172998214585854 0.29787615695266917 0.86573207726152235 0.7792090189421218 0.75817963880811956 0.11847189742058516 0.56484931728799459 0.14389985422035481 0.62961089712756557 0.2213617118221072 0.60007698336242421 -5.9204042186204999 0.88675428871836559 0.10808323224680533 1.3371625741699638 0.11448791879096228
decision_type=2 2 2 2 2 2 2 2 2 2 2 2 2 2 2 2 2 2 2 2 2 2 2 2 2 2 2 2 2 2
left_child=5 2 3 -2 -4 -1 7 26 -9 10 11 13 -13 14 -8 -15 17 18 -11 -20 24 -22 -23 -24 -21 -26 27 -7 -28 -29
right_child=1 -3 4 -5 -6 6 9 8 -10 16 -12 12 -14 15 -16 -17 -18 -19 19 20 21 22 23 -25 25 -27 28 29 -30 -31
leaf_value=0.00033111454040523844 -0.00019029324023630046 -2.6950462359049761e-06 -0.00073146409965280839 0.0012376533606304574 -0.0022346331720473245 3.6947791142777447e-05 1.5319815647828741e-05 1.2456325327678185e-05 -0.0029856135929003363 -0.0010245689949952067 0.0015241546478743356 -0.00013876098167637119 0.0015407707716803998 0.00019535972085297826 0.0011041309159323151 -0.0014968043365688236 0.00092054203046513172 -0.0016947956533049761 -0.00026286683255054559 -9.271883943430122e-05 0.0006902747179847211 -0.0014358224284548599 -0.00091579696745611736 0.00070248235970211687 0.00031469724624735027 0.0011838891237484625 0.00090381244736682733 -0.0016503389272838833 -0.00018809122575104846 -0.00037801308783088521
leaf_weight=158 63 9610 29 26 20 179 290 70 20 25 21 23 36 26 55 27 34 23 211 89 25 26 20 20 164 39 47 20 49 51
leaf_count=158 63 9610 29 26 20 179 290 70 20 25 21 23 36 26 55 27 34 23 211 89 25 26 20 20 164 39 47 20 49 51
internal_value=5.59788e-13 -7.34653e-06 -0.000331265 0.00022686 -0.001345 4.09691e-05 1.21371e-05 -0.000163416 -0.000653781 7.84639e-05 0.000238743 0.000179676 0.000886038 7.49638e-05 0.000188898 -0.000666686 -3.48695e-05 -8.54676e-05 -2.56703e-05 1.63709e-05 0.000170207 -0.000267481 -0.000630268 -0.000106657 0.00030661 0.000481685 -3.58644e-05 -0.000182687 0.000346487 -0.000736415
internal_weight=11496 9748 138 89 49 1748 1590 436 90 1154 478 457 59 398 345 53 676 642 619 594 383 91 66 40 292 203 346 250 96 71
internal_count=11496 9748 138 89 49 1748 1590 436 90 1154 478 457 59 398 345 53 676 642 619 594 383 91 66 40 292 203 346 250 96 71
is_linear=0
shrinkage=0.05


end of trees

feature_importances:
momentum_20d=981
downside_vol=900
hurst_60d=839
capture_down=836
calmar=819
capture_up=810
bias_60d=804
etf_flow_slope_5d=11

parameters:
[boosting: gbdt]
[objective: regression]
[metric: rmse]
[tree_learner: serial]
[device_type: cpu]
[data_sample_strategy: bagging]
[data: ]
[valid: ]
[num_iterations: 200]
[learning_rate: 0.05]
[num_leaves: 31]
[num_threads: 0]
[seed: 42]
[deterministic: 0]
[force_col_wise: 0]
[force_row_wise: 0]
[histogram_pool_size: -1]
[max_depth: -1]
[min_data_in_leaf: 20]
[min_sum_hessian_in_leaf: 0.001]
[bagging_fraction: 1]
[pos_bagging_fraction: 1]
[neg_bagging_fraction: 1]
[bagging_freq: 0]
[bagging_seed: 400]
[bagging_by_query: 0]
[feature_fraction: 0.9]
[feature_fraction_bynode: 1]
[feature_fraction_seed: 30056]
[extra_trees: 0]
[extra_seed: 12879]
[early_stopping_round: 0]
[early_stopping_min_delta: 0]
[first_metric_only: 0]
[max_delta_step: 0]
[lambda_l1: 0]
[lambda_l2: 0]
[linear_lambda: 0]
[min_gain_to_split: 0]
[drop_rate: 0.1]
[max_drop: 50]
[skip_drop: 0.5]
[xgboost_dart_mode: 0]
[uniform_drop: 0]
[drop_seed: 17869]
[top_rate: 0.2]
[other_rate: 0.1]
[min_data_per_group: 100]
[max_cat_threshold: 32]
[cat_l2: 10]
[cat_smooth: 10]
[max_cat_to_onehot: 4]
[top_k: 20]
[monotone_constraints: ]
[monotone_constraints_method: basic]
[monotone_penalty: 0]
[feature_contri: ]
[forcedsplits_filename: ]
[refit_decay_rate: 0.9]
[cegb_tradeoff: 1]
[cegb_penalty_split: 0]
[cegb_penalty_feature_lazy: ]
[cegb_penalty_feature_coupled: ]
[path_smooth: 0]
[interaction_constraints: ]
[verbosity: -1]
[saved_feature_importance_type: 0]
[use_quantized_grad: 0]
[num_grad_quant_bins: 4]
[quant_train_renew_leaf: 0]
[stochastic_rounding: 1]
[linear_tree: 0]
[max_bin: 255]
[max_bin_by_feature: ]
[min_data_in_bin: 3]
[bin_construct_sample_cnt: 200000]
[data_random_seed: 175]
[is_enable_sparse: 1]
[enable_bundle: 1]
[use_missing: 1]
[zero_as_missing: 0]
[feature_pre_filter: 1]
[pre_partition: 0]
[two_round: 0]
[header: 0]
[label_column: ]
[weight_column: ]
[group_column: ]
[ignore_column: ]
[categorical_feature: ]
[forcedbins_filename: ]
[precise_float_parser: 0]
[parser_config_file: ]
[objective_seed: 16083]
[num_class: 1]
[is_unbalance: 0]
[scale_pos_weight: 1]
[sigmoid: 1]
[boost_from_average: 1]
[reg_sqrt: 0]
[alpha: 0.9]
[fair_c: 1]
[poisson_max_delta_step: 0.7]
[tweedie_variance_power: 1.5]
[lambdarank_truncation_level: 30]
[lambdarank_norm: 1]
[label_gain: ]
[lambdarank_position_bias_regularization: 0]
[eval_at: ]
[multi_error_top_k: 1]
[auc_mu_weights: ]
[num_machines: 1]
[local_listen_port: 12400]
[time_out: 120]
[machine_list_filename: ]
[machines: ]
[gpu_platform_id: -1]
[gpu_device_id: -1]
[gpu_device_id_list: ]
[gpu_use_dp: 0]
[num_gpu: 1]

end of parameters

pandas_categorical:[]
